# ELP2000-82B 달 급수 — 잘라 낸 것. 손으로 고치지 않는다.
# tools/gen-elp2000.mjs 가 다시 만든다.
# 원천: https://cdsarc.cds.unistra.fr/ftp/VI/79/ELP1..ELP36 · 참조 구현 elp82b.f
# 받은 날: 2026-09-14
#
# 세 무리의 인자 구성을 t 의 다항식 하나로 폈다 — 자바는 갈래를 모른다.
# 항: amp · T^p · sin(a0 + a1·T + a2·T² + a3·T³ + a4·T⁴), T 는 J2000 기준 율리우스 세기(TT).
# V·U 는 초각, R 은 km. 상수 보정(DE200/LE200 적합)은 여기서 이미 먹였다.
# 줄 모양: <변수 V|U|R> <t차수> <진폭> <a0> <a1> <a2> <a3> <a4>
#
# 머리에 상수 줄이 넷 있다. 이것도 elp82b.f 의 값이라 자바가 따로 들고 있지 않는다.
#   W1    달의 평균황경 다항식(라디안). 황경 급수의 합에 더한다
#   SCALE 거리 급수에 곱하는 눈금 (a0/ath)
#   P · Q 황도면이 J2000 으로 돌아가는 회전. elp82b.f 의 p1..p5 · q1..q5
#
# V: 20560 항 중 7338 항을 남겼다 — 버린 진폭 합 4.999e-1 arcsec
# U: 7684 항 중 426 항을 남겼다 — 버린 진폭 합 1.999e+0 arcsec
# R: 9628 항 중 398 항을 남겼다 — 버린 진폭 합 4.992e+0 km
W1 3.810344430588308 8399.684731773914 -0.000028547283984772807 3.201709550047375e-8 -1.5363745554361197e-10
SCALE 0.9999999999235315
P 0.000010180391 4.7020439e-7 -5.417367e-10 -2.507948e-12 4.63486e-15
Q -0.000113469002 1.2372674e-7 1.265417e-9 -1.371808e-12 -3.20334e-15
V 0 22639.585779999783 2.3555558982657994 8328.691426955555 0.00015702775761561094 2.504111144298864e-7 -1.1863390776750345e-9
V 0 4586.438303048241 8.041377583789085 7214.062866667962 -0.0002139264608579883 -1.8646418989153864e-7 8.776097255444819e-10
V 0 2369.913939217018 10.396933482054886 15542.754293623517 -0.00005689870324237736 6.394692453834779e-8 -3.0872935213055254e-10
V 0 769.0257121206408 4.711111796531599 16657.38285391111 0.0003140555152312219 5.008222288597728e-7 -2.372678155350069e-9
V 0 -666.4171035052449 -0.04312518020812495 628.301955168488 -0.000002680534842854624 7.126761112310179e-10 7.272205216643039e-13
V 0 -411.5956722539517 3.255810466742936 16866.932316261078 -0.0001187842000086474 -9.899895368256725e-9 4.043346100453526e-11
V 0 211.65555045555556 5.685821685523287 -1114.6285602875923 -0.00037095421847359924 -4.3687530432142507e-7 2.0639488032195165e-9
V 0 205.43581754495605 8.084502763997211 6585.760911499474 -0.00021124592601513367 -1.8717686600276966e-7 8.768825050228176e-10
V 0 191.95619698055046 12.752489380320686 23871.44572057907 0.00010012905437323358 3.143580389682342e-7 -1.495068429805587e-9
V 0 164.72851067770688 10.440058662263011 14914.452338455028 -0.000054218168399522735 6.323424842711677e-8 -3.0945657265221686e-10
V 0 -147.32128695221752 -2.398681078473924 -7700.389471787066 -0.00015970829245846556 -2.496984383186554e-7 1.1870662981966987e-9
V 0 -124.98811884997961 5.198466741027443 7771.377146811758 -0.00002844935162118868 3.1973462269173895e-8 -1.5436467606527627e-10
V 0 -109.38029152528641 2.3124307180576746 8956.993382124043 0.00015434722277275631 2.5112379054111744e-7 -1.1856118571533702e-9
V 0 55.17704960898589 7.141123015311949 -1324.1780226375613 0.00006188549676627004 7.384681990660451e-8 -3.491628131350878e-10
V 0 -45.09960222672089 5.6113663650087355 25195.62374321663 0.00003824355760696354 2.405112190616297e-7 -1.1459056166704991e-9
V 0 39.53329484664211 -0.9002545684771368 -8538.240889305524 0.00027581195762425837 2.6031100979814315e-7 -1.2267725386795698e-9
V 0 38.42983453922982 18.438311065843973 22756.81716029148 -0.00027082516410036566 -1.2251726535319084e-7 5.688803734139294e-10
V 0 36.12381367876787 7.066667694797398 24986.074280866662 0.0004710832728468328 7.512333432896593e-7 -3.5590172330251036e-9
V 0 30.772574871068475 16.08275516757817 14428.125733335924 -0.0004278529217159766 -3.729283797830773e-7 1.7552194510889637e-9
V 0 -28.39708210160611 7.998252403580961 7842.364821836451 -0.00021660699570084292 -1.8575151378030762e-7 8.783369460661463e-10
V 0 -24.358212338620138 10.35380830184676 16171.056248792005 -0.00005957923808523198 6.465960064957881e-8 -3.080021316088882e-10
V 0 -18.584706787435177 2.8429108427616434 -557.3142801437962 -0.00018547710923679962 -2.1843765216071253e-7 1.0319744016097583e-9
V 0 17.954455689537255 5.155341560819318 8399.679101980246 -0.000031129886464043304 3.2686138380404915e-8 -1.5363745554361197e-10
V 0 14.53026832082162 12.795614560528811 23243.143765410583 0.0001028095892160882 3.136453628570032e-7 -1.4957956503272513e-9
V 0 14.379697344712016 15.108045278586484 32200.137147534624 0.0002571568119888445 5.647691533981206e-7 -2.6814075074806213e-9
V 0 14.24883 27.222815092233144 2.301196829917899 0 0 0
V 0 13.89905969743302 20.79386696410977 31085.508587247034 -0.00011379740648475472 1.2789384907669558e-7 -6.174587042611051e-10
V 0 13.194063384267789 3.3302657872574875 -9443.319987243145 -0.0005279819760892102 -6.872864187513115e-7 3.250287880894551e-9
V 0 -9.679050367322295 -4.7542369767397235 -16029.08089874262 -0.0003167360500740765 -5.001095527485419e-7 2.373405375871733e-9
V 0 -9.365862028414305 11.297188050532021 24080.99518292904 -0.00033271066086663567 -1.9636408525979537e-7 9.180431865490172e-10
V 0 8.605526075202382 5.728946865731412 -1742.9305154560807 -0.0003682736836307446 -4.375879804326561e-7 2.063221582697852e-9
V 0 -8.453098171936281 7.554022639293242 16100.068573767312 0.00012857840599442226 2.823845766990603e-7 -1.3407037537403106e-9
V 0 8.050161806582173 10.483183842471135 14286.15038328654 -0.00005153763355666811 6.252157231588575e-8 -3.1018379317388114e-10
V 0 -7.630150262676135 4.667986616323474 17285.684809079597 0.0003113749803883673 5.015349049710038e-7 -2.3719509348284047e-9
V 0 -7.447485471464419 -0.0862503604162499 1256.603910336976 -0.000005361069685709248 1.4253522224620359e-9 1.4544410433286078e-12
V 0 7.37119145052019 8.127627944205337 5957.4589563309855 -0.00020856539117227905 -1.8788954211400069e-7 8.761552845011533e-10
V 0 7.06304 2.1824556033118085 -33.757044608271826 0 0 0
V 0 -6.383148086356698 9.49667891357775 7004.513404317993 0.00021891325438188098 3.242579343364909e-7 -1.5355018908101224e-9
V 0 -5.741606247250193 13.652743948797822 32409.686609884593 -0.00017568290325102476 5.4047029170091065e-8 -2.682958911260173e-10
V 0 4.374006618992986 18.4814362460521 22128.51520512299 -0.000268144629257511 -1.2322994146442186e-7 5.681531528922651e-10
V 0 -3.9976127354056374 7.966922263274535 33524.31517017219 0.00019527131522257448 4.909223334915161e-7 -2.3322446943455336e-9
V 0 -3.2096876157228866 13.23984432481653 14985.44001347972 -0.00024237581247917698 -1.5449072762236473e-7 7.232450494792057e-10
V 0 -2.9145384452924774 12.70936420011256 24499.74767574756 0.00009744851953037896 3.150707150794652e-7 -1.4943412092839226e-9
V 0 2.7318871580458453 16.1258803477863 13799.823778167436 -0.000425172386873122 -3.7364105589430826e-7 1.7544922305672995e-9
V 0 -2.5679425540909007 -2.4418062586820493 -7072.087516618579 -0.0001623888273013202 -2.489857622074244e-7 1.1877935187183631e-9
V 0 -2.521195632587292 7.955127223372837 8470.666777004937 -0.00021928753054369755 -1.850388376690766e-7 8.790641665878105e-10
V 0 2.488885442458337 5.642696505315161 -486.326605119104 -0.0003736347533164539 -4.3616262821019404e-7 2.0646760237411807e-9
V 0 2.146072399945245 7.184248195520075 -1952.4799778060496 0.00006456603160912467 7.31341437953735e-8 -3.498900336567521e-10
V 0 1.9777270098531954 23.14942286237557 39414.200014202586 0.00004323035113085622 3.78304963506582e-7 -1.8037977819361394e-9
V 0 1.9336824423566752 9.422223593063197 33314.76570782222 0.0006281110304624438 0.0000010016444577195457 -4.745356310700138e-9
V 0 1.870763523432673 20.836992144317897 30457.206632078545 -0.0001111168716419001 1.2718117296546456e-7 -6.181859247827694e-10
V 0 -1.7529659058834621 0.48735494449584404 -8886.00570709935 -0.0003425048668524106 -4.6884876659059895e-7 2.2183134792847925e-9
V 0 -1.4371612257872322 7.097997835103824 -695.876067469073 0.00005920496192341542 7.455949601783553e-8 -3.4843559261342347e-10
V 0 -1.3725698661367376 1.4553013297886626 -209.54946234996896 0.00043283971523986925 5.107221242280296e-7 -2.4131116163546042e-9
V 0 1.261815334548221 7.510897459085117 16728.3705289358 0.00012589787115156764 2.8309725281029133e-7 -1.3399765332186464e-9
V 0 -1.2241239477742394 10.88428842655073 6656.748586524165 -0.0003994035700947879 -4.049018420522512e-7 1.90958412715424e-9
V 0 1.1868256821760201 13.727199269312372 6099.434306380372 -0.0005848806793315876 -6.233394942129637e-7 2.9415585287639984e-9
V 0 1.1770005002971526 15.15117045879461 31571.83519236614 0.00025983734683169917 5.640564772868897e-7 -2.682134728002286e-9
V 0 -1.1616851618482078 2.2693055378495495 9585.295337292531 0.0001516666879299017 2.5183646665234846e-7 -1.1848846366317058e-9
V 0 1.14307 13.492908309747962 8364.739843573328 0 0 0
V 0 1.077692201532093 2.7997856625535187 70.98767502469127 -0.00018815764407965424 -2.177249760494815e-7 1.0327016221314225e-9
V 0 1.0594959939813802 17.463601176852283 40528.82857449018 0.00041418456960445546 8.15180267828007e-7 -3.867746585155656e-9
V 0 -0.9902152062436256 16.008299847063622 40738.37803684015 -0.00001865514563541382 3.0445814359997747e-7 -1.4546349688010517e-9
V 0 0.9482760727769559 0.9747098889916881 -17772.0114141987 -0.0006850097337048212 -9.376975331811979e-7 4.436626958569585e-9
V 0 0.90114 -35.82391045279941 -0.3523158167995746 0 0 0
V 0 0.82155 4.5644414458768265 393.0209696589535 0 0 0
V 0 0.78811 24.86727018954163 -8326.390230125637 0 0 0
V 0 0.7516753753405784 12.838739740736933 22614.841810242095 0.00010549012405894283 3.1293268674577216e-7 -1.4965228708489155e-9
V 0 0.7393 29.57842317584358 8330.992623785472 0 0 0
V 0 -0.6693782779112403 -7.109792875005523 -24357.772325698174 -0.00047376380768968747 -7.505206671784283e-7 3.5597444535467678e-9
V 0 0.64371 15.45067536554052 8393.125775644823 0 0 0
V 0 0.6388 1.1753721969397428 575.3384884526834 0 0 0
V 0 -0.6352077347583 18.395185885635847 23385.119115459966 -0.0002735056989432203 -1.2180458924195982e-7 5.696075939355937e-10
V 0 -0.5839922398837608 9.909578537559042 24428.76000072287 0.00028560616361003317 5.327956911289467e-7 -2.5270428314153453e-9
V 0 -0.5833098502330389 1.9426562742845066 -9095.555169449319 0.00009033484838745872 4.187335763743062e-8 -1.9479813706981153e-10
V 0 0.5715624455486874 26.47968864963306 29970.88002695944 -0.00048475162495835396 -3.0898145524472946e-7 1.4464900989584113e-9
V 0 0.56341 29.962778605897057 -0.3286356309313305 0 0 0
V 0 -0.5606420150197801 2.4300112187803506 -17981.56087654867 -0.0002521700184649518 -4.2697540895316834e-7 2.0235153422149812e-9
V 0 -0.5569196708493391 5.2415919212355675 7143.07519164327 -0.000025768816778334056 3.1260786157942874e-8 -1.5509189658694057e-10
V 0 -0.545922295332263 7.023542514589273 25614.37623603515 0.00046840273800397817 7.519460194008902e-7 -3.5582900125034393e-9
V 0 -0.5357122838542843 8.941632152266223 15752.303755973486 -0.0004897384184822467 -4.467751996896818e-7 2.104382264224052e-9
V 0 0.49331 4.538017261164139 8294.934382347283 0 0 0
V 0 0.49141 -0.1730945353674591 -8362.448471563826 0 0 0
V 0 0.47840441076242296 3.373390967465613 -10071.621942411633 -0.0005253014412463556 -6.879990948625425e-7 3.2495606603728865e-9
V 0 -0.4537934801492974 11.852234811843548 15333.204831273546 0.00037594101199749195 5.746690487663773e-7 -2.7218409684851566e-9
V 0 0.44532 9.925433608133137 8311.770747063858 0 0 0
V 0 -0.426217343916485 11.340313230740147 23452.693227760552 -0.0003300301260237811 -1.970767613710264e-7 9.17315966027353e-10
V 0 0.4203253264023018 6.511620933485872 33733.864632522156 -0.0002375684000172948 -1.979979073651345e-8 8.086692200907052e-11
V 0 0.41339757059148174 3.2126852865348114 17495.234271429566 -0.00012146473485150202 -9.187219257025708e-9 4.116068152619956e-11
V 0 0.40422722435341507 15.59540022308233 23314.131440435274 -0.00008534805486356604 9.592038680752169e-8 -4.630940281958288e-10
V 0 0.394511466220774 28.83524454789886 38299.57145391499 -0.000327723867342743 -5.857034081484304e-8 2.601510212833769e-10
V 0 -0.3821293826531899 13.695869129005947 31781.38465471611 -0.00017300236840817014 5.3334353058860045e-8 -2.690231116476816e-10
V 0 -0.37451003268772687 9.539804093785875 6376.211449149505 0.0002215937892247356 3.235452582252599e-7 -1.5362291113317866e-9
V 0 0.36061 5.438262055797465 16833.175271652806 0 0 0
V 0 -0.35757765071651765 16.03962998737005 15056.427688504413 -0.0004305334565588312 -3.722157036718462e-7 1.7559466716106282e-9
V 0 0.3496480742815911 0.4442297642877193 -8257.703751930863 -0.0003451854016952652 -4.6813609047936793e-7 2.2190406998064567e-9
V 0 0.34355 5.803467271561511 157.73435435575175 0 0 0
V 0 0.33979203489338344 10.52630902267926 13657.848428118054 -0.00004885709871381349 6.180889620465474e-8 -3.1091101369554547e-10
V 0 -0.32865581190371806 10.322478161540335 41853.006597127736 0.0003522990728381854 7.413334479214025e-7 -3.5185837720205683e-9
V 0 0.32455 -5.100940096729716 -39.81490133630393 0 0 0
V 0 0.30871761179214624 18.524561426260224 21500.213249954504 -0.0002654640944146564 -1.2394261757565288e-7 5.674259323706007e-10
V 0 0.3015539867982457 -5.65449154521686 -24567.321788048146 -0.00004092409244981816 -2.397985429503987e-7 1.1466328371921634e-9
V 0 0.30155 2.848921556768351 786.041939317907 0 0 0
V 0 0.30085535746880604 15.182500599101036 5889.884844030403 -0.00015204096409171826 -1.1261736998493412e-7 5.284469124093942e-10
V 0 0.294198957132028 5.772072045939536 -2371.232470624569 -0.00036559314878789 -4.383006565438871e-7 2.0624943621761877e-9
V 0 0.29255151442959165 24.12413275136726 21642.188600003887 -0.0006417793825739649 -5.593925696746159e-7 2.632829176633446e-9
V 0 -0.2902203546402672 15.064920098378359 32828.439102703116 0.00025447627714598987 5.654818295093517e-7 -2.680680286958957e-9
V 0 0.28938 6.984454848948718 -33.781426356625275 0 0 0
V 0 -0.2890998380717041 20.750741783901645 31713.810542415522 -0.00011647794132760934 1.286065251879266e-7 -6.167314837394407e-10
V 0 0.28281 7.569325138626154 -16.920679891697745 0 0 0
V 0 0.28250035911531046 23.192548042583695 38785.8980590341 0.000045910885973710845 3.77592287395351e-7 -1.8045250024578039e-9
V 0 0.27376033109557757 13.196719144608405 15613.741968648208 -0.0002450563473220316 -1.537780515111337e-7 7.2397227000087e-10
V 0 0.2633660273517885 5.568241184800611 25823.925698385123 0.000035563022764108915 2.412238951728607e-7 -1.145178396148835e-9
V 0 0.2542856774887287 8.454277207770378 24638.309463072837 -0.00014723355162983608 2.207356690091717e-8 -1.1393121506074101e-10
V 0 -0.25303563377877913 12.339589756339393 6447.199124174196 0.00003343614514508136 1.0582028217577842e-7 -5.035274892003641e-10
V 0 -0.24988218348421065 5.599571325107037 141.97535004938254 -0.0003763152881593085 -4.35449952098963e-7 2.065403244262845e-9
V 0 0.24694273034572545 8.170753124413462 5329.157001162499 -0.00020588485632942443 -1.8860221822523168e-7 8.75428063979489e-10
V 0 0.24515 7.995177690586829 36.04841661777431 0 0 0
V 0 -0.23140185805839836 13.282969505024656 14357.138058311231 -0.00023969527763632235 -1.5520340373359575e-7 7.225178289575413e-10
V 0 0.22653 6.72867509480686 2.629832460851503 0 0 0
V 0 0.21853112454481052 25.50497876064137 47742.89144115814 0.00020025810874646716 6.287160779364684e-7 -2.990136859611174e-9
V 0 0.21118 -6.857026889578308 -6638.724378215279 0 0 0
V 0 -0.2013370173866436 21.69412153258691 39623.74947655256 -0.0003896093641090131 -1.3241716072144757e-7 6.093138344184646e-10
V 0 0.19443 -2.6209396259892017 588.4926836258514 0 0 0
V 0 -0.19309621888121814 -4.797362156947848 -15400.778943574132 -0.0003194165849169311 -4.993968766373108e-7 2.3741325963933974e-9
V 0 -0.18574679866535543 10.310683121638636 16799.35820396049 -0.00006225977292808661 6.537227676080983e-8 -3.0727491108722393e-10
V 0 0.18457 5.457051376915859 1150.6769769053667 0 0 0
V 0 0.18256 6.235206574403698 -7178.014450050187 0 0 0
V 0 0.17902695036433208 4.785567117046149 -9652.869449593116 -0.0000951422608493409 -1.7656429452328192e-7 8.371762645399466e-10
V 0 0.176234283465467 3.287140607049362 -8815.018032074657 -0.0005306625109320648 -6.865737426400804e-7 3.2510151014162154e-9
V 0 0.17511 7.244281610503948 550.7553240147049 0 0 0
V 0 0.17083 -38.19690760081332 -8329.043742772355 0 0 0
V 0 0.17082 -33.48579737507804 8328.339111138755 0 0 0
V 0 -0.16976761277048513 19.338565634321107 31295.058049597003 -0.000546637121724624 -3.82828275151334e-7 1.795652912093499e-9
V 0 0.1671 19.181389337356702 -7211.761669838044 0 0 0
V 0 0.16497 -9.211544840537947 -14967.415805170835 0 0 0
V 0 0.1644 16.825874977927104 -15540.453096793599 0 0 0
V 0 0.16425 5.807922942098438 522.3693919432112 0 0 0
V 0 0.16376 2.8986801889205793 -0.7113547000559208 0 0 0
V 0 0.16302 37.61975555560504 15545.055490453435 0 0 0
V 0 0.1609 -5.19058346326627 -6428.020927350055 0 0 0
V 0 0.15779874125045584 16.169005527994422 13171.521822998948 -0.00042249185203026735 -3.7435373200553933e-7 1.7537650100456353e-9
V 0 0.15711 35.264186741902776 7216.364063497882 0 0 0
V 0 0.1535 2.2088680943185075 -7935.670457296601 0 0 0
V 0 0.1522588712672188 20.880117324526022 29828.904676910057 -0.00010843633679904547 1.2646849685423354e-7 -6.189131453044337e-10
V 0 0.14989465656636866 15.552275042874204 23942.433395603763 -0.00008802858970642066 9.663306291875271e-8 -4.6236680767416445e-10
V 0 0.14347 -1.1800629245418184 -7753.352938502871 0 0 0
V 0 0.13971 -27.762866324465925 7213.710550851163 0 0 0
V 0 0.1396 -43.84565151170723 -7214.415182484761 0 0 0
V 0 -0.1363551817755378 2.886036022969768 -1185.6162353122845 -0.000182796574393945 -2.1915032827194355e-7 1.0312471810880938e-9
V 0 0.13593 17.169874059646347 8000.1048059858695 0 0 0
V 0 0.13432 -7.545182572036126 -14756.71235430561 0 0 0
V 0 0.13122 -3.4773815459373667 -6821.041897009009 0 0 0
V 0 -0.12812062905785798 -1.8682009537699553 -17214.697134054903 -0.0004995326244680215 -7.192598810204854e-7 3.404652556959827e-9
V 0 0.12722 6.920088624862505 8721.712396614508 0 0 0
V 0 0.12616048484413014 31.19080044616466 46628.26288087055 -0.00017069610972713208 1.9184077361504338e-7 -9.261880563916576e-10
V 0 0.12537 1.9145755866219636 -7149.628517978694 0 0 0
V 0 -0.12385834524328818 18.36385574532942 49067.069463795706 0.00013837261198019712 5.548692580298639e-7 -2.640974046476086e-9
V 0 -0.12072578938500593 7.597147819501367 15471.766618598824 0.00013125894083727688 2.816719005878293e-7 -1.341430974261975e-9
V 0 0.1110008916610703 11.777779491328996 41643.457134777775 0.0007851387880780547 0.000001252055572149432 -5.931695388375172e-9
V 0 0.10993 3.528882220256355 8904.029915408237 0 0 0
V 0 0.10651 23.402523674093594 18.048941548953735 0 0 0
V 0 0.10489 30.68262812439479 4.9310292907721305 0 0 0
V 0 0.10386 10.075843624337423 -6.558956129091257 0 0 0
V 0 -0.10134867537740934 -0.12937554062437484 1884.9058655054641 -0.000008041604528563872 2.138028333693054e-9 2.181661564992912e-12
V 0 0.0998167550639198 13.770324449520498 5471.132351211883 -0.0005822001444887329 -6.240521703241947e-7 2.940831308242334e-9
V 0 0.09922 -5.832987011553925 -15149.733323964563 0 0 0
V 0 0.09642 12.579388387234992 15508.997249015245 0 0 0
V 0 0.09518 2.6720072313245558 -7230.98354655966 0 0 0
V 0 0.09319702826030411 17.50672635706041 39900.52661932169 0.00041686510444731005 8.144675917167761e-7 -3.86847380567732e-9
V 0 0.09204688700937419 9.866453357350917 25057.061955891353 0.0002829256287671786 5.335083672401778e-7 -2.526315610893681e-9
V 0 0.09178 -16.068566934727173 -79.62980267260787 0 0 0
V 0 -0.09153884065202653 0.07445532051455128 -26310.252303504225 -0.0004091977760805628 -6.773865233830548e-7 3.209854419890016e-9
V 0 0.09091696689983418 8.86717683175167 42062.55605947771 -0.00008054064240168386 2.3061132369337297e-7 -1.105472155665964e-9
V 0 0.09032699478060902 26.522813829841184 29342.578071790955 -0.0004820710901154993 -3.096941313559605e-7 1.4457628784367471e-9
V 0 0.09009 -25.414661578476597 15542.401977806716 0 0 0
V 0 0.09002 -46.208582996859036 -15543.106609440318 0 0 0
V 0 0.08911 -2.5769082084863997 -6063.385889762595 0 0 0
V 0 0.08634 5.6033405366082425 52.96909650947205 0 0 0
V 0 -0.0849987385193876 24.049677430852707 47952.44090350811 -0.00023258160649340212 1.1799395370843885e-7 -5.770252432565699e-10
V 0 0.08471547920641856 9.453553733369624 7632.815359486482 0.00021623271953902636 3.2497061044772194e-7 -1.534774670288458e-9
V 0 0.08408 -4.930752287821845 -14392.07731671815 0 0 0
V 0 -0.08310716185804999 10.927413606758856 6028.446631355677 -0.0003967230352519333 -4.0561451816348214e-7 1.908856906632576e-9
V 0 -0.08281558084813738 -0.9433797486852615 -7909.938934137035 0.0002731314227814037 2.6102368590937417e-7 -1.2260453181579055e-9
V 0 0.08277 6.774270374200931 -77.55226094745058 0 0 0
V 0 0.08235 16.873846520140393 8786.146745303777 0 0 0
V 0 -0.08048569149304159 0.8571293882690121 9166.542844474012 -0.00027849249246711296 -2.595983336869121e-7 1.227499759201234e-9
V 0 -0.08018730329129607 -4.156065035220073 -25405.1732055666 0.00039459615763290574 2.7021090516639987e-7 -1.2672059996841049e-9
V 0 0.07765057203011536 19.819157075118085 48857.52000144574 0.0005712123272200663 0.0000010655913822578935 -5.054085662830691e-9
V 0 0.07667 15.989080322840708 8315.573514697371 0 0 0
V 0 -0.07517736689244475 3.885312548569013 -18191.110338898638 0.00018066969677491744 8.374671527486124e-8 -3.8959627413962306e-10
V 0 0.07500610055323817 -3.298935646951061 -16238.63036109259 0.00011610366516579278 1.0612571479487742e-8 -3.970624048287096e-11
V 0 -0.07372613121994247 16.051425027271748 40110.076081671665 -0.000015974610792559196 3.0374546748874645e-7 -1.455362189322716e-9
V 0 0.07199 9.954578025493404 64.43434868926806 0 0 0
V 0 0.07141757072051812 28.878369728106986 37671.26949874651 -0.0003250433324998884 -5.928301692607406e-8 2.5942380076171257e-10
V 0 0.06863 15.84867399658985 16693.431270528883 0 0 0
V 0 0.06850055286096865 -1.3808460092741104 -26100.702841154256 -0.0008420374913204322 -0.0000011881086476110843 5.622966036244619e-9
V 0 0.06826 0.520792977408437 -8329.40278165561 0 0 0
V 0 0.06826 5.2319515487639885 8327.9800722555 0 0 0
V 0 0.06741641313718931 11.254062870323896 24709.29713809753 -0.0003353911957094903 -1.9565140914856435e-7 9.187704070706816e-10
V 0 0.06711 9.506359893703888 8346.715635264442 0 0 0
V 0 -0.06600899377887524 19.893612395632633 22547.26769794151 0.00016201455113950362 3.882048588748387e-7 -1.8442312429406747e-9
V 0 0.06569 -8.214476831545525 -15576.511338231789 0 0 0
V 0 0.06540650518468386 13.609618768589696 33037.988565053085 -0.00017836343809387938 5.4759705281322085e-8 -2.6756867060435295e-10
V 0 0.06514 12.430406779324688 8322.132470826462 0 0 0
V 0 -0.06512534481101676 4.624861436115349 17913.986764248086 0.00030869444554551263 5.022475810822349e-7 -2.3712237143067405e-9
V 0 0.06506739334621038 15.638525403290455 22685.829485266786 -0.00008266752002071141 9.520771069629067e-8 -4.638212487174931e-10
V 0 0.06456 10.223824111388783 7180.30582205969 0 0 0
V 0 0.06438542840994514 15.194295639002734 30943.533237197647 0.00026251788167455377 5.633438011756586e-7 -2.68286194852395e-9
V 0 0.06406 -2.8266914088656243 8288.87652561925 0 0 0
V 0 0.06369 18.835011117873094 6.033474979678658 0 0 0
V 0 0.06323 -7.540870272491752 -8368.506328291858 0 0 0
V 0 0.06313417958526389 7.227373375728199 -2580.781932974538 0.00006724656645197929 7.242146768414247e-8 -3.506172541784164e-10
V 0 0.06245 9.339998529909753 8294.910000598928 0 0 0
V 0 0.06188 -2.2097700196318186 -7056.32851231221 0 0 0
V 0 0.06174 4.628887780575706 -8362.47285331218 0 0 0
V 0 0.06154 10.240213304879944 16833.150889904453 0 0 0
V 0 -0.06102676290932679 4.828692297254275 -10281.171404761604 -0.00009246172600648627 -1.7727697063451294e-7 8.364490440182823e-10
V 0 0.0603 3.425964730616509 -8170.957072599802 0 0 0
V 0 0.05946 13.6318530972832 -13.117912258182514 0 0 0
V 0 0.05904 -10.677957803337108 -6625.57018304211 0 0 0
V 0 0.05756 -1.1619713295775753 -7161.09377015849 0 0 0
V 0 -0.05725024744601576 21.281221908605616 22199.502880147684 -0.0004563022733371653 -3.409549175139034e-7 1.6008547750236875e-9
V 0 -0.056839235213631316 3.810857228054462 8119.141964605584 0.0005898674728554802 7.61133238657916e-7 -3.599450694029639e-9
V 0 0.05635 0.4967522953831218 -7542.649487637647 0 0 0
V 0 0.0554 8.134847218094535 8486.425781311307 0 0 0
V 0 0.05354 22.511714291275833 -16655.081657081188 0 0 0
V 0 0.05274 14.856690460945458 7267.031963177435 0 0 0
V 0 0.05272 17.253492166699175 12.619240695051303 0 0 0
V 0 0.05167 5.032036408463218 1097.7078803958946 0 0 0
V 0 0.051647338978221734 -8.010047443482659 -32896.013215003695 -0.00019795185006542907 -4.902096573802851e-7 2.332971914867198e-9
V 0 -0.05141432377169647 -2.4849314388901744 -6443.78556145009 -0.0001650693621441748 -2.4827308609619336e-7 1.1885207392400273e-9
V 0 0.05108 9.20541037657862 7789.401355120645 0 0 0
V 0 0.05071 5.203645456579725 9114.733366273462 0 0 0
V 0 -0.05069828927347295 23.106297682167444 40042.50196937108 0.000040549816288001597 3.7901763961781305e-7 -1.8030705614144752e-9
V 0 0.05036 3.082702666873162 8504.483844697252 0 0 0
V 0 0.05022 31.933979074109377 16659.684050741023 0 0 0
V 0 0.04962 -5.858933325117415 -7247.819911276234 0 0 0
V 0 0.04746 -4.958670553592794 1290.4209780292895 0 0 0
V 0 -0.04701854751128408 -9.465348773271323 -32686.46375265373 -0.0006307915653052984 -0.0000010009317816083147 4.7460835312218024e-9
V 0 0.04667 -13.79240521265633 548.6777822895474 0 0 0
V 0 0.04662 -0.8038458596342997 -6663.307542653258 0 0 0
V 0 0.04626 8.833533936260874 1572.083878635814 0 0 0
V 0 0.04612 -13.038557354075323 -14954.261609997666 0 0 0
V 0 0.0457 -2.146394651541442 -6691.693474724751 0 0 0
V 0 0.04478 1.479385938018186 -235.28661530320187 0 0 0
V 0 0.04449931413338749 10.809833106036178 32967.00089002839 0.000009794205985774859 2.724846813308036e-7 -1.3002702927357753e-9
V 0 -0.04442019195008308 8.52873252828493 -1671.9428404313876 -0.0005564313277103989 -6.553129564821376e-7 3.0959232048292748e-9
V 0 0.0434 7.393909388269525 1179.0629089768604 0 0 0
V 0 0.04337776535554442 7.92379708306641 34152.61712534068 0.00019259078037971988 4.916350096027471e-7 -2.3315174738238694e-9
V 0 0.04303679580864692 5.284717101443693 6514.773236474783 -0.00002308828193547943 3.054811004671186e-8 -1.5581911710860487e-10
V 0 0.04282 -17.763926218904253 8351.23333258336 0 0 0
V 0 0.0428 27.369143501520007 -15.732484807673245 0 0 0
V 0 0.04214 -4.56856018753449 -15385.019939267764 0 0 0
V 0 0.04213 -4.980832667446206 -7740.198743329703 0 0 0
V 0 -0.041888564277954156 10.841163246342605 7285.0505416926535 -0.00040208410493764254 -4.041891659410201e-7 1.9103113476759044e-9
V 0 -0.04074023016151185 12.26513443582484 32757.45142767842 0.00044263392122564416 7.832068055588332e-7 -3.71338190909038e-9
V 0 0.04046 3.39243508328678 -8275.722330446082 0 0 0
V 0 0.0404 8.080630008607994 8381.660523465027 0 0 0
V 0 0.04014 -9.338907300028636 254.4314404766218 0 0 0
V 0 -0.040119358521312036 4.298212172550306 -766.863742493766 0.00024736260600306966 2.9228447206731703e-7 -1.381137214744846e-9
V 0 -0.039677055794669604 5.112216380611192 9027.981057148734 -0.00003381042130689793 3.339881449163593e-8 -1.5291023502194767e-10
V 0 -0.039468782533558504 9.379098412855072 33943.0676629907 0.0006254304956195892 0.0000010023571338307767 -4.744629090178473e-9
V 0 0.03945 4.891880394861128 -7777.93610294085 0 0 0
V 0 0.038998738458432214 24.167257931575385 21013.886644835402 -0.0006390988477311103 -5.601052457858469e-7 2.6321019561117818e-9
V 0 0.03897 0.8870101641616118 606.9776754183554 0 0 0
V 0 0.03878 -1.2732922563404934 -7211.433034207111 0 0 0
V 0 0.03878 4.332908904970214 -8326.061594494702 0 0 0
V 0 0.03874 9.044003597275143 8331.321259416407 0 0 0
V 0 0.0385 14.808785374422055 7216.692699128814 0 0 0
V 0 0.03838 7.79381777953034 25161.866698608363 0 0 0
V 0 0.0378 3.452291645608952 -7806.322035012343 0 0 0
V 0 0.03759 18.297625921984594 9179.16771496273 0 0 0
V 0 0.03726 8.04350758360822 7214.062866667962 0 0 0
V 0 0.03668 -3.1602571437665024 -14991.998969608812 0 0 0
V 0 0.03638 7.506471048023473 -67.51408921654365 0 0 0
V 0 -0.0358680440151852 8.411152027562254 25266.611418241322 -0.0001499140864726907 2.278624301214819e-8 -1.132039945390767e-10
V 0 0.03553 19.525238844359052 16328.796232941424 0 0 0
V 0 0.03549 3.0071699764764475 7174.247965331659 0 0 0
V 0 -0.03513749089380507 15.996504807161921 15684.729643672901 -0.00043321399140168584 -3.7150302756061525e-7 1.7566738921322926e-9
V 0 0.03489 20.032843807828073 15.419109088100413 0 0 0
V 0 0.03474 -4.501359232256667 -15020.384901680307 0 0 0
V 0 0.03451 13.863419870980795 7371.797221023715 0 0 0
V 0 0.03402 6.893572984897013 16623.625809302837 0 0 0
V 0 0.03337 7.812139352409199 9479.36840386092 0 0 0
V 0 -0.03335956821373712 14.207790710109347 23661.896258229102 0.0005329687696131028 8.250801631962638e-7 -3.908180046160192e-9
V 0 0.03317 -25.78875881563475 8311.418431247057 0 0 0
V 0 0.03309 -3.5991199741107085 -15489.785197114044 0 0 0
V 0 0.03305 10.255472015744221 1965.1048482947676 0 0 0
V 0 0.03299636944758035 12.881864920945059 21986.539855073606 0.00010817065890179745 3.122200106345412e-7 -1.49725009137058e-9
V 0 0.03279 -2.5286502591003335 -16691.13989851938 0 0 0
V 0 0.03273893500673652 25.548103940849494 47114.58948598965 0.00020293864358932178 6.280034018252374e-7 -2.9908640801328383e-9
V 0 0.03259 -6.54322309140413 8917.184110581406 0 0 0
V 0 0.03245 24.65519086939045 2.0775417251575163 0 0 0
V 0 0.03238 30.661261578108075 -75.2510641175304 0 0 0
V 0 0.03194 -13.093760526333218 -7253.877768004266 0 0 0
V 0 0.03174 12.281265093887825 16640.462174019412 0 0 0
V 0 0.03111 11.558431358638824 16118.092782076199 0 0 0
V 0 0.03111 32.31359715697417 8328.362791324624 0 0 0
V 0 0.03091 27.60374548816251 -8329.020062586485 0 0 0
V 0 0.0303 17.805556344984574 16721.817202600378 0 0 0
V 0 -0.02978952669840833 9.984033858073595 -1881.4923027813584 -0.00012359161247052958 -1.44590832254108e-7 6.828115884746704e-10
V 0 0.02952 13.5738291057562 8157.839160341622 0 0 0
V 0 0.02948908127823996 1.0178350691998137 -18400.31336936719 -0.0006823291988619665 -9.384102092924289e-7 4.435899738047921e-9
V 0 0.02923 5.098362075642772 -15.999509157885655 0 0 0
V 0 0.02911 9.601469391620363 8879.446750970259 0 0 0
V 0 0.02889 8.172060449763368 8851.060818898764 0 0 0
V 0 -0.028868509584793603 11.895359992051674 14704.902876105061 0.00037862154684034654 5.739563726551464e-7 -2.7225681890068212e-9
V 0 0.02848 17.040009240109896 15595.72339013299 0 0 0
V 0 0.0281 27.108600595205576 -16864.631119431157 0 0 0
V 0 0.0281 33.620221528691445 16869.233513090992 0 0 0
V 0 -0.028038551498779034 2.4731363989884763 -18609.86283171716 -0.0002494894836220972 -4.2768808506439936e-7 2.0227881216933166e-9
V 0 0.02681914607534109 13.684074089104246 6727.73626154886 -0.0005875612141744422 -6.226268181017326e-7 2.9422857492856626e-9
V 0 0.026768615776657505 1.4121761495805378 418.7524928185194 0.00043015918039701465 5.114348003392605e-7 -2.41238439583294e-9
V 0 -0.026759156631173703 17.420475996644157 41157.130529658665 0.00041150403476160086 8.158929439392381e-7 -3.867019364633992e-9
V 0 0.02611 -76.31379510435309 15.54203245879853 0 0 0
V 0 -0.026019711176632113 12.678034059806134 50181.69802408329 0.0005093268304537964 9.91744562351289e-7 -4.7049228496956025e-9
V 0 0.02587 8.173965803163933 315.4687087115035 0 0 0
V 0 0.0254 7.240810099667813 19.187670152846778 0 0 0
V 0 0.02514 17.26513404586262 -62.13315185934789 0 0 0
V 0 0.02513 5.3319440263235975 15502.939392287211 0 0 0
V 0 0.02509914632108936 31.233925626372784 45999.960925702064 -0.00016801557488427745 1.9112809750381236e-7 -9.269152769133219e-10
V 0 0.024288739290388783 -1.4984265099967873 837.8514175184573 -0.00043552025008272385 -5.100094481167986e-7 2.4138388368762684e-9
V 0 0.02418 -3.6391702063355105 -15540.124461162664 0 0 0
V 0 0.024108270631263605 23.23567322279182 38157.59610386561 0.00004859142081656547 3.7687961128411993e-7 -1.8052522229794683e-9
V 0 0.02393 17.151311517157087 15545.38412608437 0 0 0
V 0 -0.023909618138649127 17.538056497366835 14218.576270985955 0.000004986793523892682 1.377937444449523e-7 -6.578921652656403e-10
V 0 -0.02378961017702937 -0.41289962398129276 -17424.246596404875 -0.00006669290922815222 -2.085377567924558e-7 9.91540940605223e-10
V 0 -0.02348788846071101 7.0548726548957 -67.57411230058642 0.00005652442708056079 7.527217212906656e-8 -3.477083720917592e-10
V 0 0.02338 4.009005916595336 18.024208308887154 0 0 0
V 0 0.02314 5.27122575107408 469.4002954337392 0 0 0
V 0 0.02301 -15.4962736354593 -15582.569194959822 0 0 0
V 0 0.02299 14.85788928921141 7136.510605720512 0 0 0
V 0 0.02296 3.0788121642488857 80.18209340830163 0 0 0
V 0 0.022959247592637164 -1.91132613397808 -16586.395178886414 -0.0005022131593108762 -7.185472049092543e-7 3.405379777481492e-9
V 0 0.022888787499854124 15.225625779309162 5261.582888861911 -0.0001493604292488636 -1.1333004609616514e-7 5.277196918877297e-10
V 0 0.022850114760163083 33.54635634443046 54956.954307826105 -0.000013668352111521139 4.422518880449298e-7 -2.112527134066692e-9
V 0 -0.02272880827894973 21.737246712795034 38995.44752138406 -0.0003869288292661584 -1.3312983683267859e-7 6.085866138968004e-10
V 0 0.02267 18.146513392624342 8550.860130000576 0 0 0
V 0 0.02263 11.678028639914471 2358.125817953721 0 0 0
V 0 0.022439230074951338 17.907830941140002 32271.124822559315 0.00006899916790919028 3.4704417734863916e-7 -1.6487058853491988e-9
V 0 0.02206 8.041377583789085 7214.062866667962 0 0 0
V 0 0.02201 14.961458005604106 15935.775263282472 0 0 0
V 0 0.02172 16.200968683754997 15700.48864797927 0 0 0
V 0 -0.021708437659199616 18.35206070542772 24013.421070628458 -0.0002761862337860749 -1.210919131307288e-7 5.70334814457258e-10
V 0 0.02166 14.535100540120396 8940.078332026013 0 0 0
V 0 -0.021568883722094416 8.984757332474349 15124.001800804997 -0.00048705788363939196 -4.474878758009128e-7 2.103655043702387e-9
V 0 0.021490147745885833 27.86053465890717 56071.58286811369 0.0003572858663620781 8.791271923663548e-7 -4.176475937286208e-9
V 0 0.02116 19.71982667352036 9572.188684621684 0 0 0
V 0 0.02023 -28.14408782109779 -17.272995708497547 0 0 0
V 0 0.02009 -20.506975603306753 214.61653914031785 0 0 0
V 0 0.02008 -6.5836880838178224 8391.048233919666 0 0 0
V 0 0.01999 14.470327980840484 -23869.14452374915 0 0 0
V 0 0.019929337733671896 14.552998517274958 40947.92749919012 -0.0004514948608752831 -2.062639806280521e-7 9.584766475535525e-10
V 0 -0.019478935460323477 12.382714936547519 5818.897169005708 0.000036116679987935985 1.051076060645474e-7 -5.042547097220283e-10
V 0 0.01946 39.975343742462 23873.746917408986 0 0 0
V 0 0.01917 -1.2434949992037723 -7291.615127615412 0 0 0
V 0 0.01901 5.415609387099332 21.329909543800007 0 0 0
V 0 -0.018749006424452888 15.13937541889291 6518.1867991988875 -0.0001547214989345729 -1.119046938737031e-7 5.291741329310584e-10
V 0 0.01873 12.942462619541427 8428.018217504674 0 0 0
V 0 0.01841 -5.368884976399551 -14445.046413227621 0 0 0
V 0 0.01819 13.861606144311633 7736.432258611174 0 0 0
V 0 0.018189435394415806 0.9315847087835625 -17143.709459030215 -0.0006876902685476758 -9.369848570699668e-7 4.43735417909125e-9
V 0 -0.01815833868938683 13.738994309214071 31153.082699547616 -0.0001703218335653155 5.2621676947629024e-8 -2.697503321693459e-10
V 0 0.01814 -3.011752173154574 -6116.354986272067 0 0 0
V 0 0.0181 10.131279876153947 46.400667051676464 0 0 0
V 0 0.01806 -37.75827645686714 -0.9663981893309028 0 0 0
V 0 -0.017958011818946063 2.2261803576414243 10213.597292461018 0.00014898615308704707 2.525491427635795e-7 -1.1841574161100416e-9
V 0 -0.017809753472371206 26.405233329118506 56281.13233046366 -0.00007555384887779118 3.6840506813832525e-7 -1.7633643209316041e-9
V 0 0.0177 -13.749633280155972 8249.061624282947 0 0 0
V 0 0.017408086973591006 18.567686606468346 20871.911294786012 -0.0002627835595718018 -1.246552936868839e-7 5.666987118489365e-10
V 0 0.01712 -18.464506086692694 -8408.321229628162 0 0 0
V 0 0.01709 -82.09093404744787 -7214.056143601505 0 0 0
V 0 0.01709 -66.0081788798697 7214.06958973442 0 0 0
V 0 0.01699 3.418234149675378 628.3075849621554 0 0 0
V 0 0.01696 -0.2717224372385587 627.5962302620995 0 0 0
V 0 -0.016860079741348174 18.925666010339814 13870.811453192131 -0.0006133300309527762 -5.913660319437898e-7 2.7871938526987224e-9
V 0 0.01682 -16.97875322702707 22.541905627806727 0 0 0
V 0 0.01673 -27.224653727223284 -119.44470400891191 0 0 0
V 0 0.01644 -2.875257888006032 -14339.108220208678 0 0 0
V 0 -0.01643850656787531 9.582929273993997 5747.909493981017 0.00022427432406759023 3.228325821140289e-7 -1.5369563318534508e-9
V 0 0.01604916324539834 15.965174666855496 41366.679992008634 -0.000021335680478268444 3.051708197112085e-7 -1.4539077482793873e-9
V 0 0.015979756166714678 6.09872130950458 16309.618036117281 -0.000304261309245447 -2.2833754752896926e-7 1.0724078626142936e-9
V 0 0.01589 7.622583375549232 1203.6460734148386 0 0 0
V 0 0.01585 10.398677764109328 15542.754293623517 0 0 0
V 0 0.01547 13.100080514865041 2751.1467876126744 0 0 0
V 0 0.015438917713797419 3.416516147673737 -10699.923897580122 -0.000522620906403501 -6.887117709737735e-7 3.2488334398512223e-9
V 0 -0.015408606427033808 11.383438410948273 22824.391272592064 -0.0003273495911809265 -1.977894374822574e-7 9.165887455056885e-10
V 0 0.01537 -0.5117909358397177 -6010.416793253124 0 0 0
V 0 -0.015329209047162612 19.381690814529236 30666.756094428514 -0.0005439565868817694 -3.83540951262565e-7 1.7949256915718348e-9
V 0 -0.015138945719806746 -7.152918055213648 -23729.470370529685 -0.00047644434253254206 -7.498079910671972e-7 3.560471674068432e-9
V 0 0.01502 -6.079655767148851 -14363.691384646656 0 0 0
V 0 0.01498 9.027441418820391 8251.139166008104 0 0 0
V 0 0.01492 2.0682363938952637 -16900.68936086935 0 0 0
V 0 0.01487 -3.7268190918576574 -6034.999957691101 0 0 0
V 0 -0.014829504541564934 9.952703717767166 23800.45804555438 0.0002882866984528878 5.320830150177158e-7 -2.5277700519370095e-9
V 0 0.01467 23.142200486842373 8.86015295901143 0 0 0
V 0 0.01457 4.6113831261671665 1021.3285546211089 0 0 0
V 0 0.01455 -11.564268069427762 -23296.107232126385 0 0 0
V 0 0.01454 -10.162255027156421 882.739025438777 0 0 0
V 0 0.01441 8.73211930523099 -7227.180778926145 0 0 0
V 0 0.01434 3.8796667331670154 -15506.705877005743 0 0 0
V 0 0.01431 -21.858416373508064 -6665.385084378415 0 0 0
V 0 0.01425 -10.9291359768348 -8.636497854248773 0 0 0
V 0 0.01424 17.20556572403616 15465.202032676067 0 0 0
V 0 0.01423 4.3059182097018684 -8406.243687903005 0 0 0
V 0 0.0141 -24.949770458829526 508.8628809532436 0 0 0
V 0 0.01408 7.987693891154021 7213.351511967906 0 0 0
V 0 0.014 -8.093243690541122 -7214.7742213680185 0 0 0
V 0 0.013760086679413185 21.76857685310146 13313.49717304833 -0.0007988071401895758 -8.098036841045024e-7 3.81916825430848e-9
V 0 0.013719541110713085 16.908554415540756 49276.618926145675 -0.00029446710325967216 4.414713380183434e-8 -2.2786243012148202e-10
V 0 -0.013500128064030415 23.636777806871414 30528.194307103236 -0.0002992745157215543 -9.054380308401695e-8 4.145156973486531e-10
V 0 0.01345 -1.3110024422007107 -14128.404769343453 0 0 0
V 0 -0.013429068013676312 12.666239019904435 25128.049630916044 0.00009476798468752433 3.1578339119069624e-7 -1.4936139887622584e-9
V 0 -0.013319838644010817 20.71941164359522 57395.76089075126 0.0002954003695958081 8.052803724597503e-7 -3.827313124151121e-9
V 0 0.013308016134137452 10.569434202887386 13029.546472949565 -0.00004617656387095886 6.109622009342372e-8 -3.1163823421720974e-10
V 0 0.01315 -0.8507623479391828 7802.555550293814 0 0 0
V 0 0.01312 9.495017020178496 8258.801650554386 0 0 0
V 0 0.01299 16.311277748030086 8417.7089400828 0 0 0
V 0 0.012969588013701659 11.222732730017471 50391.24748643326 0.00007648711521392708 4.810224381232594e-7 -2.2918112333409983e-9
V 0 0.01292 12.60354748364444 7607.083836326915 0 0 0
V 0 0.0129 21.142603907308064 9965.209654280636 0 0 0
V 0 0.01284 -7.970081479681134 7134.433063995355 0 0 0
V 0 -0.012819572112065988 26.436563469424932 30599.181982127924 -0.0004874321598012086 -3.0826877913349844e-7 1.4472173194800756e-9
V 0 -0.01280929630469278 1.9857814544926313 -9723.857124617807 0.00009301538323031334 4.11606815261996e-8 -1.9552535759147583e-10
V 0 0.01249 26.95148620565152 11.489985419859295 0 0 0
V 0 0.01234 14.934946379895894 23837.6886759708 0 0 0
V 0 0.01229 21.534442973169725 15578.80271024129 0 0 0
V 0 0.01218 9.763086559553823 8164.398116470712 0 0 0
V 0 0.012149814390483465 16.495654791559467 31852.3723297408 -0.0003611600124878244 -1.6439062299062145e-7 7.63678510483741e-10
V 0 0.01211 -7.149969888044149 -6607.085191249606 0 0 0
V 0 0.01203 1.045387374381692 -5799.7133423878995 0 0 0
V 0 0.01201 -0.5551441135470583 8359.869830437608 0 0 0
V 0 0.01197 -1.107008454251095 -7220.621822797053 0 0 0
V 0 0.01183 5.879520098388437 -139.71961937556938 0 0 0
V 0 -0.011819139519574232 13.326094685232778 13728.836103142743 -0.00023701474279346773 -1.5591607984482677e-7 7.21790608435877e-10
V 0 0.01162 -40.55243662100863 -16657.73516972791 0 0 0
V 0 0.01162 -31.13020412676624 16657.03053809431 0 0 0
V 0 0.01141 23.06594716478432 -14912.145511831444 0 0 0
V 0 0.01137 37.66173962243428 14916.74790549128 0 0 0
V 0 0.01126 11.432380380272436 4.409229652102262 0 0 0
V 0 0.01126 -8.573940663592463 8320.054929101307 0 0 0
V 0 0.01121 -42.04873282531733 -628.659900778955 0 0 0
V 0 0.0112 -9.899338541708902 -23085.403781261164 0 0 0
V 0 -0.01113941619626768 24.092802611060833 47324.13894833962 -0.0002299010716505475 1.1728127759720783e-7 -5.777524637782341e-10
V 0 0.01099 -24.22067224170642 -14994.07651133397 0 0 0
V 0 0.01099 -31.67285107491267 174.8016378040138 0 0 0
V 0 0.01096 4.989329228938624 585.6477658745554 0 0 0
V 0 0.01093 16.479889282992268 -8322.657951975874 0 0 0
V 0 0.01091 -35.793138549897094 627.9552691453559 0 0 0
V 0 0.0109 21.191053090335576 8334.724901935233 0 0 0
V 0 0.01085 -17.369167136482517 -6959.63142619134 0 0 0
V 0 -0.010769880800198795 -2.281100577751248 -34638.94373045978 -0.0005662255336961738 -9.277976378129412e-7 4.39619349756505e-9
V 0 0.0107 -3.631837954665837 -15620.306554570967 0 0 0
V 0 0.0107 14.522411118897159 3144.167757271628 0 0 0
V 0 -0.01063963592472661 28.792119367690734 38927.87340908348 -0.0003304044021855976 -5.785766470361202e-8 2.608782418050412e-10
V 0 -0.010619831809297086 14.695145654605192 14775.890551129753 0.0001904639027606923 3.562313966056648e-7 -1.6898665668753985e-9
V 0 0.01051 -4.434582906859208 294.2463418129257 0 0 0
V 0 0.01038 23.88995558727008 23907.494137196845 0 0 0
V 0 0.01024 -24.06773547588603 -7293.692669340569 0 0 0
V 0 0.01019 -0.14668448782171306 -16264.361884252156 0 0 0
V 0 0.01017 40.60616454542596 -10.816715428261887 0 0 0
V 0 -0.010069489709312174 18.406980925537546 48438.76750862722 0.00014105314682305177 5.541565819186329e-7 -2.6417012669977506e-9
V 0 0.00994 -16.156221928804744 -7780.013644666007 0 0 0
V 0 0.00987 8.84316387273012 281.6872823548779 0 0 0
V 0 -0.009799863476904437 22.249168293898435 30875.959124897065 0.00031904230875511453 6.386159733047251e-7 -3.0305703206157094e-9
V 0 0.00978 -4.033702480748396 -7196.038658359075 0 0 0
V 0 0.00971 -34.00449674127933 6585.402965889007 0 0 0
V 0 0.009708923059664075 20.923242504734144 29200.60272174157 -0.00010575580195619085 1.2575582074300252e-7 -6.19640365826098e-10
V 0 0.009648950143362645 5.815197226147662 -2999.5344257930556 -0.0003629126139450354 -4.390133326551181e-7 2.0617671416545234e-9
V 0 0.00963 5.497247512024181 8328.691426955555 0 0 0
V 0 0.00962 8.637637110160574 8328.691426955555 0 0 0
V 0 0.00962 -43.869791855862864 -6586.107597522606 0 0 0
V 0 0.00959 -9.504825211148198 -14935.776618205162 0 0 0
V 0 -0.009550064601426137 -4.223756852035755 -25543.38856101046 -0.0006565603820836325 -9.696709954503718e-7 4.5909916346348614e-9
V 0 0.00952 17.511150914485423 17507.859141918285 0 0 0
V 0 0.00948 -21.337342172021437 842.9241241024733 0 0 0
V 0 -0.009439334146341344 3.244015426841238 -8186.71607690617 -0.0005333430457749194 -6.858610665288494e-7 3.2517423219378796e-9
V 0 0.00943 -3.535250034736671 -16082.044365458427 0 0 0
V 0 0.00942 -5.875916348706053 -14521.425739002409 0 0 0
V 0 0.00939 -8.18839944375521 -23478.42475092012 0 0 0
V 0 0.00936 5.215747571067491 -8345.61210684725 0 0 0
V 0 -0.009339879974900565 16.98300973605531 22966.36662264145 -0.000703664879340235 -6.332393895812204e-7 2.9819919897685337e-9
V 0 0.00933 20.706439206519384 -139.68541280680074 0 0 0
V 0 0.00913 -10.570030460883299 -23905.202765187343 0 0 0
V 0 0.00913 -0.8358519818619183 -8563.978042258756 0 0 0
V 0 0.00909 16.089311446104816 17114.83817225933 0 0 0
V 0 0.00905 -31.65383108104469 14914.094392844563 0 0 0
V 0 0.00897 17.965018738780422 15525.83361373182 0 0 0
V 0 0.00897 -46.23311481836589 -14914.799024478161 0 0 0
V 0 0.00894 8.55022167236456 359.23954330232823 0 0 0
V 0 0.008909511771469678 12.296464576131267 7075.5010793426845 0.00003075561030222674 1.0653295828700944e-7 -5.028002686786997e-10
V 0 0.00889 -4.502069290180093 1689.9670487402757 0 0 0
V 0 0.008889541269867157 11.809109631635422 15961.506786442038 0.00037326047715463724 5.753817248776084e-7 -2.7211137479634924e-9
V 0 0.00887 -4.172638510657781 -7038.270448926265 0 0 0
V 0 0.00885 9.275660405624498 17050.40382357006 0 0 0
V 0 0.00884 -0.44063944884092177 -15478.319944934248 0 0 0
V 0 0.00882 3.339607611270316 -6756.60754831974 0 0 0
V 0 0.00876 -48.56902965675477 -23871.79803639587 0 0 0
V 0 0.00875 1.5124592109343027 16131.246977249368 0 0 0
V 0 0.00875 -23.064032395623325 23871.093404762272 0 0 0
V 0 0.00874 -5.626668360620236 15463.12449095091 0 0 0
V 0 0.00873 -3.521943115005961 -6192.734312046853 0 0 0
V 0 0.00873 8.999805149920636 1414.3495242800623 0 0 0
V 0 0.00872 16.25655325113032 16065.123685566727 0 0 0
V 0 0.008660042463581182 36.876622131687945 45513.63432058296 -0.0005416503282007313 -2.450345307063817e-7 1.1377607468278588e-9
V 0 0.00865 -84.44648994571367 -15542.747570557061 0 0 0
V 0 0.00865 -63.6526229816039 15542.761016689972 0 0 0
V 0 0.00863 -1.4681088781924134 -7721.713751537199 0 0 0
V 0 0.0086 -5.01412055467683 -13763.769731755996 0 0 0
V 0 0.00858 7.884645538375231 8504.459462948898 0 0 0
V 0 0.00854 3.0700550981120873 -8307.361517411755 0 0 0
V 0 0.00852 3.885847330978127 8093.404811652352 0 0 0
V 0 0.00851 6.425061179959081 1726.0154653580498 0 0 0
V 0 0.00851 -0.15672070077371658 1290.3965962809361 0 0 0
V 0 0.0085 7.780629856832847 8350.021336499354 0 0 0
V 0 -0.008499714944099918 1.529756650303213 -26519.801765854194 0.000023641939159306502 -1.666643991550252e-7 7.967428035354113e-10
V 0 0.00849 -11.702062710923467 -8074.259986478933 0 0 0
V 0 -0.008489377850873695 7.467772278876992 17356.67248410429 0.000123217336308713 2.8380992892152235e-7 -1.3392493126969822e-9
V 0 0.00848 18.934140205777247 17900.880111577237 0 0 0
V 0 0.008400046365778407 34.52106623342215 37184.942893627405 -0.0006986780858163422 -4.954456451362682e-7 2.3240998245028932e-9
V 0 0.00838 -25.029017678301464 -7191.520961040156 0 0 0
V 0 0.008359404194365531 26.565939010049313 28714.276116622463 -0.0004793905552726447 -3.104068074671915e-7 1.4450356579150827e-9
V 0 0.00824 22.565027188323455 10358.230623939591 0 0 0
V 0 0.00821 15.933519285848915 8235.39142128907 0 0 0
V 0 0.00819 10.417104706005789 -5.9000477697697775 0 0 0
V 0 0.00818 6.582092543182519 708.4896783704571 0 0 0
V 0 0.00817 6.717423187454234 105.9381930189441 0 0 0
V 0 0.00815 13.479639639586551 24047.23813832077 0 0 0
V 0 0.00813 7.388983683208706 9426.39930735145 0 0 0
V 0 0.00813 6.188347279374853 -6549.706865088033 0 0 0
V 0 0.008118801675727443 8.213878304621588 4700.855045994011 -0.0002032043214865698 -1.893148943364627e-7 8.747008434578248e-10
V 0 0.00811 19.550077867473167 8943.881099659528 0 0 0
V 0 0.00808 76.08852869068124 0.20571226023457712 0 0 0
V 0 0.008 -110.72364059645051 -1.7309632496990162 0 0 0
V 0 0.00789 -11.427371303887575 8877.369209245102 0 0 0
V 0 0.00775 34.35455012994857 -1.0958836244655004 0 0 0
V 0 0.00772 2.084639375487515 -7247.844293024587 0 0 0
V 0 0.00766 5.883123711062477 17232.721342363795 0 0 0
V 0 0.00765 23.492003207445926 15607.188642312787 0 0 0
V 0 0.007549181336550161 16.212130708202544 12543.21986783046 -0.0004198113171874127 -3.750664081167703e-7 1.753037789523971e-9
V 0 0.00753 -6.992174215664592 8583.122867432177 0 0 0
V 0 0.00748 15.944918350249576 3537.1887269305807 0 0 0
V 0 0.00748 25.421457859022496 -6583.45408487589 0 0 0
V 0 0.00746 11.189189841892812 9900.775305591367 0 0 0
V 0 0.0074394663787402775 28.92149490831511 37042.967543578015 -0.00032236279765703377 -5.999569303730508e-8 2.5869658024004824e-10
V 0 0.00742 14.898176251205525 -8316.072186260502 0 0 0
V 0 0.00739 -19.72378823640095 -15288.322853146894 0 0 0
V 0 0.00738 19.609336393357403 8341.310667650607 0 0 0
V 0 0.00737 9.75088807894155 9507.754335932415 0 0 0
V 0 -0.007319611815852931 19.93673757584076 21918.965742773024 0.00016469508598235824 3.8749218276360773e-7 -1.8449584634623392e-9
V 0 0.00731 4.9023378330894225 1213.9553508367107 0 0 0
V 0 0.00729977295447178 19.862282255326207 48229.218046277245 0.000573892862062921 0.0000010648787061466625 -5.0548128833523544e-9
V 0 0.0072 6.460770710023925 681.2766814716274 0 0 0
V 0 0.00708 20.35649035749698 18293.901081236192 0 0 0
V 0 0.00704 -2.8364959105001737 1900.6704996054993 0 0 0
V 0 0.00704 35.307320108044465 6588.056478535727 0 0 0
V 0 0.00702 -2.659411839229948 -5435.0783048004405 0 0 0
V 0 0.00697 11.09692305301948 8293.74653875497 0 0 0
V 0 -0.006939757685130187 0.5304801247039688 -9514.307662267838 -0.00033982433200955593 -4.6956144270183e-7 2.2175862587631283e-9
V 0 -0.006929766521877937 21.324347088813738 21571.2009249792 -0.00045362173849431065 -3.4166759362513437e-7 1.6001275545020231e-9
V 0 0.00692 -12.47951380647243 -6919.816524855037 0 0 0
V 0 0.00691 -26.453614550043053 -15622.384096296124 0 0 0
V 0 0.006789776953154166 12.222009255616715 33385.75338284691 0.0004399533863827895 7.839194816700642e-7 -3.7126546885687153e-9
V 0 0.00676 -42.835101497662194 134.98673646771022 0 0 0
V 0 0.00675 10.453326502908212 8364.028488873273 0 0 0
V 0 0.00672 4.607688504850687 1044.7387838864224 0 0 0
V 0 -0.006679785793356467 25.461853580433242 48371.193396326635 0.00019757757390361254 6.294287540476995e-7 -2.9894096390895094e-9
V 0 0.00666 -3.775658440379055 -7378.356177152805 0 0 0
V 0 0.006659631350316869 17.58118167757496 13590.274315817467 0.000007667328366747306 1.3708106833372128e-7 -6.586193857873047e-10
V 0 0.006650063316434002 14.133335389594796 49972.148561733324 0.0009421665456936656 0.0000015024666865793185 -7.118034466050207e-9
V 0 0.00664 -39.32229610214553 -7231.33586237646 0 0 0
V 0 0.006619907405755203 12.826944700835234 -2438.8065829251536 -0.0003090687217073292 -3.6302848441482056e-7 1.7147859900844284e-9
V 0 0.00661 2.6755096184411187 628.301955168488 0 0 0
V 0 0.00661 12.595768505014044 25161.84231686001 0 0 0
V 0 0.0066 68.15737719210595 -0.8120472826958576 0 0 0
V 0 -0.006589654354319376 10.766707925828054 33595.30284519688 0.000007113671142920235 2.731973574420346e-7 -1.2995430722141111e-9
V 0 0.00655 -4.079384409485731 -13816.738828265467 0 0 0
V 0 0.00654 3.2420740541112743 8935.66910237391 0 0 0
V 0 0.00654 2.246584662314506 -7307.3628723344455 0 0 0
V 0 -0.006539407361216272 4.699316756629901 -8396.265539256141 -0.00010050333053505015 -1.7513894230081988e-7 8.386307055832752e-10
V 0 0.00653 -1.281039670933783 7468.494307144584 0 0 0
V 0 0.0065 -32.79085931895477 0.35903888325634625 0 0 0
V 0 0.00647 19.56584512384217 -15543.082929254448 0 0 0
V 0 0.00647 40.35971208795194 15542.425657992586 0 0 0
V 0 0.00646 12.622513741976045 14880.695293846757 0 0 0
V 0 0.00639 -5.293513395697726 8096.801892106739 0 0 0
V 0 0.00632 19.65048591869054 8365.451198273386 0 0 0
V 0 0.00629 33.364731580945026 82.48329023822043 0 0 0
V 0 0.00627 38.007630965693934 7213.734231037031 0 0 0
V 0 0.00625 10.53977655623742 16833.150889904453 0 0 0
V 0 0.00623 21.926197012359527 -7214.391502298893 0 0 0
V 0 -0.0062297984426934365 8.485607348076805 -1043.6408852628992 -0.0005591118625532535 -6.546002803709065e-7 3.096650425350939e-9
V 0 0.0062296889616551224 -10.365603341748459 -41224.70464195925 -0.0003549796076810401 -7.406207718101716e-7 3.5193109925422325e-9
V 0 0.00613 8.307414880982016 0.22365510476220152 0 0 0
V 0 0.00612 5.082734051993704 28.385932071493528 0 0 0
V 0 0.00606 25.76292129023735 8346.74036850451 0 0 0
V 0 0.00594 8.146012407939093 -6521.320933016539 0 0 0
V 0 0.00593 14.208463323884445 8887.10923551654 0 0 0
V 0 0.00588 22.320533543588027 -8326.613885230397 0 0 0
V 0 0.00588 27.031706252110524 8330.768968680712 0 0 0
V 0 0.00587 -2.6864591062916725 -6744.662571234223 0 0 0
V 0 0.00586 -8.294251163237806 -6586.466636405863 0 0 0
V 0 0.00584 -2.4689699110856846 -7192.732957124163 0 0 0
V 0 0.00583 13.607916412349729 7235.392776211762 0 0 0
V 0 0.00582 17.381365990789178 15508.97286726689 0 0 0
V 0 0.00579 28.327884153297013 -8323.760397664784 0 0 0
V 0 0.00577 25.84739015784013 23935.880069268344 0 0 0
V 0 0.00571 21.77912936120792 18686.922050895144 0 0 0
V 0 0.005680046826136957 22.174712973383883 57186.21142840129 0.0007282400848356773 0.0000013160024966877799 -6.240424740505725e-9
V 0 0.0055996085284573905 13.813449629728623 4842.830396043395 -0.0005795196096458783 -6.247648464354258e-7 2.94010408772067e-9
V 0 0.00559 14.811368554944679 -328.5866209696853 0 0 0
V 0 0.00558 -65.15652934194726 55.35693379510212 0 0 0
V 0 0.00558 18.348444704067283 16644.264941652924 0 0 0
V 0 0.00556 -1.6952283243662745 -5488.047401309913 0 0 0
V 0 0.00553 5.63927202833893 -8292.643010337779 0 0 0
V 0 0.00547 26.375150474399383 36.08262318654488 0 0 0
V 0 0.00542 33.015696800461164 8253.440362838024 0 0 0
V 0 0.00541 6.305614030596697 -7384.9151332818965 0 0 0
V 0 0.005399923484191364 13.165389004301979 41295.69231698394 0.00016682196360138577 5.2289579576069e-7 -2.48660937041081e-9
V 0 0.005379627262646968 17.549851537268534 39272.224664153204 0.0004195456392901647 8.13754915605545e-7 -3.869201026198985e-9
V 0 0.00536 23.9870054103796 10751.251593598541 0 0 0
V 0 0.00534 -32.50204827302852 803.1092227661693 0 0 0
V 0 0.00534 16.597931487539917 -7211.985324942805 0 0 0
V 0 0.00532 12.611426023612399 10293.796275250323 0 0 0
V 0 0.00531 32.68085211233117 7216.140408393119 0 0 0
V 0 0.00527 -7.278602208374238 -22720.768743673707 0 0 0
V 0 0.00527 17.36729520550687 3930.2096965895353 0 0 0
V 0 0.005259735399552878 10.27935298133221 42481.30855229623 0.0003496185379953308 7.420461240326335e-7 -3.517856551498904e-9
V 0 0.005189524672076656 3.1695601063266863 18123.536226598055 -0.00012414526969435665 -8.474543145794689e-9 4.188790204786387e-11
V 0 0.005179608534718312 15.681650583498579 22057.527530098298 -0.00007998698517785679 9.449503458505965e-8 -4.645484692391574e-10
V 0 0.005149531598513158 11.210937690115774 25337.599093266013 -0.000338071730552345 -1.9493873303733333e-7 9.194976275923458e-10
V 0 0.00513 31.107337489476947 -7698.082645163482 0 0 0
V 0 0.00511 5.80870395439487 -8013.222718244051 0 0 0
V 0 0.0051 -28.531094847853343 -6999.446327527645 0 0 0
V 0 -0.005089933029370788 29.735499116375998 46837.81234322052 -0.0006035358249670014 -3.188813506129862e-7 1.4869235599629467e-9
V 0 0.00507 12.032271002775285 -12.451516812825268 0 0 0
V 0 0.00507 -36.951733200958 8271.603529910753 0 0 0
V 0 0.00506 -53.99764216866632 95.17183513140571 0 0 0
V 0 0.00505 33.04314878625082 8333.622456246325 0 0 0
V 0 0.00504 18.205040600293202 25022.122697484436 0 0 0
V 0 0.00503 -78.69620114783157 -8313.149394496755 0 0 0
V 0 0.00501 -73.98580266736525 8344.233459414352 0 0 0
V 0 0.004970046829802026 -3.7364019075399106 -34429.394268109805 -0.000999065248936043 -0.0000014385197620409707 6.809305113919654e-9
V 0 0.00497 -1.1217589760941429 1507.649529946546 0 0 0
V 0 0.00495 12.769874011587854 8322.791379185786 0 0 0
V 0 0.00491 9.827142633880785 -2.142239390953229 0 0 0
V 0 0.00491 -24.993519620473663 -13.506510989967808 0 0 0
V 0 0.00487 5.3525623571837135 1778.984561867522 0 0 0
V 0 0.00485 -30.10617873802898 -1114.9808761043919 0 0 0
V 0 0.00484 -41.47782612333284 1114.2762444707928 0 0 0
V 0 0.00482 -8.2576023608195 -14948.2093830633 0 0 0
V 0 0.0048 2.2413380851126563 -8538.240889305524 0 0 0
V 0 0.0048 15.835195363319425 32375.929565276325 0 0 0
V 0 0.00479 10.649114160603057 8333.100656607658 0 0 0
V 0 0.00478 29.625108985144777 7702.685038823318 0 0 0
V 0 -0.004779841480131218 24.081007571159134 22270.49055517237 -0.0006444599174168195 -5.586798935633849e-7 2.6335563971551102e-9
V 0 0.004769844667190646 33.589481524638586 54328.65235265762 -0.000010987817268666515 4.415392119336988e-7 -2.1132543545883564e-9
V 0 0.00475 -5.750570003537373 7762.74064895751 0 0 0
V 0 0.004749839471605486 23.59365262666329 31156.49626227172 -0.00030195505056440896 -8.983112697278593e-8 4.152429178703174e-10
V 0 0.00474 -1.3684903775191322 -6532.786185196334 0 0 0
V 0 0.00474 -36.11223974586724 469.04797961693976 0 0 0
V 0 0.004729569774827007 -5.697616725424986 -23939.019832879658 -0.00004360462729267279 -2.3908586683916766e-7 1.1473600577138278e-9
V 0 0.00469 1.5621585934247877 -13970.670414987704 0 0 0
V 0 0.004669942582605064 6.586076254000424 7423.612329017933 -0.0006467661760978575 -6.971863141195682e-7 3.2907213418990865e-9
V 0 0.00466 -14.835504989853677 -15248.507951810592 0 0 0
V 0 0.00465 24.753047140400735 -25193.322546386713 0 0 0
V 0 0.00465 18.167410774627733 7180.281440311336 0 0 0
V 0 0.00463 -1.8352355560188016 -16658.094208611165 0 0 0
V 0 0.00463 7.587022245497736 16656.671499211054 0 0 0
V 0 0.00462 17.665710090478875 16093.509617638221 0 0 0
V 0 0.0046 11.861955585476633 16675.407062219998 0 0 0
V 0 0.00459 -13.066862053826215 -14325.954025035511 0 0 0
V 0 0.00459 -2.706504215174899 1216.8002685880067 0 0 0
V 0 0.00458 2.9497254153048944 -7859.291131521815 0 0 0
V 0 0.00457 13.688845494357073 8406.688307960872 0 0 0
V 0 0.00456 10.542205903779141 -33.781426356625275 0 0 0
V 0 0.00456 4.835879664827899 -7125.045353540716 0 0 0
V 0 0.004550019493767593 39.232178029953744 53842.32574753851 -0.0003846225705851204 5.376583723504738e-9 -4.8578330847175695e-11
V 0 0.00455 -12.50903226835054 -7445.952401516778 0 0 0
V 0 0.00455 35.97579330945344 25197.92494004655 0 0 0
V 0 0.00452 11.643504791083611 1.103528417190205 0 0 0
V 0 0.00452 16.796557405239703 8993.047428535483 0 0 0
V 0 0.00451 23.20210468986573 19079.9430205541 0 0 0
V 0 0.0045 3.5974644958145667 7508.309208480888 0 0 0
V 0 0.00447 20.322567628519074 23854.525040687375 0 0 0
V 0 0.00445 6.779676404828686 8398.521269929954 0 0 0
V 0 0.00445 -18.12163198123198 -6331.323841229186 0 0 0
V 0 0.00443 -17.242095099779362 -22181.478671838795 0 0 0
V 0 0.00443 14.786024636778933 16650.82389778202 0 0 0
V 0 0.00443 37.300744092877984 48.70186388159527 0 0 0
V 0 0.00442 2.4286516132562577 -6602.675961597505 0 0 0
V 0 0.00442 9.972379488800728 752.2605129612817 0 0 0
V 0 0.0044 15.60989044618136 7197.1421867762665 0 0 0
V 0 0.00439 -33.001638518620645 -6705.199985714718 0 0 0
V 0 0.00439 10.521182169197855 8644.160135667058 0 0 0
V 0 0.00439 3.918697635658236 -5641.978988032148 0 0 0
V 0 0.004389953925422119 25.992333705137213 38856.88573405879 -0.0001422467581059434 1.5986731134586947e-7 -7.718233803263814e-10
V 0 0.00436 -5.041133787818141 -15073.353998189777 0 0 0
V 0 -0.00433960794319987 4.8718174774624 -10909.473359930093 -0.00008978119116363165 -1.7798964674574396e-7 8.357218234966181e-10
V 0 0.00433 -0.4703071773368279 16617.567952574806 0 0 0
V 0 0.00432 25.165941004795496 -7769.07594998184 0 0 0
V 0 0.00432 35.562874486850376 7773.678343641675 0 0 0
V 0 0.00432 11.695553730043851 16623.601427554484 0 0 0
V 0 -0.004310033814940133 9.016087472780775 -10557.948547530741 -0.0008989361945628095 -0.0000011241617230727366 5.314236684114067e-9
V 0 0.00431 -9.896983105321862 -16697.197755247413 0 0 0
V 0 0.00431 15.479193344526003 7764.818190682667 0 0 0
V 0 0.00429 16.036620200624085 7250.111283285739 0 0 0
V 0 0.00427 13.206112923921776 11.99761243765306 0 0 0
V 0 0.00426 4.404126248235273 -8222.75323393661 0 0 0
V 0 0.00426 4.887070216488714 -8309.503756802707 0 0 0
V 0 0.00425 9.10204492641812 8434.6296199745 0 0 0
V 0 0.00425 2.248230399443279 -7283.952643069132 0 0 0
V 0 0.00424 9.598230882239367 8347.8790971084 0 0 0
V 0 0.00423 -10.64209706953292 -14915.158063361418 0 0 0
V 0 0.00423 -10.703720256499548 -5997.262598079956 0 0 0
V 0 0.00422 20.99411094262213 9336.90206931848 0 0 0
V 0 0.00418 0.7100500576649456 -8248.509333547252 0 0 0
V 0 -0.004159544707157531 -4.840487337155974 -14772.476988405644 -0.0003220971197597858 -4.986842005260798e-7 2.374859816915062e-9
V 0 0.00415 7.631711157279212 8798.091722389294 0 0 0
V 0 0.00414 8.340326255459866 7771.377146811758 0 0 0
V 0 0.00414 -84.31936446601071 -7198.520834209164 0 0 0
V 0 0.00413 1.596373097917355 -470.57323060640374 0 0 0
V 0 0.00411 0.17786363096790758 -6898.594157956459 0 0 0
V 0 0.00411 15.942534140073601 16486.530587297173 0 0 0
V 0 0.0041 17.00865915224152 8312.482101763913 0 0 0
V 0 0.0041 -22.873592874772918 -8114.074887815237 0 0 0
V 0 0.0041 -2.475176281010306 -6270.286572994304 0 0 0
V 0 0.0041 2.2733329295074576 -16691.164280267734 0 0 0
V 0 0.00408 -3.774365339850405 -14861.47761215189 0 0 0
V 0 0.00408 1.0702768854592586 -16499.64849955536 0 0 0
V 0 0.00407 -87.47025522277619 -24.27286887750597 0 0 0
V 0 0.00407 -48.86087300621054 -0.19045234887380502 0 0 0
V 0 0.00406 8.784486573096654 -22754.515963461563 0 0 0
V 0 0.00405 -20.469941097910578 -14660.01526818474 0 0 0
V 0 0.00405 7.7124740615433724 -8335.250383084645 0 0 0
V 0 0.00404 -15.401942275766794 -23282.953036953222 0 0 0
V 0 0.00404 -14.463199818519673 1176.9853672517029 0 0 0
V 0 0.00403 5.420697596615513 8408.873520363857 0 0 0
V 0 -0.003989713293757263 10.97053878696698 5400.144676187188 -0.0003940425004090787 -4.063271942747132e-7 1.9081296861109117e-9
V 0 0.00398 -68.23902989557212 7229.604899126762 0 0 0
V 0 0.00397 9.140339838883882 -504.3546569630289 0 0 0
V 0 0.00396 45.66112371461615 22759.11835712139 0 0 0
V 0 -0.0039598644455814845 31.147675265956533 47256.56483603903 -0.0001733766445699867 1.925534497262744e-7 -9.254608358699932e-10
V 0 0.00395 -6.9279544138912765 -23713.71136622332 0 0 0
V 0 0.00395 11.516043407445999 1729.8182329915653 0 0 0
V 0 0.00392 15.932844749302758 15564.084203167316 0 0 0
V 0 0.00392 15.973714648309674 247.90585599825272 0 0 0
V 0 0.003919869390462553 21.238096728397487 22827.80483531617 -0.0004589828081800199 -3.4024224140267233e-7 1.601581995545352e-9
V 0 0.0039 -4.850979764823963 -15521.424384079717 0 0 0
V 0 0.0039 -5.185630763440317 -6585.755281705807 0 0 0
V 0 -0.003890050647826455 20.306512019613926 39971.51429434639 0.00022870746036765584 5.967426156672945e-7 -2.8357721835458977e-9
V 0 0.00388 10.482619137313144 630.937417423007 0 0 0
V 0 0.00387 4.581140870575938 7666.632427178794 0 0 0
V 0 0.00387 3.868734709808175 175.79241774169714 0 0 0
V 0 0.00386 4.599561680015663 -6991.894163622942 0 0 0
V 0 0.00382 -10.179258933512592 8056.986990770436 0 0 0
V 0 0.0038 -0.22136993804604632 2265.305537192959 0 0 0
V 0 0.0038 28.0534083551709 -8954.697815087791 0 0 0
V 0 0.00379 0.6594655082217393 -863.5942002653571 0 0 0
V 0 0.00378 10.490457745165923 16815.11720826686 0 0 0
V 0 -0.0037796603426187123 16.09455020747987 39481.77412650317 -0.000013294075949704572 3.0303279137751543e-7 -1.4560894098443802e-9
V 0 0.00377 20.156158393010035 -24983.773084036744 0 0 0
V 0 0.00376 -1.8572767888530337 -15871.340914593202 0 0 0
V 0 0.00375 79.84322442351619 -0.12948543513448385 0 0 0
V 0 0.0037499469558294686 18.851210689825265 40181.063756696356 -0.00020413225487221344 8.602049143926497e-8 -4.226605671912935e-10
V 0 0.00374 -18.164253983695495 8543.307966095872 0 0 0
V 0 0.00374 18.789796502739833 4323.230666248488 0 0 0
V 0 0.00373 -38.37497499906835 -159.25960534521573 0 0 0
V 0 0.00373 8.427898866457603 3.8027676335150034 0 0 0
V 0 0.00369 14.03375976923717 10686.817244909274 0 0 0
V 0 -0.0036897425996956727 13.64094890889612 7356.038216717348 -0.0005902417490172968 -6.219141419905017e-7 2.9430129698073272e-9
V 0 0.00368 1.0602858598088076 15797.18573410014 0 0 0
V 0 0.00368 13.953660355427289 17268.76975898157 0 0 0
V 0 0.00367 10.118882545622744 1336.7972633326126 0 0 0
V 0 0.00365 18.53472085136103 9021.433360606978 0 0 0
V 0 0.00365 -1.496675229172041 -6505.573188297505 0 0 0
V 0 -0.003649817407493543 0.1175805007226769 -26938.55425867271 -0.0004065172412377082 -6.780991994942857e-7 3.2091271993683512e-9
V 0 0.00364 14.908100202786233 -8390.824578814903 0 0 0
V 0 0.003639948699256367 23.223878182890125 13103.947710698361 -0.00036596742494970653 -2.9908155987647273e-7 1.406056637953876e-9
V 0 0.00362 6.909646049518748 8311.0593923638 0 0 0
V 0 0.003609742775215862 0.4011045840795937 -7629.401796762375 -0.0003478659365381198 -4.674234143681369e-7 2.2197679203281214e-9
V 0 0.0036 -39.70329320446194 7700.031526176599 0 0 0
V 0 0.00359 25.40959240327883 11144.272563257498 0 0 0
V 0 -0.0035899486907045356 32.091055014641796 55166.503770176074 -0.0004465080673513904 -6.847023618309976e-8 3.0058448228791215e-10
V 0 0.00358 -5.492348712086445 -14328.798942786805 0 0 0
V 0 0.00358 -3.1371832439743157 -6000.1075158312515 0 0 0
V 0 0.00357 32.676897996722026 8959.300208747627 0 0 0
V 0 0.00355 0.9739085367251195 -7700.383841993399 0 0 0
V 0 -0.0035496734368934903 -3.342060827159186 -15610.328405924101 0.00011342313032293815 1.132524759071876e-8 -3.897901996120665e-11
V 0 0.00354 34.28953479784225 24988.37547769658 0 0 0
V 0 -0.003539956074445362 6.166413126320261 16447.83339156114 0.0007468952304710911 0.0000010115443530878024 -4.785789771704673e-9
V 0 0.00353 -38.17745520530774 -7700.736157810199 0 0 0
V 0 0.00353 7.5578101528987585 17443.424793229016 0 0 0
V 0 0.003529818020656818 21.650996352378783 40252.05143172105 -0.0003922898989518677 -1.3170448461021655e-7 6.10041054940129e-10
V 0 0.00348 24.625028182244748 19472.963990213055 0 0 0
V 0 0.00346 13.91386997077889 24446.784209031757 0 0 0
V 0 0.00346 -15.582799494885943 -21970.775220973574 0 0 0
V 0 -0.0034598214692147873 2.386886038572225 -17353.258921380184 -0.0002548505533078065 -4.262627328419373e-7 2.0242425627366454e-9
V 0 0.003439887442097443 19.264110313806558 57605.31035310123 -0.00013743934564406122 2.9455824823172075e-7 -1.4142015077965164e-9
V 0 0.00343 1.0648697928471345 95.55997430878915 0 0 0
V 0 0.00342 10.522513950731494 7737.620102203486 0 0 0
V 0 0.00342 -6.796153907859081 -8034.445085142629 0 0 0
V 0 0.00342 17.377742132392783 16879.551556956132 0 0 0
V 0 0.00341 -30.885687498904968 -15328.1377544832 0 0 0
V 0 0.00341 -12.44347195699136 7428.67940580828 0 0 0
V 0 -0.003409760478770475 6.980417334381148 26242.67819120364 0.00046572220316112357 7.526586955121213e-7 -3.557562791981775e-9
V 0 0.0034 -104.50656226480443 -7214.160908250372 0 0 0
V 0 0.0034 -88.42380849348966 7213.964825085552 0 0 0
V 0 0.0034 25.009723095224444 -8344.423911763226 0 0 0
V 0 0.00339 -4.818762711265929 -14598.977999949859 0 0 0
V 0 0.00338 14.249091441702864 -15540.67675189836 0 0 0
V 0 0.00337 -4.924849378003378 -7133.880773259661 0 0 0
V 0 0.00336 35.04311531091239 15544.831835348674 0 0 0
V 0 0.003359893322829459 27.903659839115296 55443.28091294521 0.00035996640120493275 8.784145162551238e-7 -4.177203157807873e-9
V 0 -0.0033499465378432564 20.38096734012848 13661.261990842158 -0.0001804903157129069 -8.064390771576023e-8 3.740822363441178e-10
V 0 0.00334 9.655460505968094 123.95292799912636 0 0 0
V 0 0.00334 -5.51850678319983 -23320.69039656437 0 0 0
V 0 0.00332 -35.36115456895922 -15033.891412670273 0 0 0
V 0 0.00332 37.49570395152602 -31.480229526707262 0 0 0
V 0 -0.0033199011373663692 -11.820904671537122 -41015.15517960929 -0.0007878193229209093 -0.0000012513428960382011 5.932422608896837e-9
V 0 0.00331 10.149373503263213 33490.55812556392 0 0 0
V 0 0.00331 -2.622951140689888 -7701.095196693455 0 0 0
V 0 0.0032998528230756942 17.994081301556253 31014.52091222234 0.00007436023759489952 3.456188251261771e-7 -1.6501603263925277e-9
V 0 0.00327 8.736082821377417 -34.9448882005849 0 0 0
V 0 0.00325 -24.907233796712337 8209.246722946642 0 0 0
V 0 0.00325 15.597992535216079 24657.48765989698 0 0 0
V 0 0.0032400208006890855 32.16551033515634 28856.25146667185 -0.0008557058434319532 -7.458567595661546e-7 3.5104389021779275e-9
V 0 0.00323 -19.296845852422443 0.5522907356939868 0 0 0
V 0 0.00321 15.607073101281024 668.1224862984593 0 0 0
V 0 0.0032 0.3180045015601065 -15559.674973515213 0 0 0
V 0 0.0031800155954773424 35.901912242696255 63285.64573478166 0.0001433594055040898 6.926630024748162e-7 -3.2988662117417265e-9
V 0 0.00318 21.056712298107527 -8310.6424854066 0 0 0
V 0 0.00316 3.8723881970594007 1256.6151699243107 0 0 0
V 0 0.00314 37.59975340678932 -28.85039706585303 0 0 0
V 0 0.00313 -6.865193576230526 -23349.07632863586 0 0 0
V 0 0.00313 2.0793174215877057 8956.287657217654 0 0 0
V 0 0.00312 -3.0445326180255226 -6628.415100793407 0 0 0
V 0 0.0031197837081626645 24.21038311178351 20385.58468966691 -0.0006364183128882556 -5.608179218970779e-7 2.6313747355901176e-9
V 0 0.0031 -29.62255148767539 -8448.136130964467 0 0 0
V 0 0.0031 -2.1854802754861407 -15227.285584912013 0 0 0
V 0 0.0031 10.263127635763604 674.708252013832 0 0 0
V 0 0.00309 -7.51544532416723 -14914.446708661362 0 0 0
V 0 0.00308 15.796387965752963 9515.416820478697 0 0 0
V 0 0.00307 5.564316167951006 -76.44124544422529 0 0 0
V 0 0.00305 11.409744441330886 -145.1151136607009 0 0 0
V 0 0.00305 44.059905209728115 14.920437524968293 0 0 0
V 0 0.00304 10.93975210272579 8301.461469641985 0 0 0
V 0 0.00303 -13.930754691121475 -7151.706059703851 0 0 0
V 0 0.00303 12.947723914813972 2122.839202650519 0 0 0
V 0 -0.0029997795430846026 2.756660482345393 699.2896301931796 -0.00019083817892250887 -2.170122999382505e-7 1.0334288426530867e-9
V 0 0.00298 34.64119268267359 -109.03249047415557 0 0 0
V 0 0.0029799586981553417 14.140098893293667 23523.680902785243 -0.0005181877701034353 -4.148017374205079e-7 1.9500175881587754e-9
V 0 0.00297 -3.482717532672214 -0.14844727080255815 0 0 0
V 0 0.00297 -43.66067643944845 763.2943214298652 0 0 0
V 0 0.00297 10.561497058059885 -111.33368730407574 0 0 0
V 0 0.00297 6.79274036920064 -625.677752501304 0 0 0
V 0 -0.002969901481540356 8.571857708493056 -2300.244795599876 -0.0005537507928675442 -6.560256325933686e-7 3.0951959843076106e-9
V 0 0.00296 -2.086899490717454 8622.93776876848 0 0 0
V 0 0.00296 -27.323116847226753 -7819.828546002311 0 0 0
V 0 0.0029496786045804524 15.23742081921086 30315.231282029163 0.00026519841651740836 5.626311250644276e-7 -2.6835891690456144e-9
V 0 0.00292 7.636482814683632 8923.236337515771 0 0 0
V 0 0.00292 -23.685827741487405 -7485.767302853081 0 0 0
V 0 0.00292 7.407404823048955 -164.29331048484266 0 0 0
V 0 0.0029 -3.834934565484726 -14834.26461525306 0 0 0
V 0 0.002899792726055915 25.591229121057623 46486.287530821166 0.0002056191784321764 6.272907257140064e-7 -2.9915913006545025e-9
V 0 0.0028899626044425852 -2.768455522247092 -25752.938023360428 -0.00022372066684376318 -4.5894887122234223e-7 2.177880018280257e-9
V 0 0.00288 10.266949117063984 6552.003866891202 0 0 0
V 0 -0.0028699630309403134 27.379943218110196 38509.12091626496 -0.0007605635825826123 -5.692924650428727e-7 2.6732626376379813e-9
V 0 -0.0028699164003967094 11.73465431112087 42271.75908994626 0.0007824582532352002 0.000001252768248260663 -5.9309681678535074e-9
V 0 0.00286 -6.036294100450921 -23818.4766240696 0 0 0
V 0 0.00286 17.316739189045645 24264.466690238023 0 0 0
V 0 -0.002859792179030579 3.928437728777139 -18819.41229406713 0.00018335023161777207 8.303403916363022e-8 -3.903234946612874e-10
V 0 -0.002850018209356769 14.62069033409064 41086.142854633974 0.000599661678841255 0.0000010336179199887196 -4.899720986765414e-9
V 0 0.0028497937623161904 31.27705080658091 45371.65897053357 -0.00016533504004142283 1.9041542139258134e-7 -9.276424974349862e-10
V 0 0.00282 2.225576071130953 -662.0589997767602 0 0 0
V 0 0.00282 -14.890615592514518 -13852.787244883242 0 0 0
V 0 0.00282 -29.318714812528178 -6371.138742565488 0 0 0
V 0 0.002819910909416269 12.19744261900916 32619.236072234562 -0.000608522618490894 -4.566750950579385e-7 2.144815725228587e-9
V 0 0.00281 14.515389914910152 7922.552545038419 0 0 0
V 0 0.00281 2.0841261824133994 79.56046515090338 0 0 0
V 0 0.0028 19.594235264829113 -0.3546039071843552 0 0 0
V 0 0.00279 10.426033501147867 16710.35195042058 0 0 0
V 0 0.00276 0.7896005177194056 -6985.335207493852 0 0 0
V 0 0.00274 -7.340431271858401 -16068.890170285258 0 0 0
V 0 0.00274 11.395162307642035 1145.281482620235 0 0 0
V 0 -0.0027399652073949593 28.760789227384308 64609.82375741922 0.00008147390873781976 6.188161825682117e-7 -2.9497033986066388e-9
V 0 0.00273 1.052710194001195 -16604.41375740164 0 0 0
V 0 0.00273 7.140761566738359 -69.8897764011698 0 0 0
V 0 0.00273 5.318532073405728 1649.6361395832641 0 0 0
V 0 0.00271 14.648015444673234 -16.209325191641796 0 0 0
V 0 0.00271 7.777522190616477 -8282.290759903877 0 0 0
V 0 0.00271 12.488633987148077 8375.09209400723 0 0 0
V 0 0.0027 20.211670877705483 4716.251635907442 0 0 0
V 0 0.0026997576034472523 5.525116004592485 26452.227653553608 0.00003288248792125429 2.4193657128409174e-7 -1.1444511756271705e-9
V 0 0.00269 11.208826438381056 -170.8522666139338 0 0 0
V 0 0.00268 -86.68630567058604 -15527.21226116472 0 0 0
V 0 0.00268 26.048157798008425 19865.984959872003 0 0 0
V 0 0.00267 4.819195703794444 416.43119892426716 0 0 0
V 0 0.00267 5.652058568602329 8956.99901191771 0 0 0
V 0 0.00267 22.427786186792215 9729.923038977435 0 0 0
V 0 0.00266 -13.874172783658219 -22363.79619063253 0 0 0
V 0 0.00265 2.5393538645780156 -16106.627529896405 0 0 0
V 0 0.00265 14.85123352429941 6588.385114166658 0 0 0
V 0 0.00264 -54.24667656912757 -22757.16947610828 0 0 0
V 0 0.00264 -17.370019007255806 22756.46484447468 0 0 0
V 0 0.00264 -22.230962126940895 8645.479674396285 0 0 0
V 0 0.00263 -15.407434126027685 16679.924759538917 0 0 0
V 0 0.00263 1.9739188968681916 -16654.75302145026 0 0 0
V 0 0.00262 6.729725006442008 -6914.341902675492 0 0 0
V 0 0.00262 11.013378282568643 1101.5106480294098 0 0 0
V 0 0.00262 11.399918509768074 16660.01268637196 0 0 0
V 0 0.0026198666163149255 18.320730565121295 49695.37141896419 0.00013569207713734247 5.55581934141095e-7 -2.6402468259544218e-9
V 0 0.00261 -0.2873167118437321 -25229.380787824903 0 0 0
V 0 0.00261 1.081261658194971 -16135.0134619679 0 0 0
V 0 0.00261 -39.690356219725906 -7039.261228863948 0 0 0
V 0 0.00261 -11.07917111333272 8685.29457573259 0 0 0
V 0 0.0026 -3.3680782643926186 16091.432075913066 0 0 0
V 0 0.00259 7.7151322805579285 6743.4896360615585 0 0 0
V 0 0.00258 -3.4452435076524517 -6169.32408278154 0 0 0
V 0 0.00258 15.4572408943122 11079.83821456823 0 0 0
V 0 0.00258 23.255127354754563 89.04224636731124 0 0 0
V 0 0.00257 -65.89539389796575 15558.296326082314 0 0 0
V 0 0.0025599158756305133 20.263386839405804 40599.81624951487 0.00022602692552480122 5.974552917785256e-7 -2.8350449630242335e-9
V 0 0.00255 19.25037015070474 23924.414817088542 0 0 0
V 0 0.00255 7.667335263076481 23831.630819242768 0 0 0
V 0 0.00254 -8.318082564238475 1703.121243913444 0 0 0
V 0 0.00254 4.517899325363551 473.20306306725433 0 0 0
V 0 0.002539719020588339 5.327842281651818 5886.471281306294 -0.000020407747092624808 2.983543393548084e-8 -1.5654633763026917e-10
V 0 0.00253 -4.995599050308201 1167.5976567970645 0 0 0
V 0 0.00253 -31.66910296541175 -14699.830169521043 0 0 0
V 0 0.00253 11.156197984901718 7294.244960076264 0 0 0
V 0 0.00251 10.237094177813596 -8502.19247268775 0 0 0
V 0 0.00251 10.009961513000793 9532.337500370393 0 0 0
V 0 0.00251 33.68945378939468 -22.291440936764047 0 0 0
V 0 -0.002509870255181073 26.44835850932663 55652.830375295176 -0.00007287331403493656 3.676923920270943e-7 -1.7640915414532685e-9
V 0 0.00249 -0.3617535318682119 1080.8715156793205 0 0 0
V 0 0.00249 -0.2162169230487807 -7734.146516395338 0 0 0
V 0 0.00248 -5.808392984427828 -14498.015509737093 0 0 0
V 0 0.00247 6.357177328492795 8345.552173420483 0 0 0
V 0 -0.0024699725945589537 16.56334660837515 31990.58768518466 0.0006899965272287137 0.0000010754912776261502 -5.094519123835226e-9
V 0 0.00246 8.873234894844135 10054.706892313605 0 0 0
V 0 0.00245 -5.404800381672932 -14957.106527748962 0 0 0
V 0 0.00245 2.6355355896185637 -7743.043661080999 0 0 0
V 0 0.00243 -23.433929847002407 16640.109858202613 0 0 0
V 0 0.00242 9.249128708629888 24952.317236258386 0 0 0
V 0 0.00242 10.075174857413439 7842.370451630118 0 0 0
V 0 0.00242 17.192126562453353 14917.076541122213 0 0 0
V 0 0.00242 26.831968560404427 11537.29353291645 0 0 0
V 0 0.00241 9.862026946289273 8261.177337739009 0 0 0
V 0 0.00241 -17.874941358212933 -23911.260621915375 0 0 0
V 0 0.00241 6.119188145834103 1673.046368848578 0 0 0
V 0 0.0024 5.280920458699598 594.5449105602165 0 0 0
V 0 0.00239 5.150915149757672 -8396.205516172098 0 0 0
V 0 0.00239 10.762281514766409 16799.418227044534 0 0 0
V 0 0.00239 19.43614474888847 8359.344349288196 0 0 0
V 0 0.00238 20.581747233380792 8708.594484356325 0 0 0
V 0 0.00237 6.423414825565526 -1061.6594637781202 0 0 0
V 0 0.00237 -44.15168814000329 -7771.729462628558 0 0 0
V 0 0.00237 -33.754751690888675 7771.024830994958 0 0 0
V 0 0.00237 -22.59113789415831 8837.554307908798 0 0 0
V 0 0.00237 29.724161489310347 8312.95894214788 0 0 0
V 0 -0.0023599281910461224 19.776031894909956 49485.82195661422 0.0005685317923772117 0.0000010663040583691244 -5.053358442309026e-9
V 0 0.00234 -19.115307088242083 7094.61816265905 0 0 0
V 0 0.00234 2.7380843636186256 -8344.69093611344 0 0 0
V 0 0.00233 -2.4474696578399273 -7249.007754868547 0 0 0
V 0 0.00233 18.324045380345666 -8468.376839762355 0 0 0
V 0 0.00232 0.14715788195897161 1272.362914643344 0 0 0
V 0 -0.002319884752370452 14.250915890317472 23033.59430306061 0.0005356493044559574 8.243674870850328e-7 -3.9089072666818555e-9
V 0 0.00231 -7.285514378588541 -15462.572200215214 0 0 0
V 0 0.0023 10.166446816661047 17808.059830816474 0 0 0
V 0 0.00229 -4.181888582517903 17245.87553753696 0 0 0
V 0 0.002289835746031381 2.9291612031778937 -1813.918190480772 -0.00018011603955109037 -2.1986300438317457e-7 1.0305199605664296e-9
V 0 0.00228 -4.884205982833207 -25019.831325474937 0 0 0
V 0 0.00228 4.246110131850616 1.1634618439596238 0 0 0
V 0 0.00228 -5.955745892968074 1899.5165110902446 0 0 0
V 0 0.00228 -7.810697852739867 9211.430452394332 0 0 0
V 0 -0.0022798801966037443 4.742441936838024 -9024.567494424628 -0.00009782279569219552 -1.758516184120509e-7 8.37903485061611e-10
V 0 0.00227 13.607172374126282 25231.672159834405 0 0 0
V 0 0.00227 -22.115970198644668 -7222.69936452221 0 0 0
V 0 0.00227 -6.001017667488902 -23868.81588811822 0 0 0
V 0 0.00226 10.067110253857138 15072.181063017113 0 0 0
V 0 0.00226 15.719706475838237 8950.440055788618 0 0 0
V 0 0.00226 19.49072922849432 23874.075553039922 0 0 0
V 0 0.00226 14.372886315557448 2515.8601723094725 0 0 0
V 0 0.00226 39.4975755586258 -0.46446499436268596 0 0 0
V 0 0.00225 -5.90205815625969 -6619.517956107746 0 0 0
V 0 0.00225 8.92401028765377 7821.040542086318 0 0 0
V 0 0.00224 4.3302097111516975 -14874.631807325057 0 0 0
V 0 0.00224 4.548845087784858 -17.632034591753666 0 0 0
V 0 0.00224 11.140012975298095 -14425.824536506008 0 0 0
V 0 0.00223 14.63521267124791 24969.153600974965 0 0 0
V 0 0.00223 16.269537111628516 -538.1360833196543 0 0 0
V 0 0.00223 6.240056985378808 628.301955168488 0 0 0
V 0 0.0022 -7.72296153359136 -22773.737840183177 0 0 0
V 0 0.002199886664514234 19.295440454112985 31923.36000476549 -0.0005493176565674786 -3.8211559904010294e-7 1.7963801326151635e-9
V 0 0.00219 -34.04315919414803 -8153.889789151541 0 0 0
V 0 0.00218 6.7213928409055335 -6545.940380369503 0 0 0
V 0 0.00218 5.952600118796486 15837.000635436441 0 0 0
V 0 0.00218 7.7203319190203175 -897.3756266219825 0 0 0
V 0 0.00217 20.620763876628978 22723.060115683205 0 0 0
V 0 0.00215 -8.451629105023535 -22692.382811602212 0 0 0
V 0 0.00214 -12.108344420948246 62.35680696411055 0 0 0
V 0 -0.0021399669619742946 27.934989979421722 29761.33056460947 -0.00005191190971848468 2.017406689833001e-7 -9.666215173961929e-10
V 0 0.00213 18.546002864625148 24029.180074934822 0 0 0
V 0 0.00213 -13.228833591568709 -13642.083794018017 0 0 0
V 0 0.00212 5.687190896321477 -1114.6285602875923 0 0 0
V 0 -0.0021198871014783153 4.341337352758431 -1395.1656976622544 0.00025004314084592426 2.91571795956086e-7 -1.3818644352665104e-9
V 0 0.00211 -12.964102927848083 -21606.140183386116 0 0 0
V 0 0.00211 25.247557606174563 -16657.711489542038 0 0 0
V 0 0.00211 34.66978119923776 16657.05421828018 0 0 0
V 0 0.00211 12.433916067133744 5.429700853899703 0 0 0
V 0 0.00211 43.305558915171176 14430.426930165844 0 0 0
V 0 0.0021 -42.95293938359259 1323.8257068207618 0 0 0
V 0 0.0021 -28.670647974408134 -1324.5303384543608 0 0 0
V 0 0.00209 -16.997782530675206 7722.925747621206 0 0 0
V 0 0.00209 -77.05545967715828 643.849617420954 0 0 0
V 0 -0.00207985430032161 20.70761660369352 32342.11249758401 -0.00011915847617046397 1.2931920129915762e-7 -6.160042632177764e-10
V 0 0.00207 20.159384018225047 25050.50862955593 0 0 0
V 0 0.00207 33.75158908796155 20259.005929530962 0 0 0
V 0 0.00206 -36.93378315161432 1097.3555645790948 0 0 0
V 0 0.00205 32.17472353019711 -0.34758228834226657 0 0 0
V 0 0.00204 6.895778625443636 2042.6571092422178 0 0 0
V 0 0.00203 12.276504339700688 16727.21269688551 0 0 0
V 0 0.00203 11.952361468328313 8470.678036592273 0 0 0
V 0 0.00202 10.523585161055836 17179.75224585432 0 0 0
V 0 0.00202 8.04486123557183 8557.419086129665 0 0 0
V 0 0.00202 11.95760194667102 17208.13817792581 0 0 0
V 0 0.00201 -29.335411345216723 8503.493064759568 0 0 0
V 0 -0.0020099804174057924 15.033589958071932 58510.38945103885 0.0006663545880694074 0.0000012421556767811754 -5.891261927370637e-9
V 0 0.002 -9.276411817136811 -8312.94368223652 0 0 0
V 0 0.002 16.891576426354348 8628.412390948026 0 0 0
V 0 0.002 12.11477435150272 -32197.835950704706 0 0 0
V 0 0.002 33.51818809049654 55.260820010687894 0 0 0
V 0 -0.001999829009065619 9.410428553161498 8261.117314654966 0.00021355218469617173 3.2568328655895296e-7 -1.5340474497667937e-9
V 0 0.00199 -79.54670501551438 -8328.684703889097 0 0 0
V 0 0.00199 -74.83559321898277 8328.69815002201 0 0 0
V 0 0.00199 -0.39484694185994407 -43.77083459082496 0 0 0
V 0 0.00199 20.472587563635543 15536.195337494424 0 0 0
V 0 0.00199 22.390333181839225 8344.110536043656 0 0 0
V 0 0.0019800138705875123 30.21609055717297 64400.27429506925 0.000514313623977689 0.0000011295383067962412 -5.3628150149612426e-9
V 0 0.00198 4.550788176415889 1683.4175659398895 0 0 0
V 0 0.00198 1.554979389386335 1665.3838843022972 0 0 0
V 0 0.00198 21.636645131955593 5109.272605566396 0 0 0
V 0 0.001979854682053944 3.8421873683608876 -17562.808383730153 0.00017798916193206282 8.445939138609226e-8 -3.8886905361795873e-10
V 0 0.00197 -8.349850205598246 2.84491775129608 0 0 0
V 0 0.00197 11.017955727345473 -6363.5865786607865 0 0 0
V 0 0.00196 0.2087544104757162 1636.9979522308038 0 0 0
V 0 0.00196 -10.10423331643538 15757.370832763836 0 0 0
V 0 0.00196 5.415671466473089 8430.863135255968 0 0 0
V 0 0.00196 12.818401704615667 1538.3024522791889 0 0 0
V 0 0.0019599328673942356 36.91974731189607 44885.33236541448 -0.0005389697933578767 -2.457472068176127e-7 1.1370335263061945e-9
V 0 0.00195 -25.703925131360773 1137.170465915399 0 0 0
V 0 0.00195 13.501102403450865 -93.30000566648346 0 0 0
V 0 0.00193 6.428944113866098 -31083.207390417112 0 0 0
V 0 0.00193 42.330886725291336 32202.438344364542 0 0 0
V 0 0.00192 11.307154096593885 -8341.809339213734 0 0 0
V 0 0.00191 6.949417315006344 9350.019981576663 0 0 0
V 0 0.00191 48.01668607060019 31087.809784076948 0 0 0
V 0 -0.0019098581205188212 15.50914986266608 24570.73535077225 -0.00009070912454927529 9.734573902998373e-8 -4.616395871525002e-10
V 0 0.0019 14.516083129436673 457.4553183482217 0 0 0
V 0 0.00189 -51.88706487474598 -14428.478049152724 0 0 0
V 0 0.00189 -19.72152399632773 14427.773417519125 0 0 0
V 0 0.00189 -23.608336882960373 7388.864504471976 0 0 0
V 0 0.00189 22.13320486671374 253.33555685215651 0 0 0
V 0 0.00189 31.436611715728795 7232.111808216916 0 0 0
V 0 -0.00188993998433848 18.96879119054794 13242.509498023646 -0.0006106494961099216 -5.920787080550208e-7 2.7864666321770578e-9
V 0 -0.0018899026326246072 10.02715903828172 -2509.7942579498467 -0.00012091107762767495 -1.4530350836533903e-7 6.820843679530061e-10
V 0 0.00188 -19.590262844788544 -30510.170098794348 0 0 0
V 0 0.00188 3.9668077586140225 -7647.414745483927 0 0 0
V 0 0.00188 -77.19114911724857 0.006723066456771676 0 0 0
V 0 -0.0018797903015413196 7.912002043164711 9098.968732173425 -0.00022196806538655217 -1.8432616155784558e-7 8.797913871094748e-10
V 0 0.00187 -5.001795908333844 1918.7229331977778 0 0 0
V 0 0.00187 3.011625741891411 -8990.750426732315 0 0 0
V 0 0.00187 12.195083937618708 -8473.806540616255 0 0 0
V 0 0.00186 7.347271166824823 8914.33919283011 0 0 0
V 0 0.00186 3.7649881575031516 638.6168623840274 0 0 0
V 0 0.00186 -33.39048076034519 8605.664773059983 0 0 0
V 0 0.00186 11.697498894986428 6978.776251364759 0 0 0
V 0 0.0018599043640341684 24.00655225064458 48580.742858676604 -0.00023526214133625674 1.1870662981966988e-7 -5.762980227349054e-10
V 0 0.00183 5.05051424037913 0.23235295167933145 0 0 0
V 0 0.0018299035003675633 19.850487215424508 23175.56965311 0.000159334016296649 3.8891753498606977e-7 -1.8435040224190105e-9
V 0 0.00182 -1.8219623445591573 574.6271337526274 0 0 0
V 0 0.00181 18.92913657215317 15214.16767265383 0 0 0
V 0 0.00181 11.184261781025356 7214.062866667962 0 0 0
V 0 0.0018099356458895722 25.949208524929087 39485.18768922728 -0.00014492729294879802 1.605799874571005e-7 -7.71096159804717e-10
V 0 0.0018 8.232170962436804 2435.678078901171 0 0 0
V 0 0.0018 16.879340416751354 11472.859184227182 0 0 0
V 0 0.0018 19.61404601094886 -0.31993778401556483 0 0 0
V 0 0.00179 -54.81105530715883 723.4794200935612 0 0 0
V 0 0.00179 23.849905256918987 10122.944008636387 0 0 0
V 0 0.00178 -21.347943163483748 8017.172089434131 0 0 0
V 0 0.0017799451936265738 -1.3377208290659848 -26729.004796322748 -0.0008393569564775775 -0.0000011888213237223153 5.6222388157229555e-9
V 0 0.00176 -20.107276314756113 26.30839034633624 0 0 0
V 0 0.00176 -8.601249203146477 -15778.04090892672 0 0 0
V 0 0.00176 13.391605679308094 -721.6075906286388 0 0 0
V 0 0.0017599425855230968 21.811702033309587 12685.195217879846 -0.0007961266053467212 -8.105163602157333e-7 3.818441033786816e-9
V 0 0.00175 -24.58893391849002 -14365.768926371813 0 0 0
V 0 0.00175 -47.27331224590459 429.2330782806357 0 0 0
V 0 0.00175 -11.519056708363918 -14035.10476367697 0 0 0
V 0 -0.0017400112743596644 6.173176630019132 -10000.634267386944 -0.0007134590853260098 -9.05724070912024e-7 4.282262282504309e-9
V 0 0.00173 -22.25177483773779 -6037.077499416258 0 0 0
V 0 0.00173 -106.86211816307024 -15542.852335205924 0 0 0
V 0 0.00173 -86.06825259522387 15542.65625204111 0 0 0
V 0 0.0017299514308226772 -1.423971189482236 -25472.40088598577 -0.0008447180261632868 -0.0000011873959714998534 5.623693256766284e-9
V 0 0.00172 25.23301655133069 16872.965791240757 0 0 0
V 0 0.00172 -0.5797726156285736 564.3178563307554 0 0 0
V 0 0.00172 21.283944422301566 23542.859099609388 0 0 0
V 0 0.00171 7.332576829021171 576.0498431527392 0 0 0
V 0 0.00171 28.30893331722799 -8403.942491073085 0 0 0
V 0 0.0017 -42.042305046026605 -15367.952655819503 0 0 0
V 0 0.001699946225000089 34.56419141363027 36556.64093845892 -0.0006959975509734876 -4.961583212474991e-7 2.3233726039812294e-9
V 0 0.00169 20.010589478485514 -16168.760681755753 0 0 0
V 0 0.00168 5.684497688545962 -7114.736076118844 0 0 0
V 0 0.00168 15.79356880517691 2908.8811419684253 0 0 0
V 0 0.00168 40.718226013160354 16173.36307541559 0 0 0
V 0 0.00167 -4.364283647456567 -13869.707924774939 0 0 0
V 0 0.00166 13.496442109639771 15622.93638703182 0 0 0
V 0 0.00166 24.029455040441597 15529.636381365333 0 0 0
V 0 0.0016599140791088043 3.767732047846337 8747.443919774072 0.0005871869380126255 7.61845914769147e-7 -3.5987234735079747e-9
V 0 0.00165 9.813335456923081 334.06124314922965 0 0 0
V 0 0.00165 8.234972498629594 8188.971807579984 0 0 0
V 0 0.00165 -35.22584405778765 -7333.507570676875 0 0 0
V 0 0.00165 0.5790799238766486 426.8023960155788 0 0 0
V 0 0.00164 11.278906800528167 16149.731969041872 0 0 0
V 0 0.00164 -2.5771299445199602 1717.198992296515 0 0 0
V 0 0.00164 7.452435840307777 8312.691917797669 0 0 0
V 0 0.00163 16.529373972337538 16913.332983312754 0 0 0
V 0 0.001629791552903366 7.270498555936324 -3209.0838881430245 0.00006992710129483391 7.170879157291147e-8 -3.5134447470008073e-10
V 0 0.00162 8.300477976640291 -748.839534184878 0 0 0
V 0 0.00162 -16.764502499798986 15423.309589614606 0 0 0
V 0 0.00162 -108.36801383781707 8326.960463705855 0 0 0
V 0 0.00162 28.25427507889287 11930.314502575404 0 0 0
V 0 0.00161 14.64410852426998 2.2669902611480097 0 0 0
V 0 0.00161 0.10330017087100751 -13735.383799684501 0 0 0
V 0 0.0016 6.413801055596334 -86.75052286609733 0 0 0
V 0 0.0016 11.684176819058905 1067.7292216727847 0 0 0
V 0 -0.0015998574564972977 21.78037189300316 38367.14556621558 -0.0003842482944233038 -1.338425129439096e-7 6.078593933751359e-10
V 0 0.001599822389060835 23.278798402999943 37529.294148697125 0.00005127195565942009 3.7616693517288897e-7 -1.8059794435011325e-9
V 0 0.00159 -11.586450160222828 -373.8761444855336 0 0 0
V 0 0.00159 -34.84616755230478 -7525.582204189386 0 0 0
V 0 0.00159 11.015926805555013 8399.679101980246 0 0 0
V 0 0.00158 7.1428013134486905 16.86074646492844 0 0 0
V 0 0.00158 9.45076595250452 -173.50104573219465 0 0 0
V 0 0.00158 -40.49554362145376 -6410.953643901793 0 0 0
V 0 0.00158 16.228168568030355 -1.12925527518928 0 0 0
V 0 0.00158 -69.43366898138305 -0.45747669908723765 0 0 0
V 0 0.00157 35.173425763815345 20652.026899189914 0 0 0
V 0 -0.0015699441410966274 4.255086992342181 -138.5617873252777 0.00024468207116021506 2.9299714817854805e-7 -1.3804099942231817e-9
V 0 0.00155 -9.037068730314434 -15543.465648323572 0 0 0
V 0 0.00155 11.685845363714012 15542.042938923461 0 0 0
V 0 0.00155 3.523845517733502 -8468.411046331124 0 0 0
V 0 0.001549953343348046 -4.266882032243879 -24915.08660584197 -0.0006592409169264871 -9.689583193391408e-7 4.591718855156526e-9
V 0 0.0015499164248736373 8.497402387978504 24010.00750790435 -0.00014455301678698146 2.136089078968615e-8 -1.1465843558240531e-10
V 0 0.00154 9.224969404089924 8378.354822230114 0 0 0
V 0 0.00154 -5.249875574230413 -22667.799647164233 0 0 0
V 0 0.00154 -4.2896599100868436 2110.2199619554685 0 0 0
V 0 -0.0015399546402541152 23.67990298707954 29899.89235193475 -0.0002965939808786997 -9.125647919524797e-8 4.1378847682698876e-10
V 0 0.00153 13.63897243822516 16886.119986413923 0 0 0
V 0 0.00153 8.629496147576832 6508.203020758357 0 0 0
V 0 0.0015299521915532782 13.578288628283271 58719.93891338882 0.00023351487282953802 7.314335525531458e-7 -3.478150311016033e-9
V 0 0.00152 -18.98490884232038 9171.615551058028 0 0 0
V 0 0.00152 1.1438406032649162 1117.2583927484438 0 0 0
V 0 0.00152 24.687641783444988 -173.4668391634259 0 0 0
V 0 0.00152 39.99692822646101 23245.439332446833 0 0 0
V 0 0.00152 -0.5156327211370639 -0.6216282573982426 0 0 0
V 0 0.00151 -44.15455300066833 -6745.014887051022 0 0 0
V 0 0.00151 20.71039562984165 -23240.836938786997 0 0 0
V 0 0.0015 5.649953783021601 1192.6254412929106 0 0 0
V 0 0.00149 4.961514993372293 35.33706191771839 0 0 0
V 0 0.00149 18.12115395853003 7207.50391053887 0 0 0
V 0 0.00149 12.473776539308286 -1111.9987278267408 0 0 0
V 0 -0.0014899507383267976 12.308259616032966 32129.149472509933 0.00044531445606849876 7.824941294476022e-7 -3.714109129612044e-9
V 0 0.00148 -66.51926913602182 7.108942187471257 0 0 0
V 0 0.00148 -2.5248177828559206 -7613.642792456007 0 0 0
V 0 0.00148 -17.936167972000217 -30299.466647929126 0 0 0
V 0 0.00148 23.06390035700513 5502.293575225349 0 0 0
V 0 0.00147 9.53660828184881 7683.4631621017015 0 0 0
V 0 0.00147 11.3848215078284 9743.040951235618 0 0 0
V 0 0.00147 9.650073491623685 2828.6990485601245 0 0 0
V 0 0.00147 20.234263899921864 17665.593496274036 0 0 0
V 0 0.00146 18.655367533811496 0.39321532628712674 0 0 0
V 0 0.00146 -50.845952051103424 -7079.076130200252 0 0 0
V 0 0.00146 0.6293036627125879 -7038.2948306746175 0 0 0
V 0 0.00145 -1.9956194538436636 -5541.016497819385 0 0 0
V 0 0.00145 14.240813640990922 1931.3234219381425 0 0 0
V 0 0.00143 18.28159053960318 24047.213756572415 0 0 0
V 0 0.00142 11.009909735931833 -1148.3856048958642 0 0 0
V 0 0.00142 -48.11017985313573 8231.78862857445 0 0 0
V 0 0.00142 4.223562080272547 -7620.201748585097 0 0 0
V 0 -0.0014199769653924453 3.74316541123878 7980.926609161728 -0.00046128906686105796 -4.787486619588557e-7 2.258746940289328e-9
V 0 0.00141 -16.255857905993118 -22790.57420489975 0 0 0
V 0 0.00141 9.131661875092735 -6.6114024698257055 0 0 0
V 0 0.00141 26.2453142633304 32236.185564152398 0 0 0
V 0 0.00141 -42.830952486032096 -14739.645070857348 0 0 0
V 0 0.00141 6.194663505170732 -7969.451883653225 0 0 0
V 0 0.00141 29.464111638509603 -8535.939692475606 0 0 0
V 0 0.0014 1.2958938045872426 922.5539267750811 0 0 0
V 0 0.0014 18.825755256367994 17272.57252661508 0 0 0
V 0 0.0013900051948273773 41.58773392821954 62171.01717449407 -0.00022759481296950944 2.5578769815339116e-7 -1.2349174085222101e-9
V 0 0.00139 -6.0523022647135365 31.178403482055273 0 0 0
V 0 0.00138 -5.037179048690117 -7111.891158367548 0 0 0
V 0 -0.0013799291856651421 16.45252961135134 32480.674284909284 -0.000363840547330679 -1.6367794687939043e-7 7.644057310054052e-10
V 0 0.00137 14.199889343222512 15307.467678320316 0 0 0
V 0 -0.0013699765325499275 22.736523238394277 21989.953417797715 -0.000023462558097295998 1.697672067141262e-7 -8.122568413309167e-10
V 0 0.00136 49.347330657933256 0.13124433830021331 0 0 0
V 0 0.00135 12.754529321150416 23871.44572057907 0 0 0
V 0 0.00135 10.981374811641606 14836.894447713912 0 0 0
V 0 0.00135 2.4685154193490457 -5406.692372728947 0 0 0
V 0 0.00135 6.487652480360245 -8047.004144600676 0 0 0
V 0 0.00135 0.29392213438182324 -7700.389471787066 0 0 0
V 0 0.00134 21.68424819875428 18058.614465932988 0 0 0
V 0 0.00134 19.619338535688602 8266.55827509621 0 0 0
V 0 0.00133 14.146786273487589 36.75977131783023 0 0 0
V 0 0.00133 -6.895050004149801 15.747744719033108 0 0 0
V 0 0.00133 24.270322814949296 7278.497215357233 0 0 0
V 0 -0.0013298809691365471 11.938485172259798 14076.60092093657 0.00038130208168320114 5.732436965439153e-7 -2.7232954095284855e-9
V 0 0.001329802793037188 12.924990101153185 21358.23789990512 0.00011085119374465208 3.115073345233101e-7 -1.4979773118922441e-9
V 0 0.00132 5.53661298133392 -1115.3399149876484 0 0 0
V 0 0.00132 5.971383574105672 2076.438535598843 0 0 0
V 0 0.00132 31.26465742737817 8540.542086135441 0 0 0
V 0 -0.0013199808668961708 34.446610912907595 63495.19519713163 -0.0002894803097357795 1.8194087824678666e-7 -8.857545953871222e-10
V 0 0.00131 -5.834346220645871 1113.9172055875363 0 0 0
V 0 0.00131 7.257730892136012 9542.646777792266 0 0 0
V 0 0.00131 -65.96038627918632 683.6645187572576 0 0 0
V 0 0.00131 22.63736735755294 -7209.131837377192 0 0 0
V 0 -0.001309985207830464 23.07496754186102 65724.45231770682 0.00045242812721141897 0.0000010556914868896367 -5.013652201826155e-9
V 0 0.0013 -1.1536303887680273 -6880.001623518732 0 0 0
V 0 0.0013 -45.21010176005861 -8193.704690487844 0 0 0
V 0 0.0013 19.55506515526461 23793.893459631618 0 0 0
V 0 0.0013 1.5429976828365524 723.8675592709446 0 0 0
V 0 0.00129 3.6315561625314583 10.30927742187204 0 0 0
V 0 0.00129 8.582366226739273 -27.229957313569784 0 0 0
V 0 0.00129 -2.867272827297097 -6620.700169906391 0 0 0
V 0 0.00129 0.7054999844989247 -705.8598459096056 0 0 0
V 0 0.00129 8.913478598367924 9037.181105326012 0 0 0
V 0 0.00128 7.516813635199709 8922.054123717124 0 0 0
V 0 0.00128 -19.217657944038145 1471.2317090646288 0 0 0
V 0 0.00128 21.848039041432152 25260.0580919059 0 0 0
V 0 0.00128 18.304714874998947 11865.880153886135 0 0 0
V 0 0.00128 19.590168844845696 95.60120249640204 0 0 0
V 0 0.00128 32.081424483209204 317.7699055414214 0 0 0
V 0 -0.0012798126862031002 -0.1725007208324998 2513.207820673952 -0.000010722139371418496 2.8507044449240718e-9 2.9088820866572157e-12
V 0 0.00127 17.423563912181415 15648.692486642462 0 0 0
V 0 -0.0012699089468538726 13.15359396440028 16242.043923816696 -0.0002477368821648862 -1.530653753999027e-7 7.246994905225343e-10
V 0 0.00126 17.29050315082632 32166.380102926356 0 0 0
V 0 0.00126 10.906649362591729 8687.930970257881 0 0 0
V 0 0.00126 11.198753106784633 8610.378709310431 0 0 0
V 0 0.00126 17.394312489460408 640.9268256572063 0 0 0
V 0 0.00125 -5.73268485091671 -8328.839874226356 0 0 0
V 0 0.00125 -1.0215730543851116 8328.542979684753 0 0 0
V 0 0.00125 -35.16821821930233 -8328.332388072298 0 0 0
V 0 0.00125 -30.457124050596178 8329.05046583881 0 0 0
V 0 0.00125 15.02418469008028 17844.108247434247 0 0 0
V 0 0.00125 -40.50296006397652 8463.678163423265 0 0 0
V 0 0.00125 1.2482968147341174 1108.069604158501 0 0 0
V 0 0.00124 15.411349009835014 7320.001059686906 0 0 0
V 0 0.00124 15.941321102936765 850.4762880071753 0 0 0
V 0 0.00124 33.798674375978955 15560.803235172472 0 0 0
V 0 0.00123 -1.7739527197948766 662.1190228608011 0 0 0
V 0 0.00123 -4.705626641159793 -7449.349481971164 0 0 0
V 0 0.00123 25.270835757825154 10515.964978295342 0 0 0
V 0 0.001229956983138402 -1.3131541924584296 -25962.487485710397 0.00020911904839610612 5.1773253005687344e-8 -2.352315980743468e-10
V 0 0.00122 7.6530910311909865 -8264.257078266284 0 0 0
V 0 0.00122 17.220725768189567 3301.90211162738 0 0 0
V 0 0.00121 3.39274934746582 -7209.65363701586 0 0 0
V 0 0.00121 -10.610962914332893 -13277.448756430558 0 0 0
V 0 0.00121 -74.09267447090305 628.3143080286122 0 0 0
V 0 0.00121 -12.605810242175536 -22599.08280593573 0 0 0
V 0 0.00121 20.285474730854155 -15537.823264332746 0 0 0
V 0 -0.0012099410736606 22.292293474106557 30247.657169728573 0.0003217228435979692 6.379032971934942e-7 -3.0312975411373736e-9
V 0 0.0012 -74.00643863094744 -628.3008618956987 0 0 0
V 0 0.0012 -3.6672142351994106 -22457.09619629901 0 0 0
V 0 0.0012 2.969088063071455 -13577.649445328749 0 0 0
V 0 0.0012 30.31474626451464 21045.047868848866 0 0 0
V 0 0.0012 41.07978518312685 15547.685322914283 0 0 0
V 0 0.0012 5.0112062878131 8956.993382124043 0 0 0
V 0 0.00119 5.461603384003657 -192.68871588504143 0 0 0
V 0 0.00119 -13.92620419330715 -31624.79865908194 0 0 0
V 0 0.00119 -21.096703537718795 -22168.32447666563 0 0 0
V 0 0.00119 -14.090285357640418 -7182.8844631859065 0 0 0
V 0 0.00119 -15.383004599140953 8979.540917545515 0 0 0
V 0 0.00119 11.080935788638328 3221.7200182190786 0 0 0
V 0 0.00119 17.671113981866263 -8313.272317867453 0 0 0
V 0 0.00119 13.005611485055582 -15524.705352074565 0 0 0
V 0 0.00119 10.259114322319288 8566.238010901061 0 0 0
V 0 -0.0011899203887261133 -9.508473953479447 -32058.16179748524 -0.000633472100148153 -0.0000010002191054970837 4.746810751743466e-9
V 0 0.00118 -11.396907956871058 16577.7530512385 0 0 0
V 0 0.00118 -50.47940146879309 -7271.150763712763 0 0 0
V 0 0.00118 -107.58077907167149 2.03552146883095 0 0 0
V 0 0.00118 6.900549686284818 8033.886232342495 0 0 0
V 0 0.00118 15.228978355895453 17148.619598615955 0 0 0
V 0 0.00117 23.089604952211978 18451.635435591943 0 0 0
V 0 0.00117 29.240233164230858 -468.272033776484 0 0 0
V 0 -0.0011699428089347963 20.762536823803345 56767.45893558276 0.0002980809044386627 8.045676963485193e-7 -3.828040344672785e-9
V 0 0.00116 11.576978618685782 8399.684731773914 0 0 0
V 0 0.00116 -20.81808539958061 -16737.012656583716 0 0 0
V 0 0.00116 -44.54776973563007 8565.84987172368 0 0 0
V 0 0.00116 -1.1921229512873381 -5877.26560333535 0 0 0
V 0 0.00116 38.72318435623789 7218.993895958734 0 0 0
V 0 -0.0011599419379380504 0.03133014030642567 -25681.950348335733 -0.0004118783109234174 -6.766738472718237e-7 3.21058164041168e-9
V 0 0.0011599384728680313 9.940908677865469 -1253.19034761287 -0.0001262721473133842 -1.4387815614287698e-7 6.835388089963348e-10
V 0 0.00115 22.97632186928988 31051.75154263876 0 0 0
V 0 0.00115 -34.77227154843807 7349.049603135672 0 0 0
V 0 0.00115 -65.96506104715836 6585.762004772264 0 0 0
V 0 0.00114 -82.13405205469213 -6585.7485586393495 0 0 0
V 0 0.00114 14.947606641273067 17226.171859563405 0 0 0
V 0 0.00114 15.35592842850567 -7196.0139251190085 0 0 0
V 0 0.00114 6.557880047406496 45.77903879427822 0 0 0
V 0 0.00113 15.67785551155081 16137.299204183733 0 0 0
V 0 0.00113 -3.5923992272454424 -73.59632769292921 0 0 0
V 0 0.00113 -37.62138126042643 -15662.19899763243 0 0 0
V 0 0.00113 -16.229721700607005 -30692.48761758808 0 0 0
V 0 0.00113 -3.5460640709291926 -14205.957030290905 0 0 0
V 0 0.00113 24.49301278691172 5895.314544884302 0 0 0
V 0 0.00112 3.0634234628618096 1290.3965962809361 0 0 0
V 0 0.00112 6.972656963772492 9373.430210841978 0 0 0
V 0 0.0011199597545887682 39.275303210161866 53214.023792370026 -0.0003819420357422657 4.6639076122737174e-9 -4.930555136883992e-11
V 0 0.00111 7.452352448524596 42.65981908760001 0 0 0
V 0 0.00111 0.7081913693749993 -1154.4434616238964 0 0 0
V 0 0.00111 -3.09000295337088 -7178.725804750244 0 0 0
V 0 0.00111 -39.30419532859171 -57.08789704480114 0 0 0
V 0 0.00111 10.890957278814128 9343.461025447572 0 0 0
V 0 0.00111 24.91582868598237 16000.209611971739 0 0 0
V 0 0.00111 23.56371288491888 -16867.260951892007 0 0 0
V 0 0.00111 30.07533381840475 16866.60368063015 0 0 0
V 0 0.00111 29.67901388822688 12323.335472234361 0 0 0
V 0 -0.001109989119559306 -4.636656476017047 -42967.63515741534 -0.0007232532913117848 -0.0000011782087522428276 5.582532575240084e-9
V 0 -0.0011099027440582207 2.5162615791966 -19238.164786885645 -0.0002468089487792426 -4.284007611756304e-7 2.0220609011716524e-9
V 0 0.0011 9.71072808228135 7.4781598567143535 0 0 0
V 0 0.0011 -46.5104162514154 -15073.706314006577 0 0 0
V 0 0.00109 8.917589564292882 9009.968108427182 0 0 0
V 0 0.00109 -22.638150730019326 -413.6910458218374 0 0 0
V 0 0.00109 -21.26295590516785 15717.555931427529 0 0 0
V 0 0.00109 -4.224285780271181 -8077.65706693332 0 0 0
V 0 -0.0010899865163425894 24.604724192164234 39204.65055185261 0.0004760700663707255 8.890270877346115e-7 -4.216909398290744e-9
V 0 0.00108 2.4132727513567636 1149.9656222053106 0 0 0
V 0 0.00108 -4.284827009515304 -14911.81687620051 0 0 0
V 0 0.001079901011227405 15.268750959517288 4633.280933693426 -0.000146679894406009 -1.1404272220739616e-7 5.269924713660655e-10
V 0 -0.0010798393904195968 -2.528056619098299 -5815.483606281603 -0.00016774989698702944 -2.4756040998496234e-7 1.1892479597616918e-9
V 0 0.00107 -4.758571119322095 -23835.397303961297 0 0 0
V 0 0.00107 7.154745994195871 1235.2852603805106 0 0 0
V 0 0.00107 -15.01772251136811 31085.156271430234 0 0 0
V 0 0.00107 -67.53595750465598 -8273.334493160452 0 0 0
V 0 0.00106 14.839416717136096 8354.430566151457 0 0 0
V 0 0.00106 -56.60553829552957 -31085.860903063833 0 0 0
V 0 0.00106 11.527399268499646 -956.8942059318406 0 0 0
V 0 0.00106 2.7514577780182474 -8300.30549488406 0 0 0
V 0 0.00106 15.663433446080099 2324.344391597095 0 0 0
V 0 0.00106 42.962687181564455 8317.874711527289 0 0 0
V 0 0.00106 19.736925554246405 23837.664294222446 0 0 0
V 0 0.0010599419428248109 -3.8539824082625866 -7490.840009437095 -0.0005925480076983348 -7.60420562546685e-7 3.600177914551303e-9
V 0 0.00105 11.882318188610046 16587.49307750994 0 0 0
V 0 0.00105 11.613097110373964 1151.3883316054225 0 0 0
V 0 0.00105 -2.855233897170427 -13710.800635246524 0 0 0
V 0 0.00105 -62.8273460668108 8384.048360750658 0 0 0
V 0 0.00105 7.462864535193434 8357.07735902705 0 0 0
V 0 0.00104 -1.2620813116714837 1184.458403261992 0 0 0
V 0 0.00104 2.4867909340070504 620.829425105441 0 0 0
V 0 0.00104 -4.218982646014293 16719.739660875217 0 0 0
V 0 0.00104 5.325580155948025 -5248.958018373194 0 0 0
V 0 0.00104 22.05016814323372 9101.615454015278 0 0 0
V 0 0.00103 12.805897644000932 -7660.5689406570955 0 0 0
V 0 0.00103 6.1112480377769 -7177.303095350132 0 0 0
V 0 0.00103 13.786427457932032 8834.140139007068 0 0 0
V 0 0.00103 15.37855275824425 9462.447723969224 0 0 0
V 0 0.00103 -30.352951058358915 1431.4168077283243 0 0 0
V 0 0.00103 -26.785452993136467 8939.726016209213 0 0 0
V 0 0.00102 10.396933482054886 15542.754293623517 0 0 0
V 0 0.00102 -17.835326444361797 -22703.84806378201 0 0 0
V 0 0.00102 0.28091383243822765 1212.8443353334856 0 0 0
V 0 0.00102 -2.070889570217279 -6583.125449244955 0 0 0
V 0 0.001019960800673341 26.03545888534534 38228.58377889031 -0.00013956622326308877 1.5915463523463845e-7 -7.725506008480457e-10
V 0 -0.001019928540560155 9.823328177142791 25685.363911059845 0.000280245093924324 5.342210433514088e-7 -2.5255883903720164e-9
V 0 -0.001019905518697694 12.425840116755642 5190.5952138372195 0.00003879721483079061 1.0439492995331637e-7 -5.049819302436926e-10
V 0 0.00101 3.8706404334609523 24459.93840420492 0 0 0
V 0 0.00101 -3.2536762921931923 -14307.469033243005 0 0 0
V 0 0.00101 -44.37788590625774 -8957.351327734512 0 0 0
V 0 0.00101 12.420885281664798 1494.5316176883634 0 0 0
V 0 0.00101 22.39115821386042 -7840.069254800199 0 0 0
V 0 0.001 8.340059394617235 7771.377146811758 0 0 0
V 0 0.001 -1.3119751736794867 -7718.408050302286 0 0 0
V 0 0.001 12.464374208560324 8294.910000598928 0 0 0
V 0 0.001 -2.770313553178168 -201.50518894657648 0 0 0
V 0 0.001 11.372424985142235 16579.830592963655 0 0 0
V 0 0.001 -11.210693509972216 -22206.061836276775 0 0 0
V 0 -0.0009999486285962827 -0.36977444377316804 -18052.548551573364 -0.0000640123743852976 -2.0925043290368683e-7 9.908137200835585e-10
V 0 0.0009999128984807715 -8.053172623690784 -32267.71125983521 -0.00020063238490828373 -4.894969812690541e-7 2.333699135388862e-9
V 0 0.00099 -6.235208984218578 -7108.124673649018 0 0 0
V 0 0.00099 18.599451323528953 24393.815112522283 0 0 0
V 0 0.00099 9.675064372102948 -8341.14294376838 0 0 0
V 0 0.00099 14.386176168634549 8316.239910142727 0 0 0
V 0 0.00099 -40.80561260313638 -7213.703827784705 0 0 0
V 0 0.00099 -24.722917649417408 7214.421905551219 0 0 0
V 0 0.00099 -14.555558817743126 16051.617174576759 0 0 0
V 0 0.00099 -62.001849824441535 -7118.8910315365565 0 0 0
V 0 0.00099 24.499852292766683 18844.6564052509 0 0 0
V 0 -0.0009800051991820723 29.322599492394698 29413.56574681565 -0.0006702287341951536 -5.27419107405442e-7 2.4784645005681696e-9
V 0 0.00098 24.040701068167827 23279.186552234692 0 0 0
V 0 0.00098 -0.8974953915222533 -5978.777606287451 0 0 0
V 0 0.00098 -73.16016348253027 -7158.70593287286 0 0 0
V 0 0.00098 -6.004970191163846 -23948.997981526525 0 0 0
V 0 0.00098 1.9571713644468751 -16734.93511485856 0 0 0
V 0 0.00098 2.7616823959662726 -24.583164437978525 0 0 0
V 0 0.00098 19.067213237572684 -24078.69398609912 0 0 0
V 0 0.00097 -12.925585311951545 -32233.8941921429 0 0 0
V 0 0.00097 -26.58909627801425 -23322.767938289526 0 0 0
V 0 0.00097 -33.35859463473964 8956.64669610091 0 0 0
V 0 0.00097 12.499350048361894 3614.7409878780313 0 0 0
V 0 0.00097 13.104805901603255 1460.7501913317383 0 0 0
V 0 0.00097 15.490115843429187 8473.307869053124 0 0 0
V 0 0.00097 38.37498795062343 7844.6716484600365 0 0 0
V 0 0.00096 -56.37533634676319 -8233.519591824148 0 0 0
V 0 0.00096 41.66160225407319 24083.296379758955 0 0 0
V 0 -0.0009599477594600754 18.80808550961714 40809.36571186484 -0.00020681278971506806 8.673316755049599e-8 -4.219333466696292e-10
V 0 0.000959918275064495 13.566493588381572 33666.29052022157 -0.000181043972936734 5.5472381392553106e-8 -2.6684145008268867e-10
V 0 0.00095 11.196119910410113 8.878392730974738 0 0 0
V 0 0.00095 -15.025659489322742 -113.41122902923325 0 0 0
V 0 0.00095 7.692368404279515 10107.675988823075 0 0 0
V 0 0.00095 -53.20668040714043 -15407.767557155807 0 0 0
V 0 0.00095 -56.59240220625047 -12.2059189181482 0 0 0
V 0 0.00095 12.500675851754995 -1192.180821235043 0 0 0
V 0 -0.0009498964548223984 4.581736255907224 18542.288719416574 0.000306013910702658 5.029602571934659e-7 -2.370496493785076e-9
V 0 0.00094 18.643847879037462 3694.9230812863334 0 0 0
V 0 0.00094 31.60365561050125 7860.4193931790705 0 0 0
V 0 0.00094 37.65460218664587 -3.1132441126192134 0 0 0
V 0 0.00094 4.440206618393453 1080.8471339309663 0 0 0
V 0 -0.000939986956912194 30.29054587768752 38090.02199156502 0.00010511584789712626 4.5215178341318653e-7 -2.152960595071227e-9
V 0 0.00093 25.871424985594803 23332.155648744167 0 0 0
V 0 0.00093 2.75333915767317 521.6580372431554 0 0 0
V 0 0.00093 12.943391203789439 16171.061878585671 0 0 0
V 0 0.00093 -15.311307076577238 -29934.83161034167 0 0 0
V 0 0.00093 -49.52649967543266 -199.07450668151932 0 0 0
V 0 0.00093 -8.229910177291318 -22850.117165957963 0 0 0
V 0 0.00093 16.91503684433861 16251.243971993976 0 0 0
V 0 0.00093 21.660293602524803 7200.9449544097815 0 0 0
V 0 0.0009299329858920523 14.596123697483083 40319.625544021634 -0.00044881432603242845 -2.0697665673928311e-7 9.577494270318883e-10
V 0 -0.0009298964517681732 5.556446144898912 770.2773052178709 -0.0003789958230021631 -4.34737275987732e-7 2.066130464784509e-9
V 0 0.00092 16.323055592754063 25178.703063324934 0 0 0
V 0 0.00092 -27.35805768120192 -8342.197937945522 0 0 0
V 0 0.00092 -22.646794215558323 8315.184915965587 0 0 0
V 0 0.00092 -38.44214419105063 -7859.643447338615 0 0 0
V 0 0.00092 -51.66816707447892 8423.863262086961 0 0 0
V 0 0.00092 9.135264417540576 7703.013674454251 0 0 0
V 0 0.00092 5.630804039098402 -0.3698638185451273 0 0 0
V 0 0.00091 14.978071734636945 23209.386720802308 0 0 0
V 0 0.00091 7.758135894899068 -8362.47285331218 0 0 0
V 0 0.00091 11.492086892905748 8322.08002448573 0 0 0
V 0 0.00091 -51.655110251412495 -6450.768545238097 0 0 0
V 0 0.0009099139359627372 17.624306857783086 12961.972360648979 0.00001034786320960193 1.3636839222249026e-7 -6.593466063089689e-10
V 0 0.0009 -12.532644449646096 -22234.44776834827 0 0 0
V 0 0.0009 19.28658260670197 -532.7063824657525 0 0 0
V 0 -0.0008999182744536499 19.424815994737358 30038.454139260026 -0.0005412760520389148 -3.8425362737379605e-7 1.7941984710501706e-9
V 0 0.0008999174059002843 15.096250238684785 7146.488754367379 -0.0001574020337774275 -1.1119201776247208e-7 5.299013534527228e-10
V 0 0.00089 9.49667891357775 7004.513404317993 0 0 0
V 0 0.00089 25.10877959197611 22809.78625680095 0 0 0
V 0 0.00089 -29.302047362891226 23242.785819800116 0 0 0
V 0 0.00089 11.705752782215066 -931.1570529786078 0 0 0
V 0 0.00089 3.955118576082749 -8275.731803774786 0 0 0
V 0 0.00089 -2.9633053062274595 -7185.6769345964685 0 0 0
V 0 0.0008899383618649305 16.951679595748885 48648.31697097718 -0.00029178656841681756 4.343445769060332e-8 -2.2858965064314634e-10
V 0 -0.0008899174065111293 24.13592779126896 46695.836993171135 -0.00022722053680769287 1.1656860148597681e-7 -5.784796842998985e-10
V 0 0.00088 18.26520169517787 14394.368688727654 0 0 0
V 0 0.00088 -3.4795772998725187 -15208.693050474287 0 0 0
V 0 0.00088 -10.620272730510163 1074.8136589512885 0 0 0
V 0 0.00088 15.298565329461876 16756.70964446023 0 0 0
V 0 0.00088 13.477820002893171 17215.800662472095 0 0 0
V 0 0.00088 -48.594289106026785 -23243.490451433714 0 0 0
V 0 0.00088 12.59213207535041 8897.480432607852 0 0 0
V 0 0.00088 19.722833475947226 12258.901123545093 0 0 0
V 0 0.00088 38.02001154644575 21438.06883850782 0 0 0
V 0 0.00088 -42.377743054763364 0.45744337551695935 0 0 0
V 0 0.0008799427642252179 1.0609602494079375 -19028.615324535676 -0.0006796486640191119 -9.3912288540366e-7 4.4351725175262566e-9
V 0 0.00087 14.774279516639057 7548.124109817192 0 0 0
V 0 0.00087 7.474658515098493 -8330.833666346507 0 0 0
V 0 0.00087 12.185770311630092 8326.5491875646 0 0 0
V 0 0.00087 3.4748181784408976 -7230.2721918596035 0 0 0
V 0 0.00087 -46.00318460529219 -7565.39710552569 0 0 0
V 0 0.00087 -63.60950514889255 14914.453431727816 0 0 0
V 0 0.00087 -57.08672366076877 7269.419800463064 0 0 0
V 0 0.00087 -84.48960795295794 -14914.439985594905 0 0 0
V 0 0.00087 -3.458024191415062 -8111.438493289945 0 0 0
V 0 0.00087 0.7410933749739101 -13893.118154040254 0 0 0
V 0 0.00087 7.392952167386369 2469.459505257796 0 0 0
V 0 0.00087 26.696849530177754 10908.985947954296 0 0 0
V 0 0.00086 -3.289982438628222 23791.81591790646 0 0 0
V 0 0.00086 -35.402050177635644 8327.725028766221 0 0 0
V 0 0.00086 -30.152184591585176 9131.800649721723 0 0 0
V 0 0.00086 25.91902725739602 6288.335514543256 0 0 0
V 0 0.0008598706093857465 18.61081178667647 20243.609339617527 -0.00026010302472894716 -1.2536796979811492e-7 5.659714913272722e-10
V 0 0.00085 1.4553013297886626 -209.54946234996896 0 0 0
V 0 0.00085 -14.289786757121552 6506.125479033199 0 0 0
V 0 0.00085 -11.861796920503217 -23264.468045160716 0 0 0
V 0 0.00085 11.254348361877554 8504.459462948898 0 0 0
V 0 0.00085 5.514982430872225 -7219.962914437732 0 0 0
V 0 0.00085 8.160193575067021 8385.358398417073 0 0 0
V 0 0.00085 -33.58425193482331 -6076.892400752563 0 0 0
V 0 0.0008499574744419301 14.164665529901221 24290.198213397587 0.0005302882347702482 8.257928393074948e-7 -3.907452825638527e-9
V 0 0.00084 4.177082897738057 991.7696873769505 0 0 0
V 0 0.00084 -10.543551647365023 -31807.116177875672 0 0 0
V 0 0.00084 -12.25772553855436 -31414.095208216717 0 0 0
V 0 0.00084 12.468383547647525 9665.488690288166 0 0 0
V 0 0.00084 30.184322434926507 7467.398423520119 0 0 0
V 0 0.00084 20.637146437868978 32375.90518352797 0 0 0
V 0 -0.0008399557399273674 13.122263824093853 41923.99427215243 0.00016414142875853117 5.236084718719211e-7 -2.4858821498891458e-9
V 0 -0.0008399540052640164 14.738270834813317 14147.58859596126 0.00019314443760354692 3.5551872049443384e-7 -1.690593787397063e-9
V 0 0.00083 30.019222109817218 7220.09634164764 0 0 0
V 0 0.00083 -22.796696710426787 -707.9373876347632 0 0 0
V 0 0.00083 15.887574172708057 16012.154589057256 0 0 0
V 0 0.00083 9.975952971468036 -539.290071834909 0 0 0
V 0 0.00083 1.7996239430943923 16688.56125739316 0 0 0
V 0 0.00083 13.753362030901162 401.8374427204885 0 0 0
V 0 0.00083 -79.73537814918207 1114.635283354049 0 0 0
V 0 0.00083 -68.3637347781355 -1114.6218372211356 0 0 0
V 0 0.00083 9.264410210197461 16362.577659298047 0 0 0
V 0 0.00083 13.118902002498514 7242.448798739456 0 0 0
V 0 0.00083 4.847135165086238 1605.8653049924392 0 0 0
V 0 0.00083 12.706786824021737 8959.628844378562 0 0 0
V 0 0.00083 25.93887295683685 19237.67737490985 0 0 0
V 0 0.0008299908663604457 21.206766588091064 48509.75518365191 -0.0000471044972566025 3.3643160586915136e-7 -1.608999644866328e-9
V 0 -0.000829971378142116 33.503231164222335 55585.25626299459 -0.000016348886954375763 4.429645641561608e-7 -2.1117999135450276e-9
V 0 -0.0008299414068729421 6.468495753277748 34362.16658769064 -0.00024024893486014942 -1.9087114625282432e-8 8.159414253073482e-11
V 0 0.00082 -45.9291695699705 7309.234701799367 0 0 0
V 0 0.00082 3.1301904478388876 7465.097226690197 0 0 0
V 0 0.00082 -10.250503751459844 -14270.391378980172 0 0 0
V 0 0.00082 -1.3091998956259223 1481.912376993313 0 0 0
V 0 0.00082 -1.3890971424216625 2293.6914692644527 0 0 0
V 0 0.00082 11.550852161836213 439.4216367106292 0 0 0
V 0 0.00082 23.973171122737817 -18.362317268524748 0 0 0
V 0 0.00082 20.787485662743105 -8319.831273996542 0 0 0
V 0 0.00082 25.49859745927471 8337.551579914567 0 0 0
V 0 0.00082 30.042747548879213 79.85345777736984 0 0 0
V 0 0.00082 6.8948161177157665 -33.78705615029321 0 0 0
V 0 0.00081 8.437900659432058 -15536.720818643837 0 0 0
V 0 0.00081 -84.9348748951525 -6570.213249247008 0 0 0
V 0 0.00081 20.012835843478314 9414.454330265933 0 0 0
V 0 0.00081 17.08600438195021 2717.3653612560493 0 0 0
V 0 0.00081 76.44900622532633 0.4293673649954144 0 0 0
V 0 0.00081 21.537704977445895 1116.9297571175102 0 0 0
V 0 0.00081 22.623294054342296 -0.21005154756572875 0 0 0
V 0 0.00081 3.098211259047475 628.301955168488 0 0 0
V 0 0.0008 18.190751261585223 40704.62099223188 0 0 0
V 0 0.0008 8.406725616500609 8470.72680008898 0 0 0
V 0 0.0008 -6.3903198882652585 -15524.73008531463 0 0 0
V 0 0.0008 -42.90889520356356 -24986.42659668346 0 0 0
V 0 0.0008 -28.77555195998713 24985.721965049863 0 0 0
V 0 0.0008 -33.7596360720312 8797.739406572495 0 0 0
V 0 0.0008 -48.10057945893358 1057.5406632427912 0 0 0
V 0 0.0008 18.444625092670442 25443.529599214886 0 0 0
V 0 0.0008 19.86616192095875 25836.550568873838 0 0 0
V 0 0.0008 26.386787334820077 23858.32780832089 0 0 0
V 0 0.0008 17.364053656295617 1243.4972576661285 0 0 0
V 0 0.0008 -3.4123112560309012 -15576.535719980142 0 0 0
V 0 -0.000799955737335199 29.77862429658412 46209.51038805203 -0.0006008552901241467 -3.195940267242172e-7 1.4861963394412824e-9
V 0 0.00079 -1.6759626641583996 2474.854999542928 0 0 0
V 0 0.00079 1.1336670280041652 1037.0762993401418 0 0 0
V 0 0.00079 11.852827608900034 -346.62030260727715 0 0 0
V 0 0.00079 12.88387087119672 8819.928171660402 0 0 0
V 0 0.00079 17.21028922557637 -23871.77435621 0 0 0
V 0 0.00079 42.71526798621774 23871.117084948142 0 0 0
V 0 0.00079 16.711663797025114 -32407.385413054675 0 0 0
V 0 0.00079 44.01715169462075 32411.98780671451 0 0 0
V 0 0.00079 15.811857319822884 -1148.4099866442184 0 0 0
V 0 0.00078 -15.457443072574005 -14375.156636826452 0 0 0
V 0 0.00078 -11.967404331948408 14834.816905988753 0 0 0
V 0 0.00078 1.1481856555125942 -6585.04392700575 0 0 0
V 0 0.00078 9.065598062424296 8205.832554044913 0 0 0
V 0 0.00078 -0.3452868955001511 -7231.694901259716 0 0 0
V 0 0.00078 13.727672786931677 99.3267905491184 0 0 0
V 0 0.00078 -0.4919915688788432 -5382.109208290969 0 0 0
V 0 0.00078 -53.99541040121954 -14779.45997219365 0 0 0
V 0 0.00078 -37.85168185815949 8899.91111487291 0 0 0
V 0 0.00078 -85.13768723062134 8304.418558078049 0 0 0
V 0 0.00078 -0.35065323326828235 -8799.264657561958 0 0 0
V 0 -0.0007799566058885644 17.026134916263434 22338.06466747296 -0.0007009843444973803 -6.339520656924514e-7 2.9812647692468695e-9
V 0 0.00077 8.82741433911308 -1114.6285602875923 0 0 0
V 0 0.00077 -18.0089319497872 -26.660706163135814 0 0 0
V 0 0.00077 -18.726619518759392 -13839.633049710073 0 0 0
V 0 0.00077 15.258293253138545 8449.348127048474 0 0 0
V 0 0.00077 -89.85032619024842 -8352.96429583306 0 0 0
V 0 0.00077 -1.4202055165391239 950.3352498027497 0 0 0
V 0 0.00077 -1.8471682132897231 -15183.514750321188 0 0 0
V 0 0.00077 13.877547038736743 10058.50965994712 0 0 0
V 0 0.00077 20.065476511644423 4087.944050945286 0 0 0
V 0 -0.0007699908718860546 6.653768070816106 7561.82768446179 0.00040439036361868054 5.426955864972035e-7 -2.5674762924198806e-9
V 0 -0.0007699731140271572 27.817409478699044 56699.884823282184 0.00035460533151922345 8.798398684775859e-7 -4.1757487167645445e-9
V 0 0.00076 13.936549147246815 -7208.029391688284 0 0 0
V 0 0.00076 -6.218315999354136 16648.746356056858 0 0 0
V 0 0.00076 3.83374659980867 -14878.398292043588 0 0 0
V 0 0.00076 -50.928227359037784 -32200.489463351423 0 0 0
V 0 0.00076 -20.71211219272236 32199.78483171782 0 0 0
V 0 0.00076 -2.902144012114653 -13241.400339812782 0 0 0
V 0 0.00076 -32.511242529113716 7977.357188097827 0 0 0
V 0 0.00076 22.866387314614393 8281.792088340746 0 0 0
V 0 0.00076 13.923067665550569 4007.761957536985 0 0 0
V 0 0.00075 -18.611410313600413 -31119.265631855305 0 0 0
V 0 0.00075 0.12558849719116694 -7805.13419142003 0 0 0
V 0 0.00075 -3.1185479899533526 -1.4227094001118417 0 0 0
V 0 0.00075 -0.6543179515477786 2212.336440683487 0 0 0
V 0 0.00075 12.118668463225477 16493.089543426264 0 0 0
V 0 0.00075 13.86632613938842 1887.552587347317 0 0 0
V 0 0.00075 31.0990207608929 12716.35644189331 0 0 0
V 0 0.0007499587813263154 16.538779971767593 31224.070374572308 -0.0003584794776449698 -1.6510329910185247e-7 7.629512899620766e-10
V 0 -0.0007499070957458223 13.782119489422197 30524.78074437913 -0.0001676412987224609 5.190900083639802e-8 -2.704775526910102e-10
V 0 0.00074 11.835665176130195 33700.10758791388 0 0 0
V 0 0.00074 9.852127683457423 3.813303563758456 0 0 0
V 0 0.00074 8.903884063672415 7824.346243321231 0 0 0
V 0 0.00074 14.124359390132323 -16651.34937893143 0 0 0
V 0 0.00074 23.54658298319552 16663.416328890788 0 0 0
V 0 0.00074 -1.6799395592231707 1132.6527685964795 0 0 0
V 0 0.00074 -0.32253732374636 9545.49169554356 0 0 0
V 0 0.00074 -36.056194409872546 8169.431821610339 0 0 0
V 0 0.00074 23.565369182356218 -9.173528678582443 0 0 0
V 0 0.00073 11.961719288283735 16790.491070816854 0 0 0
V 0 0.00073 -16.935277792787176 7200.556355677993 0 0 0
V 0 0.00073 -35.89636065388751 -14405.583827708118 0 0 0
V 0 0.00073 7.616624972066051 -7576.430913994272 0 0 0
V 0 0.00073 16.427735280156163 -28.35172550272182 0 0 0
V 0 0.00073 11.728706999156604 221.54707478762202 0 0 0
V 0 -0.0007200052023763147 -6.579312750301553 -33872.07998796602 -0.0008135881396992435 -0.0000012200821098802582 5.777330712309896e-9
V 0 0.00072 -10.613155990157273 -23276.900810018855 0 0 0
V 0 0.00072 -0.3456637819957882 1377.1471191470334 0 0 0
V 0 0.00072 3.684992992500387 -7241.292823981532 0 0 0
V 0 0.00072 18.533278259406476 16746.400367038357 0 0 0
V 0 0.00072 -33.01938140174544 -7227.569377657931 0 0 0
V 0 0.00072 -7.644831809072608 -231.8895348488153 0 0 0
V 0 0.00072 -27.379682814937322 -15520.21238799571 0 0 0
V 0 0.00072 -2.502216998675536 -24593.05331120771 0 0 0
V 0 0.00072 16.90656295142493 8183.576313294854 0 0 0
V 0 0.00072 6.856571251014904 -15530.135052928465 0 0 0
V 0 0.00072 -11.678824277488255 -22754.18732783063 0 0 0
V 0 0.00072 22.911989080863997 -8075.355870103398 0 0 0
V 0 0.0007199782697879048 24.949931999329845 56490.68179281364 -0.0005083935641176605 -1.423170560897043e-7 6.497472954229999e-10
V 0 -0.0007199346752349801 9.027882512682472 14495.699845636509 -0.00048437734879653736 -4.4820055191214383e-7 2.102927823180723e-9
V 0 0.00071 5.984819400946048 -557.3142801437962 0 0 0
V 0 0.00071 -28.825360471516206 -23951.075523251682 0 0 0
V 0 0.00071 -4.744139699274437 -14350.128852330607 0 0 0
V 0 0.00071 -2.3963445820605553 -6021.437425375051 0 0 0
V 0 0.00071 11.058891288596215 516.9738976580797 0 0 0
V 0 0.00071 28.20321431321196 32264.571496223893 0 0 0
V 0 0.00071 25.194391146032718 22759.446992752335 0 0 0
V 0 0.00071 0.8474167552394078 -0.3958320947986067 0 0 0
V 0 -0.0007099658944339286 -2.811580702455217 -25124.63606819194 -0.00022640120168661778 -4.582361951111112e-7 2.1786072388019214e-9
V 0 -0.0007000043384909128 11.371643371046574 -2229.2571205751847 -0.0007419084369471985 -8.737506086428501e-7 4.127897606439033e-9
V 0 0.0007 8.29693421440911 8399.679101980246 0 0 0
V 0 0.0007 22.887840240784932 14481.094829845397 0 0 0
V 0 0.0007 13.391432368161855 22717.002258955177 0 0 0
V 0 0.0007 12.888859202840498 25161.84231686001 0 0 0
V 0 0.0007 6.325358501231794 -34.492781056681196 0 0 0
V 0 0.0007 6.669745314437839 -8555.16156919722 0 0 0
V 0 0.0007 -37.011974390892824 -8329.657825144885 0 0 0
V 0 0.0007 22.827540276111854 23864.88676444998 0 0 0
V 0 0.0007 9.462213241273558 0.44462005786804326 0 0 0
V 0 0.0007 21.289075814026887 26229.571538532793 0 0 0
V 0 0.0007 2.137742683217475 -7697.754009532548 0 0 0
V 0 0.0007 9.369905768145099 27.9971215955386 0 0 0
V 0 0.00069 13.768151867158277 -1271.2089261280892 0 0 0
V 0 0.00069 -0.47576617633179663 -7144.233023693561 0 0 0
V 0 0.00069 21.689528738851337 14950.495125279134 0 0 0
V 0 0.00069 17.259640564979392 15003.464221788607 0 0 0
V 0 0.00069 11.790659802703182 611.3869050704575 0 0 0
V 0 0.00069 -40.78031798504361 -8487.95103230077 0 0 0
V 0 0.00069 -4.065196276070017 -13188.43124330331 0 0 0
V 0 0.00069 24.595930307385714 -8317.201441535693 0 0 0
V 0 0.00069 29.307042103917325 8340.181412375416 0 0 0
V 0 0.00069 -1.2707799271679683 -8233.131452646765 0 0 0
V 0 0.00069 -24.855258753877564 -0.29299262646691204 0 0 0
V 0 0.0006899917362055099 -5.1240114205128915 -34081.62945031598 -0.0003807484244593741 -7.093599856522286e-7 3.364219095955292e-9
V 0 0.0006899784920653693 -1.8250757735618306 -17842.99908922339 -0.0004968520896251669 -7.199725571317163e-7 3.403925336438163e-9
V 0 0.0006899784900000356 35.945037422904385 62657.34377961318 0.00014603994034694442 6.919503263635852e-7 -3.2995934322633907e-9
V 0 -0.0006800025973550664 31.6781553906605 37742.2571737712 -0.0005132009765795426 -2.7700799297555557e-7 1.292125422893135e-9
V 0 0.00068 8.425765794325688 629.0189396622112 0 0 0
V 0 0.00068 -4.374556593765507 613.3512652487267 0 0 0
V 0 0.00068 -22.08451659243796 -23617.014280102452 0 0 0
V 0 0.00068 8.293403621414358 593.3626967615705 0 0 0
V 0 0.00068 -12.130716998432314 9505.676794207258 0 0 0
V 0 0.00068 -32.42350323563328 15677.741030091227 0 0 0
V 0 0.00068 -86.80204584397947 -23871.438997512614 0 0 0
V 0 0.00068 -61.29706708333809 23871.45244364553 0 0 0
V 0 0.00068 -55.70738942359807 8526.034970387376 0 0 0
V 0 0.00068 6.036263172828725 -8324.888659322041 0 0 0
V 0 0.00068 10.747252272713911 8332.49419458907 0 0 0
V 0 0.00068 3.444051515065479 8424.251401264344 0 0 0
V 0 0.0006799791346762001 -1.8005091369542736 -17076.481778611047 0.0005516239152485167 5.206220195962863e-7 -2.4535450773591395e-9
V 0 0.00067 11.124080425195173 15718.546711365214 0 0 0
V 0 0.00067 29.231903410157635 15548.787768603195 0 0 0
V 0 0.00067 -2.9825262234655234 7731.562245475455 0 0 0
V 0 0.00067 -5.897162771204084 -24410.735792413976 0 0 0
V 0 0.00067 8.483736678537877 10001.737795804132 0 0 0
V 0 0.00067 -30.51473785033361 -8345.96442266405 0 0 0
V 0 0.00067 -87.25816785859641 -14898.904676202563 0 0 0
V 0 0.00067 -3.1994074222213085 -16892.66946921431 0 0 0
V 0 0.00067 3.1237013530468465 -5564.426727084698 0 0 0
V 0 0.00067 2.004537459796638 819.8233656745324 0 0 0
V 0 0.00067 -1.8360254036082369 -13500.097184381299 0 0 0
V 0 0.00067 18.819391812531492 1033.9477953161595 0 0 0
V 0 0.00067 25.802988163013012 -390.7197728290357 0 0 0
V 0 0.00067 28.75178159121115 -16026.774072119035 0 0 0
V 0 0.00066 -23.5366996657402 -22796.632061627784 0 0 0
V 0 0.00066 17.54742209649714 15560.778501932402 0 0 0
V 0 0.00066 7.0587157563167455 8357.024912686315 0 0 0
V 0 0.00066 7.4192795225896315 -55.11133590042528 0 0 0
V 0 0.00066 5.543607648510792 649.6374945059554 0 0 0
V 0 0.00066 22.67947894948197 32183.216467642927 0 0 0
V 0 0.00066 -18.510928375323598 -16108.705071621562 0 0 0
V 0 0.00066 -27.803451366200925 7683.1108462849015 0 0 0
V 0 0.00066 -17.74717563205978 15525.48129791502 0 0 0
V 0 0.00066 -58.43978479464763 389.41817694433166 0 0 0
V 0 0.00066 13.349847484991216 8863.699006251225 0 0 0
V 0 0.00066 37.518042298934056 14288.440320529124 0 0 0
V 0 0.00066 26.110712581612873 219.55413049552953 0 0 0
V 0 0.00066 54.631511521217774 -0.4302584255905231 0 0 0
V 0 -0.0006599552520560159 15.021794918170235 33456.7410578716 0.00025179574230313527 5.661945056205827e-7 -2.679953066437293e-9
V 0 0.00065 -13.900310908906503 -14461.882777944194 0 0 0
V 0 0.00065 -6.528194234390655 -15366.96187588182 0 0 0
V 0 0.00065 -8.883084144781453 -15436.816100604572 0 0 0
V 0 0.00065 10.065446782437839 16170.350523885616 0 0 0
V 0 0.00065 -45.4380722621794 27.608982418155392 0 0 0
V 0 0.00065 -1.612583341006495 -7768.747314350907 0 0 0
V 0 0.00065 15.849432900461284 -455.1541215183024 0 0 0
V 0 0.00065 27.342698972425374 6681.35648420221 0 0 0
V 0 0.00065 7.852705497318943 16657.38285391111 0 0 0
V 0 -0.0006499142076037418 9.626054454202123 5119.607538812528 0.00022695485891044485 3.221199060027979e-7 -1.5376835523751152e-9
V 0 0.00064 7.141123015311949 -1324.1780226375613 0 0 0
V 0 0.00064 7.337791055478743 8365.922057371974 0 0 0
V 0 0.00064 16.323846390141988 -8328.298211629266 0 0 0
V 0 0.00064 21.034958186673585 8329.084642281843 0 0 0
V 0 0.00064 -3.1455280664446015 -6797.631667743695 0 0 0
V 0 0.00064 6.439630419591748 16832.439535204398 0 0 0
V 0 0.00064 -9.779477012978774 1912.670706263413 0 0 0
V 0 0.00064 2.860230070045236 -16674.303533802806 0 0 0
V 0 0.00064 1.84577767611948 2318.2746337024314 0 0 0
V 0 0.00064 1.5417140614819544 -2.603022874570115 0 0 0
V 0 0.00064 -43.170988421905605 -15542.39525474026 0 0 0
V 0 0.00064 -22.37717277047584 15543.113332506773 0 0 0
V 0 0.00064 -64.36681793429749 -15447.58245849211 0 0 0
V 0 0.00064 12.316976636220335 9736.481995106527 0 0 0
V 0 0.00064 17.16888032022114 8080.286899394169 0 0 0
V 0 0.00064 8.82695956220903 7774.006979272609 0 0 0
V 0 0.00064 39.440502049847495 21831.08980816677 0 0 0
V 0 0.00064 18.691974057083115 330.8878177996048 0 0 0
V 0 0.00064 37.00439417026068 8219.658936481397 0 0 0
V 0 0.0006399793573317113 11.328518190838448 -1600.9551654066963 -0.0007445889717900531 -8.730379325316191e-7 4.128624826960697e-9
V 0 0.0006399676288644811 -12.72115924001426 -49553.39606891481 -0.000512007365296651 -9.91031886240058e-7 4.705650070217267e-9
V 0 -0.0006399650244260743 32.13418019484992 54538.20181500759 -0.0004438275325085358 -6.918291229433078e-8 2.9985726176624783e-10
V 0 0.00063 6.314319756709995 8339.000704377428 0 0 0
V 0 0.00063 7.761587536616109 7841.659096930061 0 0 0
V 0 0.00063 -10.9505959138475 -21553.171086876642 0 0 0
V 0 0.00063 -19.48982094586769 1663.3063425771397 0 0 0
V 0 0.00063 18.68111037398191 17321.73885549104 0 0 0
V 0 0.00063 -23.571236978719647 1765.478050877554 0 0 0
V 0 0.00063 -75.52695354159238 -15487.397359828414 0 0 0
V 0 0.00063 -2.796130769924398 -23807.0113718898 0 0 0
V 0 0.00063 18.548431312692045 15858.22300233502 0 0 0
V 0 0.00063 15.95206555173694 7687.265929735217 0 0 0
V 0 0.00063 14.524585706933582 1853.771160990692 0 0 0
V 0 0.00063 27.347258554678458 19630.698344568806 0 0 0
V 0 0.00063 31.97709690682072 16031.37646577887 0 0 0
V 0 0.00063 37.50641177793705 21.479393654062733 0 0 0
V 0 0.0006299650271302565 3.7000402310306555 8609.228564330215 -0.00046396960170391255 -4.780359858476247e-7 2.259474160810992e-9
V 0 -0.0006299524280163235 -8.910302011959796 -41434.25410430922 0.00007786010755882924 -2.2989864758214195e-7 1.1061993761876283e-9
V 0 -0.0006200060694891934 6.660531574514975 -18886.63997448629 -0.0010559639521784204 -0.000001374572837502623 6.500575761789102e-9
V 0 -0.0006200034659364354 22.662067917879728 48300.205721301936 0.00038573521798326675 8.471537300971809e-7 -4.022111261220933e-9
V 0 0.00062 1.606195963857812 -8318.382149533682 0 0 0
V 0 0.00062 13.05052118665975 7799.7106325425175 0 0 0
V 0 0.00062 12.106826854351716 89.01751312724636 0 0 0
V 0 0.00062 -6.86050563257405 -14286.139123699206 0 0 0
V 0 0.00062 -2.934794437228536 16425.493319062294 0 0 0
V 0 0.00062 11.631246847152207 25379.095250525614 0 0 0
V 0 0.00062 18.3781733697644 16564.082848244627 0 0 0
V 0 0.00062 -8.855218245917857 -13877.37040932122 0 0 0
V 0 0.00062 38.661349133195905 8401.98592860383 0 0 0
V 0 0.00062 26.5695953674945 -41.46963776090524 0 0 0
V 0 -0.0006199524286271685 8.824051651543547 42690.8580146462 -0.00008322117724453849 2.31323999804604e-7 -1.1047449351442998e-9
V 0 0.00061 8.084502763997211 6585.760911499474 0 0 0
V 0 0.00061 12.051201710737757 7232.087074976848 0 0 0
V 0 0.00061 -9.85561492654599 -6639.4357329153345 0 0 0
V 0 0.00061 -13.279405272796307 -8337.327924809802 0 0 0
V 0 0.00061 -19.733788466093692 8280.240027765001 0 0 0
V 0 0.00061 -79.39273413910632 7189.789997790456 0 0 0
V 0 0.00061 0.4035693097361479 -7210.260099034447 0 0 0
V 0 0.00061 15.342515858323017 4400.782927195939 0 0 0
V 0 0.00061 23.494909123927293 9494.63642367423 0 0 0
V 0 0.00061 21.146198711159926 12651.92209320404 0 0 0
V 0 0.00061 28.12519541147687 11302.00691761325 0 0 0
V 0 0.00061 21.489961550105207 4480.965020604241 0 0 0
V 0 0.00061 50.779737747808085 20.350138378871634 0 0 0
V 0 0.0006099821809059017 22.594376101064043 48161.99036585808 -0.0006654213217332713 -3.9272817051959074e-7 1.8360863730980344e-9
V 0 -0.0006099813147959163 16.637801928889697 5680.33538168043 0.000280798751148151 3.981047542430954e-7 -1.88466470394521e-9
V 0 -0.0006099588909221632 26.39343828921681 31227.483937296416 -0.0004901126946440632 -3.075561030222674e-7 1.44794454000174e-9
V 0 0.0006 -10.082799181788566 -23872.157075279127 0 0 0
V 0 0.0006 -10.190650806865841 -13905.756341392715 0 0 0
V 0 0.0006 19.903926406678472 23889.46992888796 0 0 0
V 0 0.0006 14.279003710995221 664.3560015799296 0 0 0
V 0 0.0006 3.4595721377943294 7858.118196349151 0 0 0
V 0 0.0006 -5.312567372677642 -15514.368361552022 0 0 0
V 0 0.0006 9.530513000434233 -6128.2999633575855 0 0 0
V 0 0.0006 16.4862440176358 7217.865634301477 0 0 0
V 0 0.0006 18.509332790715696 3110.386330915003 0 0 0
V 0 0.0006 27.52718598129694 -95.91457821597305 0 0 0
V 0 0.0006 22.084080845731407 -8397.383534943994 0 0 0
V 0 0.0005999641579940492 10.852958286244302 32338.6989348599 0.000012474740828629483 2.7177200521957256e-7 -1.3009975132574398e-9
V 0 0.0005999462945124124 -1.541551690204912 1466.1533726869457 -0.00043820078492557855 -5.092967720055675e-7 2.4145660573979327e-9
V 0 0.0005999462945124124 8.855381791849974 17008.90766631046 -0.0004950994881679559 -4.4534984746721975e-7 2.1058367052673803e-9
V 0 -0.0005900034671721272 16.570110112074016 5542.120026236575 -0.0007703577885683872 -8.417771463736762e-7 3.973532930373757e-9
V 0 0.00059 15.421015095175875 23870.734365879016 0 0 0
V 0 0.00059 2.4725137575774845 -7912.260228031288 0 0 0
V 0 0.00059 7.869132159005188 512.0601145213392 0 0 0
V 0 0.00059 -41.51760497402135 1391.6019063920207 0 0 0
V 0 0.00059 -31.11969500143634 9233.97235802214 0 0 0
V 0 0.00059 8.818324182173011 2862.48047491675 0 0 0
V 0 0.00059 15.304873298686845 10451.530629606073 0 0 0
V 0 0.00059 22.711322816787828 26622.592508191745 0 0 0
V 0 0.00059 22.810375332685883 -16097.767376937396 0 0 0
V 0 0.00059 31.94426516308696 -310.5376794207332 0 0 0
V 0 0.0005899830482375773 21.619666212072357 65934.00178005677 0.000019588411971549718 5.449693626616072e-7 -2.6005405854715507e-9
V 0 -0.0005899784921213763 6.130051449811006 -9372.332312218456 -0.0007161396201688644 -9.050113948007929e-7 4.282989503025973e-9
V 0 -0.0005899687159427854 9.767431400228809 50600.79694878323 -0.00035635260002594223 -2.9699686104770174e-8 1.2130038301360578e-10
V 0 0.0005899330491505817 26.609064190257435 28085.974161453978 -0.0004767100204297901 -3.111194835784225e-7 1.4443084373934185e-9
V 0 0.0005899330485397366 28.964620088523233 36414.66558840953 -0.0003196822628141791 -6.07083691485361e-8 2.57969359718384e-10
V 0 0.00058 0.7161143275360827 -16636.052944367308 0 0 0
V 0 0.00058 10.137425462466338 16678.71276345491 0 0 0
V 0 0.00058 -3.82320784926004 -16050.405178492754 0 0 0
V 0 0.00058 9.747364571401786 17755.090734307003 0 0 0
V 0 0.00058 -95.48167091382922 -7238.335735545468 0 0 0
V 0 0.00058 12.942167944404616 -1166.4436682818096 0 0 0
V 0 0.00058 5.617186935283634 237.91644776405246 0 0 0
V 0 0.00058 -16.393233344128 -0.4110920061557408 0 0 0
V 0 0.0005799847351371248 32.20863551536446 28227.949511503364 -0.0008530253085890986 -7.465694356773855e-7 3.5097116816562636e-9
V 0 0.00057 17.903404530078358 15475.240204406971 0 0 0
V 0 0.00057 18.440314005693562 22756.81716029148 0 0 0
V 0 0.00057 -13.42454923954813 -7811.192048148062 0 0 0
V 0 0.00057 15.286541041920412 16854.480799448254 0 0 0
V 0 0.00057 -4.238446317413428 -6575.446004283935 0 0 0
V 0 0.00057 -14.058317788087617 -16402.951413434486 0 0 0
V 0 0.00057 6.038296194300637 1087.3986029740224 0 0 0
V 0 0.00057 5.480718742807408 7640.865262683541 0 0 0
V 0 0.00057 24.212478098988854 22914.55151464723 0 0 0
V 0 0.00057 0.9896222803781063 -15085.298975275295 0 0 0
V 0 0.00057 15.310708978519486 2280.5735570062698 0 0 0
V 0 0.00057 37.91844033349291 16102.369770597232 0 0 0
V 0 0.00057 14.951323705148143 33490.53374381556 0 0 0
V 0 0.0005699856036904905 22.217838153592005 56557.9094732328 0.000730920619678532 0.000001315289820576549 -6.241151961027389e-9
V 0 0.00056 3.3813872702281147 9061.798124841047 0 0 0
V 0 0.00056 -31.610397867337507 14285.786807882407 0 0 0
V 0 0.00056 1.2034672535586513 -13135.46214679384 0 0 0
V 0 0.00056 -62.80778160909537 -6490.583446574401 0 0 0
V 0 0.00056 1.0224323570612457 -8346.725108593148 0 0 0
V 0 0.00056 11.494441703349846 7824.336769992526 0 0 0
V 0 0.00056 12.330621797851196 9080.951939916837 0 0 0
V 0 0.00056 20.010000237488903 24422.201044593774 0 0 0
V 0 0.00056 13.543583176343859 18229.466732546924 0 0 0
V 0 0.00056 16.925207431644175 -8861.397809421307 0 0 0
V 0 0.00056 22.397476057770437 -33522.01397334226 0 0 0
V 0 0.00056 23.02283090286931 -14283.837926869288 0 0 0
V 0 0.00056 38.250582467221385 -8339.508142383816 0 0 0
V 0 0.00056 13.860885443128023 7842.364821836451 0 0 0
V 0 0.00055999478006184 15.520944902567777 49624.3837439395 0.0003238497212169968 7.733069101905764e-7 -3.6729484480858447e-9
V 0 0.0005599813086874658 6.2408684468348135 -9862.418911943085 0.0003376974543905284 3.3415782970474765e-7 -1.5759353518146577e-9
V 0 0.0005599580242013326 33.63260670484671 53700.35039748913 -0.00000830728242581189 4.4082653582246776e-7 -2.1139815751100207e-9
V 0 -0.000559937559927127 5.069091200403068 9656.283012317223 -0.00003649095614975255 3.411149060286695e-8 -1.5218301450028336e-10
V 0 0.00055 5.6066904764383665 523.0807466432672 0 0 0
V 0 0.00055 -0.7063951674598901 -6638.013023515223 0 0 0
V 0 0.00055 7.565936213231085 69.82984297440049 0 0 0
V 0 0.00055 8.2400144371402 25561.412769319348 0 0 0
V 0 0.00055 6.037999930574836 8136.616793443043 0 0 0
V 0 0.00055 -4.517931318751659 -5957.447696743651 0 0 0
V 0 0.00055 -9.065694361402109 17206.060636200655 0 0 0
V 0 0.00055 -66.92607807282843 2.38783728563007 0 0 0
V 0 0.00055 -54.740879472592766 15598.111227418616 0 0 0
V 0 0.00055 -34.78065230651043 1725.6631495412503 0 0 0
V 0 0.00055 -0.42595427091303306 -14790.493780662233 0 0 0
V 0 0.00055 4.645741353093722 -312.838876250652 0 0 0
V 0 0.00055 18.789658323471546 1636.518227325082 0 0 0
V 0 0.00055 -0.37514482386928805 1326.8078550984128 0 0 0
V 0 0.00055 13.906566263338878 -1321.5481901767098 0 0 0
V 0 0.00055 23.055971449937772 8189.006014148752 0 0 0
V 0 0.00055 20.67107766519438 -59.503319398498206 0 0 0
V 0 0.00055 34.39274273674045 -152.80332506498235 0 0 0
V 0 0.00055 13.538529451770257 15542.754293623517 0 0 0
V 0 0.0005499769159553564 12.634908879598008 50809.99997925178 0.0005066462956109418 9.9245723846252e-7 -4.704195629173938e-9
V 0 -0.0005499502050195643 18.450106105745668 47810.46555345872 0.00014373368166590637 5.534439058074019e-7 -2.642428487519415e-9
V 0 0.00054 -2.317753297900425 -7150.784492736619 0 0 0
V 0 0.00054 -12.244465732289962 1284.3631213012575 0 0 0
V 0 0.00054 2.073484324309062 -1363.9929239738653 0 0 0
V 0 0.00054 -29.727294926767556 7213.09646847863 0 0 0
V 0 0.00054 -0.5277823656915386 -4912.708912857229 0 0 0
V 0 0.00054 -55.308462843988416 -6784.8297883873265 0 0 0
V 0 0.00054 -46.26750146696121 -14286.491439516005 0 0 0
V 0 0.00054 6.230463680025352 16422.096238607908 0 0 0
V 0 0.00054 -0.4808574581607554 10229.361926561052 0 0 0
V 0 0.00054 3.423763976216092 2528.9780845676546 0 0 0
V 0 0.00054 12.118543297713874 17836.445762887968 0 0 0
V 0 0.00054 -27.3176348342233 -7213.510575932269 0 0 0
V 0 0.00054 -11.235095912939451 7214.615157403658 0 0 0
V 0 0.00054 28.79212362828185 20023.719314227757 0 0 0
V 0 0.00054 38.331339608408356 33526.616367002105 0 0 0
V 0 0.00054 19.78160176046726 -7.688211404280082 0 0 0
V 0 0.00054 -7.003593032004875 -7118.502892359173 0 0 0
V 0 -0.0005399917378052466 4.230520355734624 -905.0790979376216 -0.0008037939337134685 -9.475974285494546e-7 4.47706041957412e-9
V 0 -0.0005399804465593596 11.710087674513314 41505.24177933391 -0.00026601775163848345 1.2173671532660445e-8 -7.349775405620575e-11
V 0 0.0005399188266564327 20.96636768494227 28572.30076657308 -0.00010307526711333622 1.250431446317715e-7 -6.203675863477623e-10
V 0 0.00053 -5.029757426951281 -16204.813293400277 0 0 0
V 0 0.00053 -2.6742123497268437 -7876.121866444722 0 0 0
V 0 0.00053 -2.138197770693167 10018.658475695827 0 0 0
V 0 0.00053 -4.793187895978824 1721.6062357059477 0 0 0
V 0 0.00053 12.260941395016104 962.368828111385 0 0 0
V 0 0.00053 -6.24524291951591 -6291.508939892881 0 0 0
V 0 0.00053 2.143336442041351 -6567.73107339692 0 0 0
V 0 0.00053 -49.30937788391216 -16171.414194402474 0 0 0
V 0 0.00053 -6.6153446950875985 -22145.43025522102 0 0 0
V 0 0.00053 -7.37770112777745 -22092.46115871155 0 0 0
V 0 0.00053 -30.239622779699506 7054.803261322747 0 0 0
V 0 0.00053 -22.40277105156929 -0.13896895879088333 0 0 0
V 0 0.00053 41.60943446798413 -17.06728344826206 0 0 0
V 0 0.00053 -3.113419080377122 -8241.950377418163 0 0 0
V 0 0.00053 -14.955145437921374 -30927.774232891283 0 0 0
V 0 0.00053 27.272248522227912 24328.901038927295 0 0 0
V 0 0.00053 -21.71774356175733 -8328.139136219861 0 0 0
V 0 0.00053 -17.006723395011463 8329.243717691248 0 0 0
V 0 0.00053 28.053918674560407 7229.481975756063 0 0 0
V 0 0.00053 25.696424777576972 -17283.389242043344 0 0 0
V 0 0.00053 -13.006832095612374 0.7759458404552788 0 0 0
V 0 0.00053 39.89068410009392 0.31880165567827135 0 0 0
V 0 0.00053 -5.768019696073325 -23905.227146935697 0 0 0
V 0 -0.0005299438032456827 13.369219865440904 13100.534147974255 -0.0002343342079506131 -1.5662875595605776e-7 7.210633879142128e-10
V 0 0.00052 7.212985760535889 158.90728952841616 0 0 0
V 0 0.00052 -4.637304580860677 16911.81429438773 0 0 0
V 0 0.00052 -5.604810271971804 -6064.097244462651 0 0 0
V 0 0.00052 -28.647022694949836 16170.709562768872 0 0 0
V 0 0.00052 -79.36294624076443 -7684.8418095346005 0 0 0
V 0 0.00052 7.332551514959624 -8204.738498956427 0 0 0
V 0 0.00052 12.043663311491223 8452.64435495468 0 0 0
V 0 0.00052 25.85988304723258 23307.572484306187 0 0 0
V 0 0.00052 26.338881856324814 16393.23058163069 0 0 0
V 0 0.00052 21.512850528917923 9807.475299924885 0 0 0
V 0 0.00052 12.173978258374598 -5184.5236696839265 0 0 0
V 0 0.00052 -6.513548033882841 -6490.195307397018 0 0 0
V 0 0.00052 9.383115507070395 7666.60804543044 0 0 0
V 0 -0.0005199642690583874 21.367472269021867 20942.898969810707 -0.000450941203651456 -3.4238026973636544e-7 1.5994003339803589e-9
V 0 -0.0005199555816032878 19.979862756048885 21290.66378760453 0.00016737562082521287 3.8677950665237666e-7 -1.8456856839840036e-9
V 0 -0.0005199359831362602 11.426563591156398 22196.089317423575 -0.0003246690563380718 -1.985021135934884e-7 9.158615249840243e-10
V 0 0.00051 9.80072230266116 8371.351246043154 0 0 0
V 0 0.00051 -1.0664638061254168 52.25774180941613 0 0 0
V 0 0.00051 -0.8987602280435552 -7197.202120203034 0 0 0
V 0 0.00051 -23.460083397955433 -30497.015903621184 0 0 0
V 0 0.00051 66.11308000800534 3.6027927146219554 0 0 0
V 0 0.00051 23.002211634185606 23149.838129950433 0 0 0
V 0 0.00051 15.479939979944826 15571.140225695011 0 0 0
V 0 0.00051 -9.340128783395494 -14425.495900875074 0 0 0
V 0 0.00051 22.84998388742989 14430.755565796779 0 0 0
V 0 0.00051 13.59017315742133 -4791.502700024974 0 0 0
V 0 0.00051 16.971902317917994 -15558.486778431188 0 0 0
V 0 -0.0005099939133690129 17.05070155287099 23104.58197808531 0.00034749166037630324 6.066425110355512e-7 -2.876205644550433e-9
V 0 0.00050996737800621 17.49493131715871 14846.878226154444 0.000002306258681038058 1.3850642055618332e-7 -6.571649447439761e-10
V 0 -0.0005099651360592523 24.037882390951008 22898.792510340863 -0.0006471404522596742 -5.579672174521538e-7 2.6342836176767745e-9
V 0 0.0005 4.423786707107457 -8571.997933913794 0 0 0
V 0 0.0005 5.084961472601024 -8286.031607867955 0 0 0
V 0 0.0005 7.17361190205869 8745.122625879821 0 0 0
V 0 0.0005 17.997192833482984 14897.526028769664 0 0 0
V 0 0.0005 -1.2412913838693405 1846.5474145807727 0 0 0
V 0 0.0005 -8.642775731621425 -14620.200366848436 0 0 0
V 0 0.0005 3.5676768204384834 -6062.67453506254 0 0 0
V 0 0.0005 0.15147668653939217 -7136.0659856626435 0 0 0
V 0 0.0005 -1.7089827377420654 -4859.7398163477565 0 0 0
V 0 0.0005 16.935094983898512 10090.755308931379 0 0 0
V 0 0.0005 -43.582599324825665 15637.926128754923 0 0 0
V 0 0.0005 -47.20756707431311 -14445.39872904442 0 0 0
V 0 0.0005 -19.94525013773606 9273.787259358442 0 0 0
V 0 0.0005 -156.5691075542104 -17.163926690034714 0 0 0
V 0 0.0005 7.868635837931986 15969.556689639094 0 0 0
V 0 0.0005 4.678668160209154 17259.95328592003 0 0 0
V 0 0.0005 -9.352818278164973 -21342.46763601142 0 0 0
V 0 0.0005 12.542668698560005 -16644.763613216055 0 0 0
V 0 0.0005 21.9648922916232 16670.00209460616 0 0 0
V 0 0.0005 17.01424985601199 16835.780722365307 0 0 0
V 0 0.0005 32.51983362660747 13109.377411552265 0 0 0
V 0 0.0005 35.0324537204549 17287.99163570318 0 0 0
V 0 0.0004999982668891498 28.34788960340301 47185.57716101435 0.000014780999509667541 4.1027842577575586e-7 -1.958162458001416e-9
V 0 0.0004999847373004705 14.577565153882516 41714.444809802466 0.0005969811439984005 0.0000010343305960999505 -4.8989937662437496e-9
V 0 0.0004999063400473248 10.61255938309551 12401.244517781077 -0.00004349602902810424 6.03835439821927e-8 -3.1236545473887407e-10
V 0 0.00049 -4.215763167267131 -6409.968493757777 0 0 0
V 0 0.00049 16.084896162971592 14428.125733335924 0 0 0
V 0 0.00049 -3.451784162088593 -7171.403047580362 0 0 0
V 0 0.00049 13.754779476248816 7277.341240599306 0 0 0
V 0 0.00049 11.049296131981713 14388.310831999619 0 0 0
V 0 0.00049 11.274948407262464 -592.2591683443811 0 0 0
V 0 0.00049 4.797929271969203 -8310.667218646668 0 0 0
V 0 0.00049 -1.7441631829766617 -735.6853390117099 0 0 0
V 0 0.00049 -41.30482924573049 9091.985748385421 0 0 0
V 0 0.00049 -57.15996464256718 -7605.212006861993 0 0 0
V 0 0.00049 -0.12516178275741918 -15636.054299290001 0 0 0
V 0 0.00049 29.922396950288668 31871.550526564944 0 0 0
V 0 0.00049 14.01406003192409 9290.501402266806 0 0 0
V 0 0.00049 16.36964472812255 17619.192829222357 0 0 0
V 0 0.00049 0.5141772207758466 -5171.405757425744 0 0 0
V 0 0.00049 27.650407148263987 15555.373534318569 0 0 0
V 0 0.00049 41.05723879426579 15467.503229505986 0 0 0
V 0 -0.000489966005834308 0.8884595285754386 -16515.407503861727 -0.0006903708033905304 -9.362721809587359e-7 4.4380813996129135e-9
V 0 0.0004899464061455905 3.4596413278818625 -11328.225852748608 -0.0005199403715606463 -6.894244470850045e-7 3.248106219329558e-9
V 0 0.00048 0.742911575115869 -7700.389471787066 0 0 0
V 0 0.00048 2.8940328493310457 17947.8038319404 0 0 0
V 0 0.00048 10.99357523553256 16657.38285391111 0 0 0
V 0 0.00048 5.8554403208909145 1098.4192350959506 0 0 0
V 0 0.00048 -48.98855589171673 8860.096213536604 0 0 0
V 0 0.00048 -85.26659273250394 604.0347160846495 0 0 0
V 0 0.00048 0.09620363265572696 1874.9333466522662 0 0 0
V 0 0.00048 9.224068638014604 2200.3914635979695 0 0 0
V 0 0.00048 2.101746991731911 -7855.4883638883 0 0 0
V 0 0.00048 24.134040185782183 27015.613477850697 0 0 0
V 0 0.00048 27.740882765503528 -0.49867156313121086 0 0 0
V 0 0.00048 22.569494133202543 13044.943062862998 0 0 0
V 0 0.00048 9.836005136763658 0.462789374671706 0 0 0
V 0 0.00048 22.91552747097174 4873.985990263192 0 0 0
V 0 0.00048 32.00449358962288 -8329.78731058002 0 0 0
V 0 0.00048 36.71560538615448 8327.595543331086 0 0 0
V 0 0.00048 37.76640196388162 15527.021808815842 0 0 0
V 0 0.00048 40.588906903248585 -1.6279268383223098 0 0 0
V 0 0.00048 47.77326537337349 -57.202122568582126 0 0 0
V 0 0.0004799751800703152 26.36210814891038 56909.43428563216 -0.0000782343837206458 3.691177442495563e-7 -1.7626371004099399e-9
V 0 0.00047 3.0984674733816684 628.301955168488 0 0 0
V 0 0.00047 6.936697466973438 15995.323854134347 0 0 0
V 0 0.00047 7.317060301804376 -8321.21326709884 0 0 0
V 0 0.00047 12.030905109411673 8336.16958681227 0 0 0
V 0 0.00047 13.451528968573419 16622.437965710524 0 0 0
V 0 0.00047 -2.5057398067745993 -6564.425372162007 0 0 0
V 0 0.00047 -33.962152787558324 5957.095380926852 0 0 0
V 0 0.00047 -15.010945771383073 1369.0600007642142 0 0 0
V 0 0.00047 1.2121390735969038 -14391.365962018093 0 0 0
V 0 0.00047 15.549853257553243 16136.116990385086 0 0 0
V 0 0.00047 -8.01552311245668 -14392.788671418206 0 0 0
V 0 0.00047 -14.585269772614692 15529.24778263355 0 0 0
V 0 0.00047 -65.15853191779873 -14819.274873529956 0 0 0
V 0 0.00047 -6.131243660176288 -15707.047604108358 0 0 0
V 0 0.00047 10.688916192609263 16755.598628957003 0 0 0
V 0 0.00047 5.793416762617602 -14850.012359972094 0 0 0
V 0 0.00047 -3.5136085960384325 -6740.859803600708 0 0 0
V 0 0.00047 16.738653786210815 10844.551599265027 0 0 0
V 0 0.00047 16.77451122308805 4793.803896854892 0 0 0
V 0 0.00047 28.172452590087957 7937.971654126519 0 0 0
V 0 0.00047 28.9193922550904 7074.3774538611615 0 0 0
V 0 0.00047 22.33292085069334 -8502.158266118979 0 0 0
V 0 0.00047 33.69470617073743 -9441.018790413227 0 0 0
V 0 0.00047 27.816040992018564 -861.2930034354358 0 0 0
V 0 0.00047 19.328313776583123 -7229.795351475634 0 0 0
V 0 0.00047 28.090368686207047 1.1282616572562176 0 0 0
V 0 0.00047 6.87022813461639 -16900.7137426177 0 0 0
V 0 0.00046 -9.081946353930508 -7203.75358924609 0 0 0
V 0 0.00046 6.9619698272701065 7224.372144089834 0 0 0
V 0 0.00046 -8.612632294536226 -6649.745010337207 0 0 0
V 0 0.00046 8.062386257294005 8398.973377073859 0 0 0
V 0 0.00046 2.015362920720518 1096.9965256958385 0 0 0
V 0 0.00046 15.307790698319618 8375.049120995202 0 0 0
V 0 0.00046 -35.379959135868006 -15556.260804613485 0 0 0
V 0 0.00046 -43.9042167271688 -5957.800012560451 0 0 0
V 0 0.00046 -150.7495279634391 22.650974646268878 0 0 0
V 0 0.00046 10.072697180880548 7431.31580033357 0 0 0
V 0 0.00046 16.19711042846424 692.7419336514233 0 0 0
V 0 0.00046 14.195406400655507 8584.6415563572 0 0 0
V 0 0.00046 7.909275178847752 -7653.983174941722 0 0 0
V 0 0.00046 27.15766975312036 -68.69210798844142 0 0 0
V 0 0.00046 10.082868042590649 594.5205288118622 0 0 0
V 0 -0.00045998299961089775 18.88254083013169 14499.113408360616 -0.0006160105657956308 -5.906533558325587e-7 2.7879210732203866e-9
V 0 0.00045 1.9937931161525517 9409.562942634873 0 0 0
V 0 0.00045 -7.395944697819607 6840.186722182429 0 0 0
V 0 0.00045 -5.496282738471091 -15126.32309469925 0 0 0
V 0 0.00045 -6.971729031598879 -23505.656694476354 0 0 0
V 0 0.00045 2.270583627189152 7.003576186959187 0 0 0
V 0 0.00045 -12.20970492277304 -14968.12715987089 0 0 0
V 0 0.00045 -6.595244541040796 -14904.13743123949 0 0 0
V 0 0.00045 -10.291122270258269 -1194.2583629602002 0 0 0
V 0 0.00045 14.947921660210048 8155.19038122336 0 0 0
V 0 0.00045 0.4947364176986775 -6854.823323365634 0 0 0
V 0 0.00045 6.784992332930771 -8833.046083918582 0 0 0
V 0 0.00045 6.154532344355623 1370.5786896892378 0 0 0
V 0 0.00045 19.73972468203028 25208.242983911685 0 0 0
V 0 0.00045 15.943786062952249 2246.7921306496455 0 0 0
V 0 0.00045 19.931083945436143 3503.4073005739565 0 0 0
V 0 0.00045 34.11964478801662 14914.11807303043 0 0 0
V 0 0.00045 19.5227271165979 -14914.775344292293 0 0 0
V 0 0.00045 40.86260680827441 22224.11077782573 0 0 0
V 0 0.00045 45.7041757484147 22130.81077215924 0 0 0
V 0 0.00045 15.02457132632449 -22126.208378499407 0 0 0
V 0 0.00044 -5.973143458821849 -24114.752227537312 0 0 0
V 0 0.00044 5.597730483341988 17264.360529329464 0 0 0
V 0 0.00044 -1.1178741701760655 -7247.844293024587 0 0 0
V 0 0.00044 -4.8833392134930875 -14893.116799117563 0 0 0
V 0 0.00044 4.729367567491811 540.3936002520984 0 0 0
V 0 0.00044 5.720118020311133 1620.0772723391058 0 0 0
V 0 0.00044 13.829087065938348 9034.995892923027 0 0 0
V 0 0.00044 7.586843370678169 2301.3539538107334 0 0 0
V 0 0.00044 -19.315455031515278 -8306.149521327747 0 0 0
V 0 0.00044 -59.2583138783622 8191.973727238145 0 0 0
V 0 0.00044 -42.27980146173271 9194.157456685834 0 0 0
V 0 0.00044 -1.7775671542374987 -7901.889030939975 0 0 0
V 0 0.00044 -13.568927965041048 -30534.75326323233 0 0 0
V 0 0.00044 9.340779030436863 603.7244205241769 0 0 0
V 0 0.00044 6.220822468923068 943.7762936736585 0 0 0
V 0 0.00044 3.8230764593225492 -5013.671403069993 0 0 0
V 0 0.00044 44.771839702440765 -62.63182342247819 0 0 0
V 0 0.00044 3.547563468842134 17.78191719874053 0 0 0
V 0 0.00043997518129200534 23.267003363098247 12475.645755529877 -0.00036328689010685193 -2.9979423598770376e-7 1.4053294174322118e-9
V 0 0.00043997138119634136 19.905407435534332 47600.91609110876 0.0005765733969057756 0.0000010641660300354315 -5.055540103874019e-9
V 0 0.00043 12.878072641524096 16066.311529159038 0 0 0
V 0 0.00043 0.3653480327115233 1256.6639334210176 0 0 0
V 0 0.00043 12.65169609222531 7256.722685755562 0 0 0
V 0 0.00043 18.437624718800212 8996.813913254015 0 0 0
V 0 0.00043 -21.13198936161878 -14467.94063467223 0 0 0
V 0 0.00043 1.4271693422936702 -7690.074564571527 0 0 0
V 0 0.00043 -13.402950328754482 -21659.109279895587 0 0 0
V 0 0.00043 17.49250429584999 7040.56182093577 0 0 0
V 0 0.00043 -34.596289178297255 16600.294956866306 0 0 0
V 0 0.00043 -73.92814919125186 -6530.398347910705 0 0 0
V 0 0.00043 -1.693795805676463 -9192.285627220912 0 0 0
V 0 0.00043 2.948754940973176 7622.831581045949 0 0 0
V 0 0.00043 25.281573607244543 22679.26489934403 0 0 0
V 0 0.00043 20.221945361164668 30.652922332641765 0 0 0
V 0 0.00043 14.966565486318672 18622.487702205875 0 0 0
V 0 0.00043 16.738597583554576 2673.594526665225 0 0 0
V 0 0.00043 9.0980488670079 7309.62284097675 0 0 0
V 0 0.00043 13.533461539221243 15542.754293623517 0 0 0
V 0 0.00042997518190285034 12.870069881043364 -3067.108538093642 -0.0003063881868644746 -3.6374116052605153e-7 1.7140587695627642e-9
V 0 0.00042 4.533379247305129 -7699.672487293343 0 0 0
V 0 0.00042 15.398385593444935 16128.402059498072 0 0 0
V 0 0.00042 -3.921017092664517 620.6809778346385 0 0 0
V 0 0.00042 20.16845017853627 8330.958417216701 0 0 0
V 0 0.00042 -26.217194617058556 -153.22613036553707 0 0 0
V 0 0.00042 9.765814331781364 7536.0905315085565 0 0 0
V 0 0.00042 4.20170201537811 7229.810611386996 0 0 0
V 0 0.00042 9.60460337929262 -563.8732362728874 0 0 0
V 0 0.00042 0.9956865789986957 -14397.472811003281 0 0 0
V 0 0.00042 1.434879238853025 -13342.362830025548 0 0 0
V 0 0.00042 10.24361032676045 3255.5014445757038 0 0 0
V 0 0.00042 4.132593518735577 -12398.58653635189 0 0 0
V 0 0.00042 30.2308727191204 20416.74028388671 0 0 0
V 0 0.00042 17.860624510352512 -925.7273521247062 0 0 0
V 0 0.00042 26.095629912898787 166.59450731475954 0 0 0
V 0 0.00042 25.762351930528652 -7289.313930785493 0 0 0
V 0 0.00042 31.335624024861914 8646.461332496976 0 0 0
V 0 0.00042 8.670674439717592 175.7680359933446 0 0 0
V 0 0.00041999477975903276 8.115832904303637 -19096.189436836263 -0.0006231242369385511 -8.638507132745934e-7 4.087464145434498e-9
V 0 0.0004100043366583775 16.488891287860596 58300.83998868888 0.0010991943033092765 0.000001752877801009205 -8.304373543725241e-9
V 0 0.00041000433604753247 24.53026887164968 65514.90285535684 0.0008852678424512883 0.0000015664136111176663 -7.42676381818076e-9
V 0 0.00041 5.5145168018987345 -609.1199148093086 0 0 0
V 0 0.00041 -3.060108347101435 -14966.704450470777 0 0 0
V 0 0.00041 -3.543073277777302 624.4942813983969 0 0 0
V 0 0.00041 -4.166145502886037 -7754.064293202927 0 0 0
V 0 0.00041 -3.1547958849580056 -15523.56662347067 0 0 0
V 0 0.00041 -7.790208770637619 16385.67841772599 0 0 0
V 0 0.00041 2.698530170063055 -6679.05528737229 0 0 0
V 0 0.00041 9.357199374370586 1807.3704939390157 0 0 0
V 0 0.00041 6.870173131970976 8801.894490022809 0 0 0
V 0 0.00041 20.70010624917311 24972.95636860848 0 0 0
V 0 0.00041 13.734890510047356 10129.502964765481 0 0 0
V 0 0.00041 10.7697566670624 -5577.54463934288 0 0 0
V 0 0.00041 15.016601620004202 -4398.481730366019 0 0 0
V 0 0.00041 30.430133162517436 15558.173402711618 0 0 0
V 0 0.00041 29.531423084231307 11695.027887272205 0 0 0
V 0 0.00041 27.03278601226958 9445.621184073063 0 0 0
V 0 0.00041 28.118477886634842 16675.43179546006 0 0 0
V 0 0.00041 -8.869985672486749 -14818.88673435257 0 0 0
V 0 0.00041 7.027531159937786 -662.0833815251136 0 0 0
V 0 -0.0004099814239857142 28.80391440759243 63981.52180225073 0.00008415444358067438 6.181035064569807e-7 -2.950430619128303e-9
V 0 0.0004 2.7693784979280296 -11.020632121927967 0 0 0
V 0 0.0004 -20.189625007434458 -31032.539490737563 0 0 0
V 0 0.0004 0.9798884080974695 -7353.782486043531 0 0 0
V 0 0.0004 13.01851233056779 -801.8086306943501 0 0 0
V 0 0.0004 -9.328143806389587 -31834.348121431907 0 0 0
V 0 0.0004 5.085954715092205 617.2869528402274 0 0 0
V 0 0.0004 2.379937697039436 0.47354206060152215 0 0 0
V 0 0.0004 -2.0641039657049736 -5958.1590514437075 0 0 0
V 0 0.0004 -33.70660698423376 -453.5059471581417 0 0 0
V 0 0.0004 -12.526368659929215 -271.704436185119 0 0 0
V 0 0.0004 -54.27838832611128 -22128.861891146124 0 0 0
V 0 0.0004 -31.011065256703457 7842.018135813318 0 0 0
V 0 0.0004 -77.04934615278665 15518.48142474601 0 0 0
V 0 0.0004 -13.91300775291809 -21735.488605670373 0 0 0
V 0 0.0004 24.647252061894427 -626.230043236998 0 0 0
V 0 0.0004 19.964696647312657 -16655.30531218595 0 0 0
V 0 0.0004 29.386998954725122 16659.460395636266 0 0 0
V 0 0.0004 18.309976777743035 24815.22201425273 0 0 0
V 0 0.0004 18.140110679461454 7845.000284090969 0 0 0
V 0 0.0004 24.339304603887914 5267.006959922148 0 0 0
V 0 0.0004 1.4628097362307422 -209.54946234996896 0 0 0
V 0 -0.00039997968970918073 20.424092520336604 13032.960035673674 -0.0001778097808700523 -8.135658382699125e-8 3.733550158224535e-10
V 0 0.0003999626928503622 1.369050969372413 1047.0544479870077 0.00042747864555416006 5.121474764504916e-7 -2.4116571753112758e-9
V 0 -0.0003999609642954618 -0.9865049288933867 -7281.636978968547 0.00027045088793854906 2.617363620206052e-7 -1.2253180976362411e-9
V 0 0.00039 15.54784863181256 7146.548777451415 0 0 0
V 0 0.00039 -7.231159466308599 -23850.11581103527 0 0 0
V 0 0.00039 -17.19118951888535 -23577.199378766145 0 0 0
V 0 0.00039 -7.400182089917182 -23402.04542514533 0 0 0
V 0 0.00039 2.7017041460888818 565.0292110308112 0 0 0
V 0 0.00039 3.2087593970205797 -8405.132672399779 0 0 0
V 0 0.00039 7.919871193552179 8252.250181511328 0 0 0
V 0 0.00039 -0.9571351702311031 -7406.137500180474 0 0 0
V 0 0.00039 1.816970293861151 -7336.921739578604 0 0 0
V 0 0.00039 7.046591672060685 8869.085027207653 0 0 0
V 0 0.00039 -4.417116919250619 -14286.850478399261 0 0 0
V 0 0.00039 5.962799078998548 1255.9038152242547 0 0 0
V 0 0.00039 -23.610217206885025 22128.157259512525 0 0 0
V 0 0.00039 -15.420320415396969 -22654.645451991066 0 0 0
V 0 0.00039 -44.58990655731156 -25195.97605903343 0 0 0
V 0 0.00039 -33.36716265718688 25195.27142739983 0 0 0
V 0 0.00039 -57.66543490240928 -15113.52121534288 0 0 0
V 0 0.00039 -44.820882007107514 -6116.707302088867 0 0 0
V 0 0.00039 -95.67914984555352 -8328.789468537963 0 0 0
V 0 0.00039 -90.96803560556097 8328.593385373148 0 0 0
V 0 0.00039 14.901608564758579 9256.71997591018 0 0 0
V 0 0.00039 3.498232354169035 -16341.914145199604 0 0 0
V 0 0.00039 19.71846708743729 8228.83246515998 0 0 0
V 0 0.00039 6.267809975256986 1998.8862746513933 0 0 0
V 0 0.00039 22.15439690014655 7226.682107363015 0 0 0
V 0 0.00039 -1.9618194244695397 -15538.951525990004 0 0 0
V 0 0.00039 22.986846718533428 10200.496269583839 0 0 0
V 0 0.00039 5.558015624471754 -12005.565566692936 0 0 0
V 0 0.00039 24.93824982696199 9887.657393333187 0 0 0
V 0 0.00039 6.95929092547366 -11612.544597033982 0 0 0
V 0 0.00039 9.63553525451693 -15527.33518453542 0 0 0
V 0 0.00039 25.972329302228765 -16652.451824620337 0 0 0
V 0 0.00039 12.438456753046387 8923.211955767416 0 0 0
V 0 0.00038999391221733145 24.537032375348552 39066.43519640876 -0.0005750864733458127 -3.508548128821601e-7 1.6412882360282228e-9
V 0 -0.0003899814245965592 27.42306839831832 37880.81896109648 -0.0007578830477397577 -5.700051411541036e-7 2.672535417116317e-9
V 0 -0.0003899805572648837 12.783819520627112 -1810.5046277566653 -0.0003117492565501838 -3.623158083035895e-7 1.7155132106060928e-9
V 0 -0.0003899687796021341 17.86470576093188 32899.42677772781 0.00006631863306633565 3.477568534598701e-7 -1.6479786648275346e-9
V 0 0.00038000260016249137 38.257468140962054 71614.3371617372 0.00030038716311970074 9.430741169047026e-7 -4.485205289416761e-9
V 0 0.00038 18.270804412582876 23892.775630122873 0 0 0
V 0 0.00038 -9.138152872099738 -7161.805124858546 0 0 0
V 0 0.00038 6.94150084539764 7266.320608477378 0 0 0
V 0 0.00038 -20.594481884278302 -45.84837631598248 0 0 0
V 0 0.00038 4.986371532222932 -7752.641583802815 0 0 0
V 0 0.00038 -14.887233959105066 -30563.139195303822 0 0 0
V 0 0.00038 -10.977370195463843 -14978.436437292763 0 0 0
V 0 0.00038 6.464570212829367 8461.799643861299 0 0 0
V 0 0.00038 3.4165789851506503 24125.87716105569 0 0 0
V 0 0.00038 15.963094442469151 33560.363586789965 0 0 0
V 0 0.00038 2.521757883004445 -15453.73678049627 0 0 0
V 0 0.00038 12.801547131393729 16692.719915828828 0 0 0
V 0 0.00038 -36.35409705253855 -1743.2884610665474 0 0 0
V 0 0.00038 17.12722408154266 8329.794955372743 0 0 0
V 0 0.00038 -27.914464408351066 15383.4946882783 0 0 0
V 0 0.00038 14.593248343074396 17791.139150924777 0 0 0
V 0 0.00038 3.5515479066381586 -4806.770719838284 0 0 0
V 0 0.00038 -23.37474761581084 9465.861892870953 0 0 0
V 0 0.00038 -9.72151679646139 15565.296199251325 0 0 0
V 0 0.00038 -97.84855609333556 -15567.027162501023 0 0 0
V 0 0.00038 -93.32359272555726 -0.09804158240954308 0 0 0
V 0 0.00038 -66.91293500737135 8486.22006905107 0 0 0
V 0 0.00038 -5.820151952446321 -16440.129920245497 0 0 0
V 0 0.00038 -0.35529065541219307 -7508.86806128102 0 0 0
V 0 0.00038 21.584894509228345 15371.902027009584 0 0 0
V 0 0.00038 18.831904422641568 15546.55706125703 0 0 0
V 0 0.00038 -5.875322015905269 -15069.551230556262 0 0 0
V 0 0.00038 20.24196728625767 1426.9687649751131 0 0 0
V 0 0.00038 20.5407507012343 16173.691711046524 0 0 0
V 0 0.00038 18.156989506118045 11237.57256892398 0 0 0
V 0 0.00038 31.839735865906842 27408.634447509656 0 0 0
V 0 0.00038 18.198175782267462 5186.824866513846 0 0 0
V 0 0.00038 38.69965185634944 7138.811802550434 0 0 0
V 0 0.00038 32.60281248335678 8411.174717193775 0 0 0
V 0 0.00037999477711962845 1.3876095129729809 -347.7648177938245 -0.0006183168244766688 -7.291597763887421e-7 3.4450860179643625e-9
V 0 0.00037997051365464007 -1.9544513141862057 -15958.093223717928 -0.0005048936941537308 -7.178345287980233e-7 3.406106998003156e-9
V 0 0.0003799580254230228 10.26755794143051 17427.66015912898 -0.00006494030777094123 6.608495287204084e-8 -3.065476905655596e-10
V 0 0.00037 3.255810466742936 16866.932316261078 0 0 0
V 0 0.00037 -8.32869604096207 -32443.443654492865 0 0 0
V 0 0.00037 -2.571774217577982 -16062.837943350893 0 0 0
V 0 0.00037 9.992039585614055 17251.927764471322 0 0 0
V 0 0.00037 13.522764470728827 23418.93618315228 0 0 0
V 0 0.00037 8.65432783226018 -9477.077031851417 0 0 0
V 0 0.00037 11.75216056541456 8957.710366617765 0 0 0
V 0 0.00037 21.976485593570867 31660.84707569972 0 0 0
V 0 0.00037 -2.9302216805030374 -7764.373570624799 0 0 0
V 0 0.00037 6.3064537038941 -97.7711549880253 0 0 0
V 0 0.00037 7.768488779275485 8335.695003142513 0 0 0
V 0 0.00037 9.051071276228834 -8324.28219730345 0 0 0
V 0 0.00037 -0.16263741609808635 -24044.946766311266 0 0 0
V 0 0.00037 -46.93817249090836 -7842.722767446918 0 0 0
V 0 0.00037 -22.23999567436908 5.067076790348892 0 0 0
V 0 0.00037 -20.650100438159264 -14031.707683222583 0 0 0
V 0 0.00037 -41.50471902625179 1742.5838294329478 0 0 0
V 0 0.00037 -7.366623425179643 23893.987626206883 0 0 0
V 0 0.00037 -4.18855108304334 -24802.60277355768 0 0 0
V 0 0.00037 1.7540770320098815 -1098.8808155685592 0 0 0
V 0 0.00037 21.861871430882932 14585.860087691675 0 0 0
V 0 0.00037 -5.304926591059706 -23294.953243611133 0 0 0
V 0 0.00037 23.532925590491182 14978.88105735063 0 0 0
V 0 0.00037 -0.7973665326258983 -22299.361841943257 0 0 0
V 0 0.00037 12.593259638768679 909.9948673170334 0 0 0
V 0 0.00037 12.622902343897325 9003.399678969385 0 0 0
V 0 0.00037 18.603430503811495 8446.085398825591 0 0 0
V 0 0.00037 6.955475707723632 -6598.873193963989 0 0 0
V 0 0.00037 9.3284802472554 -7260.962205282769 0 0 0
V 0 0.00037 12.971693127351749 832.4426063695828 0 0 0
V 0 0.00037 20.218310160988537 2029.5391969840357 0 0 0
V 0 0.00037 8.392002922429565 -11219.523627375029 0 0 0
V 0 0.00037 16.435051309911586 -4005.4607607070666 0 0 0
V 0 0.00037 11.98937636679265 -7198.643757579862 0 0 0
V 0 0.00037 15.505515939973993 -9254.41877908026 0 0 0
V 0 0.00037 -9.349803564790871 -15447.194319314727 0 0 0
V 0 0.00036999000130936033 -0.8257992479625855 -34848.49319280975 -0.00013338581845630444 -4.170755135849116e-7 1.983081881210446e-9
V 0 0.00036998924438917273 41.630859108427664 61542.71521932558 -0.0002249142781266548 2.5507502204216014e-7 -1.2356446290438744e-9
V 0 -0.00036997675697319566 9.995828897975292 23172.15609038589 0.0002909672332957425 5.313703389064847e-7 -2.5284972724586738e-9
V 0 0.00036997502412837815 18.03720648176438 30386.218957053854 0.00007704077243775415 3.4490614901494604e-7 -1.6508875469141919e-9
V 0 0.00036962909325483496 17.950956121348128 31642.82286739083 0.0000716797027520449 3.463315012374081e-7 -1.6494331058708632e-9
V 0 0.00036000433665837753 -6.091957805805711 -42758.08569506536 -0.001156093006551654 -0.0000016889308764708572 7.995644191594689e-9
V 0 0.00036 9.667601136624205 8487.59871648397 0 0 0
V 0 0.00036 -10.780614435727584 -8325.846509204259 0 0 0
V 0 0.00036 -6.069889927757002 8331.536344706848 0 0 0
V 0 0.00036 3.2521220723248954 1343.3656927904083 0 0 0
V 0 0.00036 -25.0068212761459 -6563.213376078001 0 0 0
V 0 0.00036 -61.63855428118619 -7310.965665049067 0 0 0
V 0 0.00036 -59.266287378931324 1017.7257619064872 0 0 0
V 0 0.00036 11.070997415838342 -8309.513230131412 0 0 0
V 0 0.00036 9.77420308520703 16990.885244260204 0 0 0
V 0 0.00036 6.190983849907143 -8657.278047925238 0 0 0
V 0 0.00036 32.713158153925185 6587.832823430965 0 0 0
V 0 0.00036 -1.5534779648067598 -15261.067011268637 0 0 0
V 0 0.00036 12.604744630576551 204.1350214074273 0 0 0
V 0 0.00036 33.53228621897958 108.22044319145243 0 0 0
V 0 0.00036 30.9975577239804 -8246.208136717334 0 0 0
V 0 0.00036 65.80182129384015 -8329.503474238252 0 0 0
V 0 0.00036 70.51293309037176 8327.879379672857 0 0 0
V 0 0.00036 17.424495010721657 14880.670912098401 0 0 0
V 0 -0.00035999391242735727 31.116345125650106 72938.51518437477 0.0002385016663534307 8.692272969980981e-7 -4.136042476281673e-9
V 0 -0.00035998229314992486 -2.2379753975431225 -35267.245685628266 -0.0005635449988533191 -9.285103139241721e-7 4.395466277043386e-9
V 0 -0.00035997588780898503 10.798038066134481 7913.352496861142 -0.0004047646397804972 -4.0347648982978914e-7 1.9110385681975686e-9
V 0 0.00035 16.44911351205248 7.626607127516912 0 0 0
V 0 0.00035 1.8954629721060505 -8327.527965111594 0 0 0
V 0 0.00035 -20.155183274987433 7620.754039320791 0 0 0
V 0 0.00035 -16.337662412913147 -7211.217948916666 0 0 0
V 0 0.00035 -0.2557743249073694 7216.907784419259 0 0 0
V 0 0.00035 -5.173072387112675 -6429.17491586531 0 0 0
V 0 0.00035 12.812229382331683 16780.181793394982 0 0 0
V 0 0.00035 -6.192868981050332 -23190.169039107444 0 0 0
V 0 0.00035 -0.06060329945490217 -526.1358766617409 0 0 0
V 0 0.00035 22.01044423546157 16694.14262522894 0 0 0
V 0 0.00035 3.2835368847589512 -16621.334437293335 0 0 0
V 0 0.00035 6.218631891101184 9585.306596879866 0 0 0
V 0 0.00035 7.70483585913422 1831.9536583769939 0 0 0
V 0 0.00035 -25.64118003608506 16011.802273240457 0 0 0
V 0 0.00035 -81.05111493946555 -16641.840821452308 0 0 0
V 0 0.00035 -76.28848537180596 -14859.089774866261 0 0 0
V 0 0.00035 -2.7448076636096994 -8372.462261546378 0 0 0
V 0 0.00035 1.9663041329219002 8284.920592364728 0 0 0
V 0 0.00035 25.73368320255905 7068.947753007264 0 0 0
V 0 0.00035 13.394341287821577 9430.202074984965 0 0 0
V 0 0.00035 21.353531137462294 3896.428270232909 0 0 0
V 0 0.00035 26.759538386436198 7544.950684467567 0 0 0
V 0 0.00035 11.435472134273532 -406.76051017453347 0 0 0
V 0 0.00034998837808316327 28.304764423194886 47813.879116182834 0.000012100464666812917 4.1099110188698694e-7 -1.9574352374797516e-9
V 0 0.00034998826725685437 27.305487897595643 64819.373219769186 -0.0003513658065020495 1.0809405834018213e-7 -5.365917822520346e-10
V 0 0.0003499814252074043 20.676286463387093 58024.06284591975 0.0002927198347529535 8.059930485709814e-7 -3.826585903629456e-9
V 0 0.0003499680706557758 7.8806719028582854 34780.919080509164 0.00018991024553686523 4.923476857139782e-7 -2.330790253302205e-9
V 0 -0.0003499642705601119 -7.196043235421773 -23101.168415361197 -0.00047912487737539666 -7.490953149559663e-7 3.5611988945900967e-9
V 0 0.00034 8.536730401843759 17461.477226821295 0 0 0
V 0 0.00034 -1.5938746576871639 715.0581078282527 0 0 0
V 0 0.00034 27.377222442083443 31138.477683756504 0 0 0
V 0 0.00034 5.680896007805961 63.27837393134409 0 0 0
V 0 0.00034 -16.193480210960708 -8302.383036609217 0 0 0
V 0 0.00034 15.12639280800198 16651.48280614134 0 0 0
V 0 0.00034 20.556867777145044 33350.814124439996 0 0 0
V 0 0.00034 -0.2850779435419426 2893.613122155114 0 0 0
V 0 0.00034 -42.1997254210813 -16867.284632077877 0 0 0
V 0 0.00034 -35.688058934501946 16866.58000044428 0 0 0
V 0 0.00034 -18.29364185560433 -5703.016256267029 0 0 0
V 0 0.00034 10.038601119182196 10630.045380766289 0 0 0
V 0 0.00034 -30.2060448216076 8345.199857603682 0 0 0
V 0 0.00034 -15.391763199858495 23854.172724870576 0 0 0
V 0 0.00034 -39.5220471123137 -6603.028277414304 0 0 0
V 0 0.00034 -71.62984726323367 16672.92488636991 0 0 0
V 0 0.00034 -45.91055025904744 1685.8482482049467 0 0 0
V 0 0.00034 -35.573174413573966 9528.218699835064 0 0 0
V 0 0.00034 5.7758784792050335 8198.179542827336 0 0 0
V 0 0.00034 -11.671893975145315 -22834.36942123893 0 0 0
V 0 0.00034 -14.084351067917073 -21577.754251314618 0 0 0
V 0 0.00034 3.971854502161504 -15713.60656023745 0 0 0
V 0 0.00034 -0.26644546178257045 -15496.35362657184 0 0 0
V 0 0.00034 9.822049976150598 -10826.502657716075 0 0 0
V 0 0.00034 17.8567654636519 -3612.439791048113 0 0 0
V 0 0.00034 16.044785253793577 -10.318043865131585 0 0 0
V 0 0.00034 13.514955343571817 -8783.845548473857 0 0 0
V 0 0.00034 33.94316849309119 13502.398381211218 0 0 0
V 0 0.00034 4.073392229857571 -39411.89881737267 0 0 0
V 0 0.00034 50.37223795460871 39416.501211032504 0 0 0
V 0 0.00034 28.64417476960238 395.32216648887515 0 0 0
V 0 0.00034 35.371417457808356 16582.131789793577 0 0 0
V 0 0.00034 32.23136523584033 -4.257759299171084 0 0 0
V 0 0.00034 37.378600792148156 30.66818224400413 0 0 0
V 0 0.00034 35.39870328825321 16662.313883201878 0 0 0
V 0 0.00034 5.781205320317636 1980.4827291952552 0 0 0
V 0 0.00034 -5.298571406412117 -15558.753802781403 0 0 0
V 0 0.00034 15.495295557697654 15526.754784465631 0 0 0
V 0 -0.00033999011355338347 9.0592126529889 -11186.25050269923 -0.0008962556597199549 -0.0000011248743991839675 5.313509463592403e-9
V 0 0.00033 -4.187447228904855 -24986.785635566717 0 0 0
V 0 0.00033 9.945907359311711 24985.362926166606 0 0 0
V 0 0.00033 17.06381536888844 15876.815536772747 0 0 0
V 0 0.00033 10.529435461463141 8240.777442245499 0 0 0
V 0 0.00033 14.21745737853562 25004.098489175554 0 0 0
V 0 0.00033 18.4284693386151 7233.2505368208085 0 0 0
V 0 0.00033 -11.483448075104395 8354.999817301892 0 0 0
V 0 0.00033 -17.740774952738757 -31611.644463908775 0 0 0
V 0 0.00033 9.325655423328321 25.73913919590227 0 0 0
V 0 0.00033 -13.045152350258872 -20977.83259842396 0 0 0
V 0 0.00033 -5.54157659344317 -13700.49135782465 0 0 0
V 0 0.00033 -50.24364350612959 -24081.34749874584 0 0 0
V 0 0.00033 -27.64923686180363 24080.64286711224 0 0 0
V 0 0.00033 -49.63920590386288 -7899.458348674919 0 0 0
V 0 0.00033 -1.2067880982653274 2135.9571149087014 0 0 0
V 0 0.00033 -3.016141632977959 -7684.636097274366 0 0 0
V 0 0.00033 -9.283874562371967 -32042.402793178873 0 0 0
V 0 0.00033 6.297441213427002 52.95962318076727 0 0 0
V 0 0.00033 1.9055972414854627 -6461.802353706681 0 0 0
V 0 0.00033 10.391376671414942 -739.6412722662312 0 0 0
V 0 0.00033 22.951848407375326 14350.573472388476 0 0 0
V 0 0.00033 5.010556978013542 -6592.314237834898 0 0 0
V 0 0.00033 13.750707733932323 9473.972909575788 0 0 0
V 0 0.00033 -1.855398895444807 -13107.076214722345 0 0 0
V 0 0.00033 6.272178511976338 2686.7124389234064 0 0 0
V 0 0.00033 2.413877262045081 -14004.451841344326 0 0 0
V 0 0.00033 22.209828253987414 18529.18769653939 0 0 0
V 0 0.00033 23.665965362031884 18922.20866619835 0 0 0
V 0 0.00033 18.210233564422612 3066.615496324178 0 0 0
V 0 0.00033 23.993276851172315 13437.964032521952 0 0 0
V 0 0.00033 12.657741937188831 -10040.460718398168 0 0 0
V 0 0.00033 31.643251630290568 20809.761253545665 0 0 0
V 0 0.00033 14.08115464535718 -9647.439748739214 0 0 0
V 0 0.00033 24.672880604379117 -226.42646234419226 0 0 0
V 0 0.00033 13.305424382927832 24.607897678044537 0 0 0
V 0 0.00033 -0.1998457064489163 1918.6985514494245 0 0 0
V 0 0.00033 2.0415155915427916 -6619.542337856099 0 0 0
V 0 -0.00032997588171453617 7.6402729997094925 14843.464663430337 0.0001339394756801315 2.8095922447659827e-7 -1.3421581947836393e-9
V 0 0.0003299509147867933 16.255255888410673 11914.917912661971 -0.0004171307823445581 -3.7577908422800137e-7 1.7523105690023066e-9
V 0 0.00032 -2.6428713883790547 -33558.072214780455 0 0 0
V 0 0.00032 -5.222008968459991 -7182.4236797022895 0 0 0
V 0 0.00032 10.855358193184346 7245.702053633635 0 0 0
V 0 0.00032 4.915302013206492 -8169.784137427138 0 0 0
V 0 0.00032 -5.153585793383327 15168.878149137983 0 0 0
V 0 0.00032 -10.123890713030429 1408.8749021005183 0 0 0
V 0 0.00032 7.572342475617977 17442.270804713764 0 0 0
V 0 0.00032 -12.996002933523886 -23243.84949031697 0 0 0
V 0 0.00032 -21.637258003352795 1034.9987576149847 0 0 0
V 0 0.00032 -3.8826038880361504 -6222.293179291011 0 0 0
V 0 0.00032 -3.2975122643326586 -6673.669266415864 0 0 0
V 0 0.00032 12.522347661606283 8975.023220226596 0 0 0
V 0 0.00032 -22.817336011126976 -22988.706695140296 0 0 0
V 0 0.00032 -14.866297193019893 -15774.643828472332 0 0 0
V 0 0.00032 16.324637110299086 25597.46118593712 0 0 0
V 0 0.00032 22.35076114946729 16154.141198693975 0 0 0
V 0 0.00032 -46.378998871673325 -7373.3224720131775 0 0 0
V 0 0.00032 22.43778844678769 18419.446735886933 0 0 0
V 0 0.00032 -28.032228462490778 2059.72439269048 0 0 0
V 0 0.00032 -68.29940727718459 -7645.026908198297 0 0 0
V 0 0.00032 -39.19326588141016 2019.9094913541762 0 0 0
V 0 0.00032 -3.9875714340947024 -8006.66376211496 0 0 0
V 0 0.00032 -7.660514079784967 -31623.644670566686 0 0 0
V 0 0.00032 11.898238333106562 -23869.368178853914 0 0 0
V 0 0.00032 37.403370508189184 23873.52326230423 0 0 0
V 0 0.00032 -29.68748288466783 -15542.202002887823 0 0 0
V 0 0.00032 -8.89380354345265 15543.306584359214 0 0 0
V 0 0.00032 26.211101761069855 15764.922996668538 0 0 0
V 0 0.00032 6.400599557824881 -15555.8722058817 0 0 0
V 0 0.00032 0.2852816918243857 -5484.244633676397 0 0 0
V 0 0.00032 17.362720430792905 2639.813100308598 0 0 0
V 0 0.00032 11.239726834265195 -10433.48168805712 0 0 0
V 0 0.00032 6.8680597157371 -15604.887445482866 0 0 0
V 0 0.00032 39.85160315605568 8297.211197428845 0 0 0
V 0 0.00032 21.96123268573244 -374.9720281099999 0 0 0
V 0 0.00032 21.833740973847775 -303.97872329164056 0 0 0
V 0 0.00032 20.264806141735306 -15618.005357741047 0 0 0
V 0 0.00032 36.063663262111724 283.98847918479805 0 0 0
V 0 0.00032 8.443986883799854 3960.9654583905103 0 0 0
V 0 0.00032 -2.941470368159523 -7230.062375825848 0 0 0
V 0 0.0003199901129425384 30.259215737381094 63771.97233990076 0.0005169941588205436 0.0000011288256306850103 -5.363542235482907e-9
V 0 0.00031998446838288065 22.206043113690306 31504.261080065557 0.00031636177391225994 6.393286494159562e-7 -3.0298431000940448e-9
V 0 -0.0003199711136632315 2.028906634700757 -10352.159079786295 0.00009569591807316797 4.0448005414968585e-8 -1.9625257811314013e-10
V 0 0.00031995091539763844 5.8583224063557875 -3627.836380961544 -0.00036023207910218074 -4.3972600876634915e-7 2.0610399211328592e-9
V 0 -0.00031995004867680797 2.1830551774332996 10841.899247629506 0.00014630561824419244 2.532618188748105e-7 -1.1834301955883771e-9
V 0 0.00031 12.665638747651242 14252.393338678268 0 0 0
V 0 0.00031 15.8783208925934 31747.627610107833 0 0 0
V 0 0.00031 7.51254346770955 -8324.878123391796 0 0 0
V 0 0.00031 12.223655264241149 8332.504730519313 0 0 0
V 0 0.00031 0.59146076604 -16187.98255847737 0 0 0
V 0 0.00031 7.593525522108057 -645.2282648538531 0 0 0
V 0 0.00031 -1.2922163622557028 -24620.285254763945 0 0 0
V 0 0.00031 16.28689382233035 32775.475635987306 0 0 0
V 0 0.00031 -5.598188639688283 -6593.233441562521 0 0 0
V 0 0.00031 -14.145442838390533 7691.74734413915 0 0 0
V 0 0.00031 -28.13439770014906 -7187.754476321626 0 0 0
V 0 0.00031 10.135871234792535 435.6188690771139 0 0 0
V 0 0.00031 13.004772684228874 16661.792083563214 0 0 0
V 0 0.00031 -37.353043805253904 16028.722953132154 0 0 0
V 0 0.00031 -40.54595743236605 -16029.427584765755 0 0 0
V 0 0.00031 -39.1345693753979 7643.295944948597 0 0 0
V 0 0.00031 -34.56032017522306 9426.046991534651 0 0 0
V 0 0.00031 -20.09619143255251 7196.789870959466 0 0 0
V 0 0.00031 -60.899226347814384 0.2455978946769548 0 0 0
V 0 0.00031 -74.74587959111437 8972.541044376509 0 0 0
V 0 0.00031 2.933392973182102 8755.493822971132 0 0 0
V 0 0.00031 -3.5916285060890187 -23687.97421327009 0 0 0
V 0 0.00031 7.034275371154962 25588.644712875583 0 0 0
V 0 0.00031 0.2347759361914017 -18.033681637592963 0 0 0
V 0 0.00031 17.955637592596517 32986.17908685253 0 0 0
V 0 0.00031 -0.32243917176217884 -15549.313249752608 0 0 0
V 0 0.00031 17.141545453926767 24979.515324737575 0 0 0
V 0 0.00031 9.608237626325062 8191.620586698246 0 0 0
V 0 0.00031 16.618707256697867 17541.64056827491 0 0 0
V 0 0.00031 20.69366735310468 18136.16672688044 0 0 0
V 0 0.00031 18.675648237806094 405.640210354004 0 0 0
V 0 0.00031 16.38865436224939 19015.50867186483 0 0 0
V 0 0.00031 2.721509292804539 -12791.607506010841 0 0 0
V 0 0.00031 6.47927214882696 -4069.895109396334 0 0 0
V 0 0.00031 42.08223085872262 22617.131747484676 0 0 0
V 0 0.00031 24.019589689211678 -8292.608803769012 0 0 0
V 0 0.00031 34.29559963349096 8018.153747534821 0 0 0
V 0 0.00031 39.95582400265154 8299.8410298897 0 0 0
V 0 0.00031 -69.98225573352362 -0.19701441331744718 0 0 0
V 0 0.00031 -0.5065072096441074 -0.2517644388540248 0 0 0
V 0 0.00031 5.661917121532409 7143.07519164327 0 0 0
V 0 0.00031 14.051109802842577 24952.29285451004 0 0 0
V 0 0.00031 15.324478638849213 7737.595720455133 0 0 0
V 0 -0.00030999695665650303 18.02541144186268 5332.570563886606 -0.00033751807332851793 -3.310550221456467e-7 1.5604213140191522e-9
V 0 -0.00030999695560283356 36.80216681117339 71823.88662408719 -0.00013245255212016854 4.323519926766731e-7 -2.0720936730621565e-9
V 0 0.00030997675778006483 27.94678501932342 54814.97895777672 0.00036264693604778735 8.777018401438928e-7 -4.177930378329538e-9
V 0 0.0003 0.4654251729933785 -7206.584706811248 0 0 0
V 0 0.0003 16.58230292371144 7221.541026524676 0 0 0
V 0 0.0003 16.922801443104344 14.956319713428707 0 0 0
V 0 0.0003 11.427063496893476 16763.321046930054 0 0 0
V 0 0.0003 -12.252872361474793 -25025.889182202965 0 0 0
V 0 0.0003 1.8793358944890652 24946.25937953036 0 0 0
V 0 0.0003 15.70945513539644 31045.69368591073 0 0 0
V 0 0.0003 4.39091888950275 363.46210241479514 0 0 0
V 0 0.0003 20.33826441881941 23226.217455725222 0 0 0
V 0 0.0003 -9.813148619184249 -23243.138135616915 0 0 0
V 0 0.0003 24.461124298227325 -1.9643601782690379 0 0 0
V 0 0.0003 -8.58903276682926 -13224.479659921086 0 0 0
V 0 0.0003 8.189575494795681 77.99688100531839 0 0 0
V 0 0.0003 -33.249113959432634 -23656.829181438756 0 0 0
V 0 0.0003 -0.5324841909211848 15534.117795769269 0 0 0
V 0 0.0003 1.3491523124726825 -6655.645058106978 0 0 0
V 0 0.0003 -29.32103929933097 -6897.27461922723 0 0 0
V 0 0.0003 -76.30935586226104 -612.765552503357 0 0 0
V 0 0.0003 -52.45923284269597 9052.170847049116 0 0 0
V 0 0.0003 -34.278049926752985 67.42388375445944 0 0 0
V 0 0.0003 35.07464293566001 14916.524250386517 0 0 0
V 0 0.0003 13.949517543449101 -1401.7302835850119 0 0 0
V 0 0.0003 0.16649565548695477 -15654.087980927592 0 0 0
V 0 0.0003 74.67722609240245 -0.3531405398998686 0 0 0
V 0 0.0003 13.326944202429571 8086.845855523262 0 0 0
V 0 0.0003 14.305493220618379 9212.949141319357 0 0 0
V 0 0.0003 27.760720277507872 16786.251551289646 0 0 0
V 0 0.0003 4.481647955359875 -8954.369179456859 0 0 0
V 0 0.0003 25.108025516994395 19315.2296358573 0 0 0
V 0 0.0003 26.52146384302052 19708.250605516252 0 0 0
V 0 0.0003 19.657535989841595 5579.845836172799 0 0 0
V 0 0.0003 19.27879691825022 -3219.4188213891584 0 0 0
V 0 0.0003 19.501101169345148 -7997.80360915595 0 0 0
V 0 0.0003 28.811743095769444 61.81977613977506 0 0 0
V 0 0.0003 17.655036372746522 -24497.452108711306 0 0 0
V 0 0.0003 43.114008609091975 24502.054502371142 0 0 0
V 0 0.0003 18.08492901348997 -7682.334900444446 0 0 0
V 0 0.0003 24.52996210070242 -146.24436893589154 0 0 0
V 0 0.0003 27.656304996870034 -93.28474575512519 0 0 0
V 0 0.0003 40.94180655561487 -56.07286729338921 0 0 0
V 0 0.0002999687802549843 15.724775763706704 21429.22557492981 -0.00007730645033500217 9.378235847382864e-8 -4.652756897608217e-10
V 0 0.00029000173283081585 43.94328982648534 70499.70860144962 -0.0000705670553538985 5.061988125832775e-7 -2.4212564861972446e-9
V 0 0.00029 0.6560684473622098 -17319.44185368787 0 0 0
V 0 0.00029 10.695919678304584 16100.068573767312 0 0 0
V 0 0.00029 -4.677084517871213 -15479.475919692171 0 0 0
V 0 0.00029 0.5434829383142921 8903.318560708181 0 0 0
V 0 0.00029 2.527674593868527 -16638.195183758264 0 0 0
V 0 0.00029 11.288365421053392 8557.42855945837 0 0 0
V 0 0.00029 11.95376234589564 16676.570524063955 0 0 0
V 0 0.00029 -5.941352703291094 1742.2247905496918 0 0 0
V 0 0.00029 13.966832978714006 16850.01163636938 0 0 0
V 0 0.00029 7.88080122700468 -16830.883899643304 0 0 0
V 0 0.00029 -25.228443136422136 -16442.766314770794 0 0 0
V 0 0.00029 -32.27650481689345 -22208.139378001935 0 0 0
V 0 0.00029 -1.0040407640938263 24420.123502868617 0 0 0
V 0 0.00029 6.14092406846469 -5921.399280125876 0 0 0
V 0 0.00029 -43.64488089677067 7937.542286761523 0 0 0
V 0 0.00029 -92.48786752950275 -22756.81043722502 0 0 0
V 0 0.00029 -55.6112453978148 22756.82388335794 0 0 0
V 0 0.00029 -69.60371858746069 349.6032756080276 0 0 0
V 0 0.00029 -52.69299528257744 1351.7870050557167 0 0 0
V 0 0.00029 -53.43946268853691 9154.342555349529 0 0 0
V 0 0.00029 -2.01992733011798 -7718.417523630991 0 0 0
V 0 0.00029 3.145838490656884 1343.3562194617032 0 0 0
V 0 0.00029 17.2843849135809 24867.037122246948 0 0 0
V 0 0.00029 -2.2461976895611193 -22064.075226640056 0 0 0
V 0 0.00029 10.67246997887207 8715.153440485417 0 0 0
V 0 0.00029 10.462464277375382 -6790.388974676365 0 0 0
V 0 0.00029 -0.642842381269618 -12714.055245063393 0 0 0
V 0 0.00029 3.8433127523962165 -13611.430871685374 0 0 0
V 0 0.00029 10.535378848327358 2593.412433256923 0 0 0
V 0 0.00029 8.908426241647643 8349.354941053998 0 0 0
V 0 0.00029 11.663062359257257 3648.5224142346565 0 0 0
V 0 0.00029 7.085604673291538 -6834.159809267191 0 0 0
V 0 0.00029 24.450351384949343 10593.517239242792 0 0 0
V 0 0.00029 26.97934018435265 27801.655417168604 0 0 0
V 0 0.00029 9.225030203361644 -7276.19601852731 0 0 0
V 0 0.00029 25.752521796697813 5660.0279295811015 0 0 0
V 0 0.00029 26.29612085797286 142.0018695480776 0 0 0
V 0 0.00029 42.4780459231316 -0.3133757195682847 0 0 0
V 0 0.00029 -0.08222331782419201 -25019.855707223283 0 0 0
V 0 -0.00028998837827918735 36.83349695147982 46141.93627575145 -0.0005443308630435859 -2.4432185459515066e-7 1.138487967349523e-9
V 0 0.00028 -0.6604494798633032 523.5572355355234 0 0 0
V 0 0.00028 3.8478436911297984 41.948464387544085 0 0 0
V 0 0.00028 2.0297277753649423 -16551.444660892164 0 0 0
V 0 0.00028 -3.388899638373671 -8276.433685146138 0 0 0
V 0 0.00028 1.3219231316337972 8380.94916876497 0 0 0
V 0 0.00028 -14.325277220633929 -8702.567571441088 0 0 0
V 0 0.00028 -2.0961372764292703 -14913.735353961307 0 0 0
V 0 0.00028 -15.712522974411314 -38838.861525749904 0 0 0
V 0 0.00028 1.0396107755441122 606.2663207182995 0 0 0
V 0 0.00028 17.07638398724447 8176.431694779348 0 0 0
V 0 0.00028 2.8035699305738486 16793.335988568146 0 0 0
V 0 0.00028 -6.236984656116583 -14550.984606246566 0 0 0
V 0 0.00028 19.31436565454356 16641.173528719468 0 0 0
V 0 0.00028 -13.322674669609004 -29881.862513832195 0 0 0
V 0 0.00028 10.979727069468893 541.5570620960581 0 0 0
V 0 0.00028 3.7231460839714163 8455.721716878845 0 0 0
V 0 0.00028 6.781749526597639 8427.306862804619 0 0 0
V 0 0.00028 -37.71303515288617 -23362.582839625826 0 0 0
V 0 0.00028 -8.943437171730164 7236.60477229577 0 0 0
V 0 0.00028 -24.270655980510845 -6857.459717890926 0 0 0
V 0 0.00028 -60.67270266837474 -238.88940801782383 0 0 0
V 0 0.00028 -68.22827552864759 6601.297314164605 0 0 0
V 0 0.00028 0.4499973717222856 -1491.9017852275126 0 0 0
V 0 0.00028 19.673815269089932 32593.15811719358 0 0 0
V 0 0.00028 73.64554645765625 -8328.48571469532 0 0 0
V 0 0.00028 7.961620367183302 210.7034508652238 0 0 0
V 0 0.00028 5.689438156862108 228.72765917411084 0 0 0
V 0 0.00028 -1.7319743848692983 -7848.929407759209 0 0 0
V 0 0.00028 2.522646012895984 -7325.3965539720375 0 0 0
V 0 0.00028 5.357051157366574 -16663.941810040196 0 0 0
V 0 0.00028 23.77397750494351 16164.50292245658 0 0 0
V 0 0.00028 16.43545541055055 9649.740945569134 0 0 0
V 0 0.00028 12.842106546313877 16972.851562622614 0 0 0
V 0 0.00028 -1.6784133255155052 -16577.20076050281 0 0 0
V 0 0.00028 0.7469830362404304 -12321.034275404438 0 0 0
V 0 0.00028 10.616402549384627 -31.151593895773658 0 0 0
V 0 0.00028 19.576258628109237 11630.593538582936 0 0 0
V 0 0.00028 9.357988570321957 -3283.853170078427 0 0 0
V 0 0.00028 31.764088889750823 6585.426646074875 0 0 0
V 0 0.00028 21.8782830148637 -6586.0839173367385 0 0 0
V 0 0.00028 22.775934521724224 4289.449239891862 0 0 0
V 0 0.00028 16.43949870710304 -1318.7483217836598 0 0 0
V 0 0.00028 17.80057299867988 -33312.4645109923 0 0 0
V 0 0.00028 18.447380125389508 -0.5435928887742421 0 0 0
V 0 0.00028 -0.8248284036695432 -7604.82386768461 0 0 0
V 0 0.00028 7.772857332430017 61.77854795216399 0 0 0
V 0 0.00028 4.585780228193026 -7734.170898143692 0 0 0
V 0 -0.00027999609056051934 7.628477959807794 -10210.183729736913 -0.0002806193700861405 -3.9500194668399445e-7 1.869150666149705e-9
V 0 0.0002799892437783277 21.725451672893335 13941.799128216815 -0.0008014876750324305 -8.090910079932713e-7 3.819895474830145e-9
V 0 0.00027998359967549603 6.610642890607981 8190.129639630275 0.00040170982877582595 5.434082626084345e-7 -2.5667490718982164e-9
V 0 0.00027 8.522733410972997 8399.709113522267 0 0 0
V 0 0.00027 12.504929052463162 41819.24955251947 0 0 0
V 0 0.00027 -2.890462434031413 -15610.26838284006 0 0 0
V 0 0.00027 -5.581733805333587 -8330.114136355665 0 0 0
V 0 0.00027 -0.8706220088019885 8327.268717555442 0 0 0
V 0 0.00027 14.845138011968075 1330.21149761724 0 0 0
V 0 0.00027 6.41570147650251 459.09101801186716 0 0 0
V 0 0.00027 -0.35611169654412866 1584.0288557213316 0 0 0
V 0 0.00027 9.982663575109953 17126.78314934485 0 0 0
V 0 0.00027 9.927155561754127 25770.962231669317 0 0 0
V 0 0.00027 1.779630511907397 8893.009283286308 0 0 0
V 0 0.00027 -17.547180004785478 -22149.839484873126 0 0 0
V 0 0.00027 6.130000947787957 8967.308289339582 0 0 0
V 0 0.00027 -12.05384793061371 7240.371257014299 0 0 0
V 0 0.00027 9.562578974413704 23345.30984391733 0 0 0
V 0 0.00027 15.954636299406634 8428.72957220473 0 0 0
V 0 0.00027 4.754158506833514 -7093.406166575043 0 0 0
V 0 0.00027 -48.455380297339005 -7004.865720134792 0 0 0
V 0 0.00027 -29.461978662419277 7004.161088501194 0 0 0
V 0 0.00027 -44.92902052809824 8757.924505236191 0 0 0
V 0 0.00027 -71.65088273268164 7700.390565059856 0 0 0
V 0 0.00027 -46.723653463183425 9488.403798498759 0 0 0
V 0 0.00027 7.706755997412806 9978.327566538817 0 0 0
V 0 0.00027 -7.6446841474789755 -16013.32752422992 0 0 0
V 0 0.00027 -1.2969015093614207 -24828.33992651091 0 0 0
V 0 0.00027 1.659306467434833 -0.5588528001334225 0 0 0
V 0 0.00027 13.42625765532885 19.17819682414097 0 0 0
V 0 0.00027 -0.3732890663265209 1246.6257616901107 0 0 0
V 0 0.00027 -4.523783419563053 -23555.977011867566 0 0 0
V 0 0.00027 7.773576508874607 16737.56494731941 0 0 0
V 0 0.00027 14.000491399441792 1303.015836975987 0 0 0
V 0 0.00027 -14.081389571958969 -31082.878754786183 0 0 0
V 0 0.00027 27.503405570866068 31088.138419707884 0 0 0
V 0 0.00027 7.9084540428377785 -3676.8741397373815 0 0 0
V 0 0.00027 21.630319411423134 2422.5601666429884 0 0 0
V 0 0.00027 10.751050875462756 -2890.8322004194742 0 0 0
V 0 0.00027 32.15623090394933 0.8253528843221432 0 0 0
V 0 0.00027 14.413499549304973 -848.175091177256 0 0 0
V 0 0.00027 30.95055502334329 12088.048856931153 0 0 0
V 0 0.00027 20.7012235153912 -2826.3978517302057 0 0 0
V 0 0.00027 26.39028779732329 -1254.313973094393 0 0 0
V 0 0.00027 25.37833985177823 -5955.146499913733 0 0 0
V 0 0.00027 11.459096618298027 15638.314267932306 0 0 0
V 0 0.00026996964714383543 13.856574809936745 4214.528440874907 -0.0005768390748030237 -6.254775225466567e-7 2.9393768671990057e-9
V 0 0.00026995004867680795 8.25700348482971 4072.5530908255223 -0.00020052378664371518 -1.9002757044769372e-7 8.739736229361603e-10
V 0 0.00026 16.08275516757817 14428.125733335924 0 0 0
V 0 0.00026 -2.6031200658476763 9619.112404984844 0 0 0
V 0 0.00026 7.836942959738464 24533.56474343987 0 0 0
V 0 0.00026 16.107562220866125 15606.032667554862 0 0 0
V 0 0.00026 -25.868324132901428 -31125.323488583337 0 0 0
V 0 0.00026 -6.617595369007431 13.15419517316812 0 0 0
V 0 0.00026 -9.238107646572034 -31677.767755591412 0 0 0
V 0 0.00026 10.16880724478671 607.6890301184112 0 0 0
V 0 0.00026 2.416295029327216 22677.18735761887 0 0 0
V 0 0.00026 7.883869153964758 1108.7285125178225 0 0 0
V 0 0.00026 31.93136737951251 31121.557003864804 0 0 0
V 0 0.00026 9.26504748614575 16639.750819319357 0 0 0
V 0 0.00026 8.00228850161992 9521.316868248465 0 0 0
V 0 0.00026 -4.749558690571774 -13922.677021284411 0 0 0
V 0 0.00026 -3.18601161946526 -5371.799930869097 0 0 0
V 0 0.00026 -16.312451554819546 180.8351127836927 0 0 0
V 0 0.00026 -2.822723725551686 8725.109477068896 0 0 0
V 0 0.00026 -13.091240984490597 -13697.646440073355 0 0 0
V 0 0.00026 -27.517953854427372 141.02021144738865 0 0 0
V 0 0.00026 -89.0505348080367 -23855.90368812027 0 0 0
V 0 0.00026 -60.147896850603175 8820.281312200299 0 0 0
V 0 0.00026 -11.088631739677586 -24106.732335882272 0 0 0
V 0 0.00026 16.659134427681224 -6583.677739980649 0 0 0
V 0 0.00026 -7.870051740311621 -31649.381823519918 0 0 0
V 0 0.00026 15.436944079862016 9683.522371925757 0 0 0
V 0 0.00026 6.072180515708466 -7201.443625972911 0 0 0
V 0 0.00026 2.1334975641594474 -11928.013305745486 0 0 0
V 0 0.00026 26.35135654043025 10280.678362992141 0 0 0
V 0 0.00026 24.19757467350425 4682.470209550815 0 0 0
V 0 0.00026 21.149747482728465 5972.866805831752 0 0 0
V 0 0.00026 22.051875614112582 173.15346344385216 0 0 0
V 0 0.00026 27.662242235375633 15480.621141764172 0 0 0
V 0 0.00026 20.24582880410209 -34.91068163181626 0 0 0
V 0 0.00026 35.31034039745463 5959.748893573571 0 0 0
V 0 0.00026 48.05980006358719 30459.502199114795 0 0 0
V 0 0.00026 36.645058232983956 33317.066904652136 0 0 0
V 0 0.00026 12.669015428058692 -30454.89980545496 0 0 0
V 0 0.00026 35.42062828700739 7198.330381860289 0 0 0
V 0 0.00026 32.88003968522611 7625.132777875868 0 0 0
V 0 0.00026 18.860330307729186 4.049398302002999 0 0 0
V 0 0.0002599892466925357 22.618942737671603 48928.50767647043 0.00038305468314041215 8.47866406208412e-7 -4.021384040699268e-9
V 0 -0.0002599836010512051 23.180753002681996 13732.249665866846 -0.00036864795979256123 -2.983688837652417e-7 1.4067838584755403e-9
V 0 -0.00025998360044036 34.489736093115724 62866.893241963146 -0.00028679977489292485 1.8122820213555564e-7 -8.864818159087867e-10
V 0 0.0002599696471438354 17.59297671747666 38643.92270898471 0.00042222617413301936 8.13042239494314e-7 -3.8699282467206494e-9
V 0 -0.00025000173330164366 26.9670435941289 21084.874319860093 -0.0008272564918107645 -7.778302218353285e-7 3.664803578243204e-9
V 0 0.00025 7.852704450121392 16657.38285391111 0 0 0
V 0 0.00025 -0.5349065357656135 -7281.576955884506 0 0 0
V 0 0.00025 13.117837413032209 25128.109654000087 0 0 0
V 0 0.00025 -5.395790053814221 -15532.445016201644 0 0 0
V 0 0.00025 15.362960536679573 15553.06357104539 0 0 0
V 0 0.00025 9.698915371405793 8904.741270108294 0 0 0
V 0 0.00025 -0.08973349427253674 1079.6836720870076 0 0 0
V 0 0.00025 -5.162554488885278 -6692.404829424807 0 0 0
V 0 0.00025 0.11157267998705844 -7707.862001850113 0 0 0
V 0 0.00025 -1.380758465352639 -16029.075268948955 0 0 0
V 0 0.00025 -17.6721876612982 -7516.9457063351365 0 0 0
V 0 0.00025 -0.10714014485595902 -15612.644070024686 0 0 0
V 0 0.00025 2.136383853346789 10593.996964148511 0 0 0
V 0 0.00025 0.14357819910645508 1171.2955317491108 0 0 0
V 0 0.00025 20.984018575980066 15642.081084172636 0 0 0
V 0 0.00025 -3.8507613654095243 -14233.170027189733 0 0 0
V 0 0.00025 0.6606005433945357 2840.644025645642 0 0 0
V 0 0.00025 -9.981602974739095 1511.0466104009324 0 0 0
V 0 0.00025 6.335309371364926 2354.3230503202053 0 0 0
V 0 0.00025 13.294950385257994 9568.385916988169 0 0 0
V 0 0.00025 -23.1176476331484 107.23878509076303 0 0 0
V 0 0.00025 -63.54818852750611 23886.987753037873 0 0 0
V 0 0.00025 -24.420590147820764 9568.03360117137 0 0 0
V 0 0.00025 -76.44823036916885 -7700.377118926942 0 0 0
V 0 0.00025 -113.09327030620561 -8330.42239020525 0 0 0
V 0 0.00025 -5.947115812915216 -32016.66564022564 0 0 0
V 0 0.00025 5.053412565260018 -8492.984737440396 0 0 0
V 0 0.00025 5.4208683118269 -269.06804165982714 0 0 0
V 0 0.00025 12.848511209591326 25143.808635222413 0 0 0
V 0 0.00025 -4.216135199129456 -24200.032341548755 0 0 0
V 0 0.00025 -9.265531542353957 -14505.677994283375 0 0 0
V 0 0.00025 1.8001881274655256 -24016.560834239768 0 0 0
V 0 0.00025 17.792361049919354 18012.213798881316 0 0 0
V 0 0.00025 -84.94603337202443 0.34657847545804543 0 0 0
V 0 0.00025 12.690924680840215 -380.40172896390277 0 0 0
V 0 0.00025 23.930893682641933 23700.59345396514 0 0 0
V 0 0.00025 19.249985263668293 17743.145757221486 0 0 0
V 0 0.00025 0.0015902872912203492 -6112.552218638552 0 0 0
V 0 0.00025 7.4144309904129795 -6205.852224305036 0 0 0
V 0 0.00025 21.663966103198973 1819.9897346340667 0 0 0
V 0 0.00025 18.780707084849734 3032.834069967552 0 0 0
V 0 0.00025 28.4022029392737 28194.67638682756 0 0 0
V 0 0.00025 19.61709932955158 3459.6364659831306 0 0 0
V 0 0.00025 20.607097108840094 -219.86750621510055 0 0 0
V 0 0.00025 22.126671801066152 -2433.376882071252 0 0 0
V 0 0.00025 12.5526043438467 -16719.516005770456 0 0 0
V 0 0.00025 33.00160387446525 21202.782223204616 0 0 0
V 0 0.00025 24.970488793371196 -1647.3349427533449 0 0 0
V 0 0.00025 43.7066430139335 23010.152717143632 0 0 0
V 0 0.00025 15.816067906959887 205.54756562973716 0 0 0
V 0 0.00025 8.827129152313304 -1114.6285602875923 0 0 0
V 0 0.00024999217884567914 9.083779289596457 -10419.733192086882 0.00015222034515372876 1.1572017754403514e-7 -5.439609502048993e-10
V 0 -0.0002499907129091247 27.978115159629848 29133.028609440986 -0.00004923137487563005 2.0102799287206909e-7 -9.67348737917857e-10
V 0 0.00024998213544546126 0.5736053049120944 -10142.609617436327 -0.0003371437971667013 -4.70274118813061e-7 2.216859038241464e-9
V 0 0.00024998213375294334 36.9628724921042 44257.03041024598 -0.000536289258515022 -2.464598829288437e-7 1.1363063057845301e-9
V 0 0.00024997969115489834 19.307235494014684 56977.00839793274 -0.0001347588108012066 2.9384557212048973e-7 -1.4149287283181806e-9
V 0 0.00024 -8.300727715560551 -14319.907427894814 0 0 0
V 0 0.00024 20.663888882304178 22094.75816051472 0 0 0
V 0 0.00024 7.145254035118494 -1324.1780226375613 0 0 0
V 0 0.00024 1.9136440835531836 -23203.32323428061 0 0 0
V 0 0.00024 14.63207577139683 25055.904123841065 0 0 0
V 0 0.00024 7.312038547056941 8451.490366439426 0 0 0
V 0 0.00024 -42.00616459678744 -1256.9674857411103 0 0 0
V 0 0.00024 10.499085894205887 8248.492373132513 0 0 0
V 0 0.00024 7.454626312731162 -16883.852996152775 0 0 0
V 0 0.00024 -8.974971761408083 -22930.318206023676 0 0 0
V 0 0.00024 17.00083672005177 8407.399662660928 0 0 0
V 0 0.00024 -7.847964300612663 -22657.49036974236 0 0 0
V 0 0.00024 7.218722543322683 594.5261586055301 0 0 0
V 0 0.00024 -1.4591710503411988 -5904.478600234179 0 0 0
V 0 0.00024 -15.810688284375743 16871.999393051425 0 0 0
V 0 0.00024 -19.76416483840848 1105.9920624333436 0 0 0
V 0 0.00024 -52.605644381724225 -32410.038925701392 0 0 0
V 0 0.00024 -34.95045192432814 8537.888573488723 0 0 0
V 0 0.00024 -25.300130304189796 32409.33429406779 0 0 0
V 0 0.00024 1.461796608767056 15605.111100587628 0 0 0
V 0 0.00024 -3.1802987742570075 -13294.369436322255 0 0 0
V 0 0.00024 -30.317202165350153 -14071.522584558888 0 0 0
V 0 0.00024 -35.83363646886827 1256.262854107511 0 0 0
V 0 0.00024 -65.88145570141972 14929.988741120158 0 0 0
V 0 0.00024 -88.38069013717954 6585.657240123397 0 0 0
V 0 0.00024 -109.98554243380217 -8326.655905486723 0 0 0
V 0 0.00024 -105.27458824050203 8330.726948424386 0 0 0
V 0 0.00024 -90.22511685748125 628.2095433797459 0 0 0
V 0 0.00024 5.364152763678632 -9226.067053577535 0 0 0
V 0 0.00024 -16.248033866791456 -30064.180032625925 0 0 0
V 0 0.00024 -288.0868545082518 0.2499352336890297 0 0 0
V 0 0.00024 12.378894341680471 23400.872489972666 0 0 0
V 0 0.00024 -3.504496517520549 -6218.471465000086 0 0 0
V 0 0.00024 18.31303159723194 8523.637659773041 0 0 0
V 0 0.00024 -10.830871564699851 -31021.07423855776 0 0 0
V 0 0.00024 15.173607838899365 9866.993879234742 0 0 0
V 0 0.00024 17.695024113457453 10042.761915228088 0 0 0
V 0 0.00024 19.541093668259947 23245.767968077766 0 0 0
V 0 0.00024 21.305839870110482 17430.306880970835 0 0 0
V 0 0.00024 19.773278278864954 8238.021253749921 0 0 0
V 0 0.00024 16.898561306064142 8866.328838712076 0 0 0
V 0 0.00024 22.725356305256682 17823.327850629787 0 0 0
V 0 0.00024 12.06752515956677 -9176.86651813281 0 0 0
V 0 0.00024 15.019863764100634 -1711.7692914426134 0 0 0
V 0 0.00024 25.416644180780118 13830.985002180903 0 0 0
V 0 0.00024 35.3635078509797 13895.419350870172 0 0 0
V 0 0.00024 49.869377734936805 4.378738555077234 0 0 0
V 0 0.00024 59.757167604997164 0.9816581006903107 0 0 0
V 0 0.00024 25.80869830640311 175.78329590470457 0 0 0
V 0 0.00024 34.94524771033968 -8279.989563073961 0 0 0
V 0 0.00024 13.785178212485423 7921.930916781021 0 0 0
V 0 0.00024 15.563500370704617 8340.689039393208 0 0 0
V 0 0.00024 20.120608786494923 109.9875913209471 0 0 0
V 0 0.00024 10.677943656376932 8470.666777004937 0 0 0
V 0 -0.0002399963580796275 -14.176460569802922 -49343.84660656484 -0.0009448470805365202 -0.0000015017540104680876 7.118761686571872e-9
V 0 0.00023999608814514258 26.89258827361435 47395.12662336431 -0.0004180587157302017 -1.0044369845227368e-7 4.5494915835318835e-10
V 0 -0.00023999462280543143 34.477941053214025 37813.24484879589 -0.0007013586206591969 -4.947329690250371e-7 2.324827045024558e-9
V 0 0.00023999304631737184 -3.181355146228385 -43177.1846197653 -0.0002904135760719154 -6.67486628014798e-7 3.1694209588854806e-9
V 0 -0.00023998533632540116 6.542951073792298 8051.914284186421 -0.0006494467109407121 -6.964736380083371e-7 3.2914485624207507e-9
V 0 0.00023997502311671386 31.32017598678903 44743.35701536509 -0.0001626545051985682 1.8970274528135032e-7 -9.283697179566504e-10
V 0 0.00023 -7.01554516462922 -6480.956168782468 0 0 0
V 0 0.00023 -2.2299679246734083 -16133.825618375584 0 0 0
V 0 0.00023 12.022119349140823 -328.027768169551 0 0 0
V 0 0.00023 0.4681767514634325 -7807.033389712399 0 0 0
V 0 0.00023 -7.951049749589004 -14921.924868518077 0 0 0
V 0 0.00023 17.637837131370606 15561.941963776362 0 0 0
V 0 0.00023 -8.155524178394252 -22826.70693669265 0 0 0
V 0 0.00023 7.979302086601935 -8334.591474725321 0 0 0
V 0 0.00023 -11.052376996437275 -13330.417852940029 0 0 0
V 0 0.00023 -45.80016559665998 -7215.029264857294 0 0 0
V 0 0.00023 -27.36291464380367 15541.787895434189 0 0 0
V 0 0.00023 -2.3955774283571234 -5593.985594328857 0 0 0
V 0 0.00023 13.32697715351863 348.8683462110165 0 0 0
V 0 0.00023 -48.764311062889306 -15702.013898968733 0 0 0
V 0 0.00023 -36.751383605494325 -8538.593205122324 0 0 0
V 0 0.00023 -22.10568675481054 -48.45139919055259 0 0 0
V 0 0.00023 -41.30629857341423 -4.118800535329086 0 0 0
V 0 0.00023 -82.38961585827602 -7771.370423745301 0 0 0
V 0 0.00023 -71.99268237622114 7771.383869878216 0 0 0
V 0 0.00023 -96.42206859363326 -628.405626544565 0 0 0
V 0 0.00023 -98.62066114308998 -64.08777021380956 0 0 0
V 0 0.00023 -98.26649513940204 -6585.853323288216 0 0 0
V 0 0.00023 -78.0188088518205 8446.405167714767 0 0 0
V 0 0.00023 7.535485840410451 -1525.6832115841378 0 0 0
V 0 0.00023 11.112012336095098 14679.160093358161 0 0 0
V 0 0.00023 -5.534131540465203 -14592.419043820766 0 0 0
V 0 0.00023 -1.7909839315847924 -6611.49243465904 0 0 0
V 0 0.00023 4.449976494101602 -16473.911346602126 0 0 0
V 0 0.00023 9.915983870509624 25772.11622018457 0 0 0
V 0 0.00023 -7.00682573700255 -13013.77620905586 0 0 0
V 0 0.00023 21.15574748671614 7966.323379629243 0 0 0
V 0 0.00023 5.155423654804756 8304.108262517577 0 0 0
V 0 0.00023 -6.237531275881979 -23162.956042208614 0 0 0
V 0 0.00023 2.238702773350605 -15320.585590578496 0 0 0
V 0 0.00023 7.684212568484703 2391.907244310346 0 0 0
V 0 0.00023 5.265751392309033 -13218.40990202642 0 0 0
V 0 0.00023 19.89255949638166 17037.285911311883 0 0 0
V 0 0.00023 5.0738054396263905 -4462.916079055288 0 0 0
V 0 0.00023 15.157530560955848 10522.523934424433 0 0 0
V 0 0.00023 27.98300553762672 20101.27157517521 0 0 0
V 0 0.00023 13.595728140556108 -2104.790261101566 0 0 0
V 0 0.00023 22.51282415865537 6365.887775490706 0 0 0
V 0 0.00023 19.417091827057053 -2.6145725494916405 0 0 0
V 0 0.00023 10.348288089646168 8328.915082060317 0 0 0
V 0 0.00023 22.654167895090346 -16673.11533871878 0 0 0
V 0 0.00023 3.0279957367607997 662.0946411124486 0 0 0
V 0 -0.0002299978241561992 8.52196902458606 24776.524818516697 0.0009039229880867021 0.0000012619554675176888 -5.972128849379707e-9
V 0 0.00022999695560283357 10.471388802569436 -10767.498009880706 -0.0004660964793229402 -6.13439598844707e-7 2.901125067759463e-9
V 0 -0.0002299859356811424 -6.554746113693997 -33105.56267735367 0.00023488786517444018 2.0512466847744466e-8 -8.013970148740622e-11
V 0 0.00022997502372755892 18.3089355252196 24641.723025796942 -0.0002788667686289295 -1.2037923701949778e-7 5.710620349789223e-10
V 0 0.00022 -13.000045519388003 -5923.641888638671 0 0 0
V 0 0.00022 10.892285776510784 25790.168653776847 0 0 0
V 0 0.00022 -5.710488249502724 -15500.094474535917 0 0 0
V 0 0.00022 0.9305567969266786 -53.68045120952797 0 0 0
V 0 0.00022 5.812437414765599 31.639186965672046 0 0 0
V 0 0.00022 -4.222322924138007 -7172.114402280418 0 0 0
V 0 0.00022 3.3213817027966392 -8265.41305302421 0 0 0
V 0 0.00022 -9.376411961006683 7954.81528247002 0 0 0
V 0 0.00022 9.99714772940829 32160.322246198317 0 0 0
V 0 0.00022 -9.151901966875524 -16363.136512098185 0 0 0
V 0 0.00022 8.308376975745588 24165.692062391998 0 0 0
V 0 0.00022 -3.4721083305993297 -15576.535719980142 0 0 0
V 0 0.00022 15.051440601654768 7180.281440311336 0 0 0
V 0 0.00022 3.1448365253009873 -7679.053932449599 0 0 0
V 0 0.00022 1.0604108881666254 1795.90524175922 0 0 0
V 0 0.00022 2.3483955203667675 -7194.875196515115 0 0 0
V 0 0.00022 4.42741168823538 17284.97908417321 0 0 0
V 0 0.00022 6.965052598982693 734.2457779810995 0 0 0
V 0 0.00022 -27.767928501863018 -22502.38571981486 0 0 0
V 0 0.00022 -10.600650760608275 -407.65757084215886 0 0 0
V 0 0.00022 -3.6398736466006767 -860.1971198109705 0 0 0
V 0 0.00022 13.293116914648635 16630.152896597538 0 0 0
V 0 0.00022 -9.630904987447245 -31049.46017062926 0 0 0
V 0 0.00022 16.045730984447044 16735.379734916427 0 0 0
V 0 0.00022 -22.55014497576451 16537.9381499022 0 0 0
V 0 0.00022 -26.171075968157268 1329.2450994279102 0 0 0
V 0 0.00022 -14.12601910220938 8424.829660276291 0 0 0
V 0 0.00022 4.850209039982958 1842.262935798866 0 0 0
V 0 0.00022 -39.10177063487066 9442.967671426344 0 0 0
V 0 0.00022 -46.515931240087966 -16100.420889584111 0 0 0
V 0 0.00022 -36.09092972206835 -557.6665959605957 0 0 0
V 0 0.00022 -31.407865715682153 16099.716257950513 0 0 0
V 0 0.00022 -32.44123661689474 -9443.672303059946 0 0 0
V 0 0.00022 -25.3172751517978 8385.014758939986 0 0 0
V 0 0.00022 -16.275493038683415 -15480.397486659405 0 0 0
V 0 0.00022 -10.722645905916071 -5368.955013117799 0 0 0
V 0 0.00022 -35.703099125683586 16.50843064812898 0 0 0
V 0 0.00022 -16.82642524693355 9799.923136020183 0 0 0
V 0 0.00022 -40.55517651784456 -6937.089520563533 0 0 0
V 0 0.00022 -50.351430837446614 1980.0945900178722 0 0 0
V 0 0.00022 25.358056733508462 31478.529556905985 0 0 0
V 0 0.00022 2.4815616063790116 -6750.048592190649 0 0 0
V 0 0.00022 6.906426628755307 10012.108992895442 0 0 0
V 0 0.00022 11.212926776511388 7267.02248984873 0 0 0
V 0 0.00022 26.55518121811004 31243.242941602788 0 0 0
V 0 0.00022 -7.2475598269980885 -14199.398074161812 0 0 0
V 0 0.00022 -1.5649855010810607 -15314.026634449405 0 0 0
V 0 0.00022 14.281007233396934 -14912.369166936203 0 0 0
V 0 0.00022 6.770700027453955 7693.824885864307 0 0 0
V 0 0.00022 14.399962242573856 -773.4226986228564 0 0 0
V 0 0.00022 3.353885603883715 -6068.781384047727 0 0 0
V 0 0.00022 0.46910305757195947 -4778.384787766791 0 0 0
V 0 0.00022 11.173776589201552 6665.937375114108 0 0 0
V 0 0.00022 -9.655528584377862 -23791.26362717077 0 0 0
V 0 0.00022 11.885143249126195 -6397.368005017412 0 0 0
V 0 0.00022 13.083772425078896 4041.5433838936106 0 0 0
V 0 0.00022 3.5543130478679075 -11534.99233608653 0 0 0
V 0 0.00022 21.06219199714376 12023.614508241886 0 0 0
V 0 0.00022 23.880255431066008 6758.90874514966 0 0 0
V 0 0.00022 5.552696248665658 -8328.467771850792 0 0 0
V 0 0.00022 23.55093396098145 -2040.3559124122985 0 0 0
V 0 0.00022 27.182282092822746 6053.048899240053 0 0 0
V 0 0.00022 17.124563421006403 -14983.138816649802 0 0 0
V 0 0.00022 20.867728832245188 -7002.212207488074 0 0 0
V 0 0.00022 39.861086659400684 7006.814601147913 0 0 0
V 0 0.00022 43.60425207063946 14987.741210309638 0 0 0
V 0 0.00022 18.70117874005615 -16639.333912362155 0 0 0
V 0 0.00022 -51.216428904476345 -8328.881879304427 0 0 0
V 0 0.00022 -46.50531710794475 8328.500974606679 0 0 0
V 0 0.00022 7.813619751540565 -8990.774808480668 0 0 0
V 0 0.00022 18.21053438403953 6551.979485142848 0 0 0
V 0 -0.0002199937559585855 21.16364140788294 49138.0571388204 -0.000049785032099457124 3.3714428198038243e-7 -1.6082724243446635e-9
V 0 0.00021 13.778321624947626 24604.552418464562 0 0 0
V 0 0.00021 18.033413155145862 24465.990631139284 0 0 0
V 0 0.00021 25.331879163819078 39380.44296959432 0 0 0
V 0 0.00021 -8.494701378872122 -32147.168051025154 0 0 0
V 0 0.00021 1.4722259312440253 -8286.74296256801 0 0 0
V 0 0.00021 6.183290603885819 8370.639891343098 0 0 0
V 0 0.00021 -11.507348343936949 -15490.496551814102 0 0 0
V 0 0.00021 9.305555798988951 15595.012035432932 0 0 0
V 0 0.00021 27.588449927482998 25201.657218196313 0 0 0
V 0 0.00021 -20.22716734279885 -32239.952048870928 0 0 0
V 0 0.00021 -18.715798508376626 -15539.909375872223 0 0 0
V 0 0.00021 2.0772528633736886 15545.59921137481 0 0 0
V 0 0.00021 3.6294418939951307 533.3900240651392 0 0 0
V 0 0.00021 4.055665735229012 -8415.441949821652 0 0 0
V 0 0.00021 8.76677753176061 8241.940904089455 0 0 0
V 0 0.00021 -7.760968366907408 -23285.797954704514 0 0 0
V 0 0.00021 5.55507315488112 9619.088023236489 0 0 0
V 0 0.00021 17.66592133044168 15508.97286726689 0 0 0
V 0 0.00021 -9.686143862208802 -24397.581597240813 0 0 0
V 0 0.00021 3.9046424050411055 8326.088404080983 0 0 0
V 0 0.00021 5.738233063046652 1820.933026255066 0 0 0
V 0 0.00021 10.36809963212086 1884.922754886466 0 0 0
V 0 0.00021 -41.77672836924552 556.9619643269966 0 0 0
V 0 0.00021 -33.28339342823126 -7262.5142658585155 0 0 0
V 0 0.00021 -29.66640866590464 -16148.519972957865 0 0 0
V 0 0.00021 -34.03970255463219 -23028.521596476596 0 0 0
V 0 0.00021 14.959578025266909 9409.478627459752 0 0 0
V 0 0.00021 -27.912791883327152 -5742.831157603334 0 0 0
V 0 0.00021 16.52847788015699 10037.786212421906 0 0 0
V 0 0.00021 -38.696693798883885 101.2053101110846 0 0 0
V 0 0.00021 -41.676445788632996 -15560.027289332014 0 0 0
V 0 0.00021 -27.991359287940945 9760.10823468388 0 0 0
V 0 0.00021 -81.19067947897072 1324.184745704018 0 0 0
V 0 0.00021 -66.90843344834683 -1324.1712995711046 0 0 0
V 0 0.00021 -50.45520775082058 -96.90279838110519 0 0 0
V 0 0.00021 -58.94998547897538 -8340.897345873702 0 0 0
V 0 0.00021 -54.23887368244378 8316.485508037407 0 0 0
V 0 0.00021 -63.48384427275187 0.9482762550202608 0 0 0
V 0 0.00021 -40.01223513716209 9822.465041647989 0 0 0
V 0 0.00021 -259.1284466664192 -0.4098981472328731 0 0 0
V 0 0.00021 8.6472192470067 6350.468666402605 0 0 0
V 0 0.00021 -1.3129625910373264 879.3419449843907 0 0 0
V 0 0.00021 5.930598252251385 17024.66667061683 0 0 0
V 0 0.00021 20.907285711765518 32357.871501890375 0 0 0
V 0 0.00021 9.234502742936128 10371.348536197773 0 0 0
V 0 0.00021 0.44138459205171277 -8353.274591393532 0 0 0
V 0 0.00021 10.02840966903494 6901.223990417311 0 0 0
V 0 0.00021 10.869706446790225 9272.467720629213 0 0 0
V 0 0.00021 8.011311695027768 -188.88594825152632 0 0 0
V 0 0.00021 20.51081518478655 -46.899338614808585 0 0 0
V 0 0.00021 15.429503996515171 1696.0368066349401 0 0 0
V 0 0.00021 14.391747647506342 1225.4635760285364 0 0 0
V 0 0.00021 25.902267239664937 10986.538208901746 0 0 0
V 0 0.00021 4.954356495483756 -11141.971366427577 0 0 0
V 0 0.00021 6.348615049293869 -10748.950396768625 0 0 0
V 0 0.00021 24.160968690363557 18216.348820288746 0 0 0
V 0 0.00021 12.180841714849596 -2497.8112307605206 0 0 0
V 0 0.00021 25.620580545423966 5075.491179209772 0 0 0
V 0 0.00021 24.378761084215682 -783.7407424879875 0 0 0
V 0 0.00021 77.4876685252504 -8328.82091239069 0 0 0
V 0 0.00021 82.19878032178198 8328.56194152042 0 0 0
V 0 0.00021 26.896875698774707 -8109.137296460023 0 0 0
V 0 0.00021 17.00512055376086 -16848.883374712124 0 0 0
V 0 0.00021 23.516741487246733 16884.981257810032 0 0 0
V 0 0.00021 23.547644488131745 646.3565265111083 0 0 0
V 0 0.00021 24.3482806038352 -217.23767375424904 0 0 0
V 0 0.00021 30.568410311241642 -16862.001286970306 0 0 0
V 0 0.00021 37.080031244727515 16871.863345551847 0 0 0
V 0 0.00021 3.0362394104680956 -6976.516282722455 0 0 0
V 0 0.00021 7.137340588226131 1.6383403849068827 0 0 0
V 0 -0.000209995490747952 14.09021020938667 50600.45051690181 0.000939486010850811 0.0000015031793626905495 -7.1173072455285425e-9
V 0 -0.00020999375597258722 22.779648418602402 21361.65146262923 -0.000020782023254441374 1.6905453060289517e-7 -8.129840618525809e-10
V 0 -0.00020998751155835692 26.491483689534757 55024.52842012669 -0.00007019277919208193 3.669797159158632e-7 -1.764818761974933e-9
V 0 -0.00020998126703211285 28.74899418748261 39556.17536425197 -0.00033308493702845226 -5.7144988592381e-8 2.6160546232670555e-10
V 0 -0.00020997502433840398 4.914942657670526 -11537.775315098579 -0.00008710065632077703 -1.7870232285697495e-7 8.349946029749537e-10
V 0 -0.00020000173455133723 16.976246232356438 49414.83428158953 0.000756689436456866 0.000001284029034418606 -6.0860600644404485e-9
V 0 0.00020000173405250595 19.413020954835662 4984.805746092774 -0.0009558348978051868 -0.0000010602147985343888 5.0055073319835145e-9
V 0 0.0002 9.538966277858165 16866.932316261078 0 0 0
V 0 0.0002 20.79684240141857 31085.508587247034 0 0 0
V 0 0.0002 -0.058166488012631246 1135.9584698313924 0 0 0
V 0 0.0002 21.484886767213027 32253.106244044095 0 0 0
V 0 0.0002 -5.9725570988790135 -7193.444311824219 0 0 0
V 0 0.0002 10.114809403115851 7234.681421511706 0 0 0
V 0 0.0002 11.859569701723828 7256.011331055506 0 0 0
V 0 0.0002 8.021966022346058 8391.9698008869 0 0 0
V 0 0.0002 22.87371046410113 8544.274364285202 0 0 0
V 0 0.0002 -2.9974912159727856 -7301.976851378019 0 0 0
V 0 0.0002 15.653410228219439 6568.834601814111 0 0 0
V 0 0.0002 -1.2755653633650559 -24463.70488892345 0 0 0
V 0 0.0002 13.816626792386296 16811.82098036065 0 0 0
V 0 0.0002 13.639105449137197 24478.423395997426 0 0 0
V 0 0.0002 12.728587899599372 -486.32097532543696 0 0 0
V 0 0.0002 -34.474001058918404 -22836.44696296409 0 0 0
V 0 0.0002 17.537920370799675 15472.864517222348 0 0 0
V 0 0.0002 14.687158535959142 8344.121288729586 0 0 0
V 0 0.0002 -10.078741532133115 -31102.42926713873 0 0 0
V 0 0.0002 1.0357350520770545 -15538.345063971414 0 0 0
V 0 0.0002 -31.982482053711315 -16776.82755792002 0 0 0
V 0 0.0002 -7.747854146361416 24086.062259719387 0 0 0
V 0 0.0002 -15.756872263688717 1997.3675857263693 0 0 0
V 0 0.0002 20.704149849170484 8940.789686726068 0 0 0
V 0 0.0002 -4.673338146378859 -13721.821267368452 0 0 0
V 0 0.0002 -30.64935685803159 1623.491441240836 0 0 0
V 0 0.0002 8.471706078770763 -6027.337473144821 0 0 0
V 0 0.0002 -11.811920348599447 17013.986002688143 0 0 0
V 0 0.0002 -76.36199452921323 -8956.992288851254 0 0 0
V 0 0.0002 -66.46533660544425 -6824.644689723631 0 0 0
V 0 0.0002 -21.088980335787333 17268.417443164766 0 0 0
V 0 0.0002 -90.13231163123695 -14428.119010269467 0 0 0
V 0 0.0002 -57.96680129608062 14428.132456402382 0 0 0
V 0 0.0002 -63.6128332391397 9012.35594571281 0 0 0
V 0 0.0002 -71.73711857263724 8957.005734984166 0 0 0
V 0 0.0002 -195.05193062205376 0.5079658020507054 0 0 0
V 0 0.0002 -18.58532001037363 -39021.17904454363 0 0 0
V 0 0.0002 13.748754212304801 8130.616690114087 0 0 0
V 0 0.0002 11.79879978804799 2277.9437245454196 0 0 0
V 0 0.0002 -14.030823974173444 -38628.15807488468 0 0 0
V 0 0.0002 -0.6611845381253434 1448.1309506366877 0 0 0
V 0 0.0002 16.035141839407032 90.17150164250108 0 0 0
V 0 0.0002 4.757760914212261 -6286.034317713336 0 0 0
V 0 0.0002 18.943726631963933 1116.7061020127499 0 0 0
V 0 0.0002 30.315660774863893 -1112.5510185624348 0 0 0
V 0 0.0002 10.853113928307454 7189.4797022299845 0 0 0
V 0 0.0002 3.3699057143432833 -7359.177980328663 0 0 0
V 0 0.0002 21.79180135265211 16688.035776243752 0 0 0
V 0 0.0002 6.951510466997977 -5893.013348054384 0 0 0
V 0 0.0002 -7.171444575852471 -22927.669426905413 0 0 0
V 0 0.0002 13.525836942041458 14994.628802069665 0 0 0
V 0 0.0002 11.50984562725625 8479.866825182216 0 0 0
V 0 0.0002 -2.044458866942241 -13812.936060631951 0 0 0
V 0 0.0002 17.01917449884603 615.189672703973 0 0 0
V 0 0.0002 22.597070419499225 25994.28492322959 0 0 0
V 0 0.0002 17.81461594925735 19408.529641523783 0 0 0
V 0 0.0002 8.233766912788148 -7069.446424570393 0 0 0
V 0 0.0002 24.027542984491898 26387.305892888544 0 0 0
V 0 0.0002 14.041847405709682 -0.7672479935364436 0 0 0
V 0 0.0002 27.29608230531212 11379.559178560696 0 0 0
V 0 0.0002 7.780803971072951 -10355.92942710967 0 0 0
V 0 0.0002 26.078267204227537 7700.055206362467 0 0 0
V 0 0.0002 27.564104700386988 -7700.712477624331 0 0 0
V 0 0.0002 27.78474188541157 10673.699332651093 0 0 0
V 0 0.0002 36.10706278121958 28587.69735648652 0 0 0
V 0 0.0002 23.266586142431454 -566.4878088223795 0 0 0
V 0 0.0002 19.625468995717178 -8703.663455065554 0 0 0
V 0 0.0002 25.287640546402848 -7131.579576429742 0 0 0
V 0 0.0002 34.79752883515019 -186.5847514216075 0 0 0
V 0 0.0002 3.8913104647065735 9052.5589862265 0 0 0
V 0 0.0002 17.224683213353632 8550.238501743177 0 0 0
V 0 -0.000199995490747952 22.131587793175754 57814.51338356978 0.0007255595499928227 0.0000013167151727990108 -6.23969751998406e-9
V 0 -0.0001999946234162765 11.4147685512547 -2857.559075743673 -0.0007392279021043439 -8.744632847540811e-7 4.127170385917368e-9
V 0 -0.00019999462219458638 -2.3242257579593737 -34010.6417752913 -0.0005689060685390284 -9.270849617017101e-7 4.396920718086714e-9
V 0 0.00019999375597258722 14.183224073501792 22895.378947616755 -0.0005155072352605807 -4.1551441353173887e-7 1.9492903676371112e-9
V 0 0.00019999375597258722 14.652020474397066 15404.192506298237 0.00018778336791783768 3.569440727168959e-7 -1.6891393463537341e-9
V 0 0.00019999375475089712 18.89433587003339 39552.761801527864 -0.00020145172002935881 8.530781532803395e-8 -4.2338778771295785e-10
V 0 -0.0001999883793888637 8.442482167868683 -415.3389300944109 -0.0005617923973961081 -6.538876042596756e-7 3.0973776458726032e-9
V 0 0.0001999821349746334 24.253508291991633 19757.282734498425 -0.000633737778045401 -5.615305980083089e-7 2.630647515068453e-9
V 0 0.00019997502433840398 15.953379626953799 16313.03159884139 -0.0004358945262445405 -3.707903514493842e-7 1.7574011126539568e-9
V 0 0.0001999750242263902 2.9722863833860185 -2442.2201456492603 -0.00017743550470823575 -2.205756804944056e-7 1.0297927400447652e-9
V 0 0.00019997502372755892 25.634354301265745 45857.98557565268 0.00020829971327503103 6.265780496027754e-7 -2.9923185211761668e-9
V 0 0.00019 5.454023371647468 8956.993382124043 0 0 0
V 0 0.00019 2.7997856625535187 70.98767502469127 0 0 0
V 0 0.00019 18.438311065843973 22756.81716029148 0 0 0
V 0 0.00019 -2.972883688579482 -8433.436146588518 0 0 0
V 0 0.00019 11.322141395572542 -1093.2986507437922 0 0 0
V 0 0.00019 -1.357091061015363 -24933.10518435719 0 0 0
V 0 0.00019 12.756486503315156 25039.043377376132 0 0 0
V 0 0.00019 27.69003076907795 16210.876779921977 0 0 0
V 0 0.00019 0.26797991793027176 16951.629195724036 0 0 0
V 0 0.00019 26.538160961267025 31607.877979190245 0 0 0
V 0 0.00019 4.598291810158728 543.6993014870112 0 0 0
V 0 0.00019 2.2055936834178382 468.68894073368335 0 0 0
V 0 0.00019 0.234432532189095 542.9879467869554 0 0 0
V 0 0.00019 -2.8752856995852554 1742.9361452497478 0 0 0
V 0 0.00019 8.032813879674272 17285.690438873266 0 0 0
V 0 0.00019 6.518602497409456 8346.004280564386 0 0 0
V 0 0.00019 -4.965185289841065 -16029.78662364901 0 0 0
V 0 0.00019 5.754812182539793 18.476315452790857 0 0 0
V 0 0.00019 -20.259505696545972 7915.000381133717 0 0 0
V 0 0.00019 -8.886012944565534 -1403.8078253101692 0 0 0
V 0 0.00019 -30.49517946326118 -15516.44590327718 0 0 0
V 0 0.00019 -9.702084981878343 15569.062683969854 0 0 0
V 0 0.00019 16.842848092457388 8259.513005254441 0 0 0
V 0 0.00019 -1.9954860656496194 -6126.66426369394 0 0 0
V 0 0.00019 -15.784698208572035 -29987.80070685114 0 0 0
V 0 0.00019 -3.725507241014451 -24097.915862820737 0 0 0
V 0 0.00019 12.408801384245017 8343.409934029529 0 0 0
V 0 0.00019 -11.330924373012863 -31259.00963297923 0 0 0
V 0 0.00019 -25.961948739693856 13799.465832556969 0 0 0
V 0 0.00019 -48.15329426553503 -15543.720691812847 0 0 0
V 0 0.00019 -2.891149218716489 7205.4263688137125 0 0 0
V 0 0.00019 -8.348492131067271 2331.428828875599 0 0 0
V 0 0.00019 -26.04246871094917 -15814.458729808635 0 0 0
V 0 0.00019 -0.8324532170277426 -4965.6780093667 0 0 0
V 0 0.00019 7.2736198824084175 2248.384857301261 0 0 0
V 0 0.00019 -47.187739778690506 8129.616920274035 0 0 0
V 0 0.00019 -18.972664695604564 16345.863516389685 0 0 0
V 0 0.00019 -86.02513441344666 14914.348667078953 0 0 0
V 0 0.00019 -57.067443568190896 1646.0333468686426 0 0 0
V 0 0.00019 5.465335153926043 8931.261858964477 0 0 0
V 0 0.00019 20.643653420540524 14821.146702994878 0 0 0
V 0 0.00019 7.412923554192243 8662.19381730465 0 0 0
V 0 0.00019 -11.724922515733558 -29671.159062966974 0 0 0
V 0 0.00019 4.366735052760263 -15243.033329631045 0 0 0
V 0 0.00019 5.3282907333857 8355.913897183089 0 0 0
V 0 0.00019 -9.148505593093944 -14434.684689465015 0 0 0
V 0 0.00019 0.1851944042467366 -24435.318956851956 0 0 0
V 0 0.00019 10.30565252607132 621.7486288330642 0 0 0
V 0 0.00019 1.6743789307724541 -4385.363818107838 0 0 0
V 0 0.00019 7.420981009364741 -5499.99237839543 0 0 0
V 0 0.00019 1.9160671195964802 -5806.272298516991 0 0 0
V 0 0.00019 10.943398929752107 -5735.278993698632 0 0 0
V 0 0.00019 19.16845446732946 10435.782884887041 0 0 0
V 0 0.00019 21.17945133178287 25601.263953570637 0 0 0
V 0 0.00019 -8.373095725118704 -32197.50731507377 0 0 0
V 0 0.00019 23.062003234916688 2815.581136301943 0 0 0
V 0 0.00019 29.418178448827938 20494.29254483416 0 0 0
V 0 0.00019 20.198363522612087 3425.8550396265045 0 0 0
V 0 0.00019 10.627819802831056 -9569.887487791766 0 0 0
V 0 0.00019 32.3765113743635 12481.06982659011 0 0 0
V 0 0.00019 26.85963232730591 14224.005971839859 0 0 0
V 0 0.00019 34.43755467891409 21595.803192863572 0 0 0
V 0 0.00019 43.34868826705558 13802.11934520369 0 0 0
V 0 0.00019 17.38012722459029 -13797.516951543854 0 0 0
V 0 0.00019 45.122235425322444 23403.17368680259 0 0 0
V 0 0.00019 33.21971920983712 -502.05346013310736 0 0 0
V 0 0.00019 -1.7752828907774685 -0.5769645394962026 0 0 0
V 0 0.00019 33.49728672250051 710.790875200375 0 0 0
V 0 0.00019 32.79375082124667 6.103964463433812 0 0 0
V 0 0.00019 49.28024004135263 -7213.674727490579 0 0 0
V 0 0.00019 65.3629952089308 7214.451005845344 0 0 0
V 0 0.00019 9.604026626805542 7937.930425938906 0 0 0
V 0 0.00019 2.0989534693638245 1352.1751442331 0 0 0
V 0 0.00019 17.204619789809424 -8329.046030862739 0 0 0
V 0 0.00019 21.91573158634102 8328.33682304837 0 0 0
V 0 0.00019 2.874908662506492 -8249.13096180465 0 0 0
V 0 -0.00018999999990198797 25.092079136660075 30318.64484475327 0.00013356519951831494 4.201783211440126e-7 -1.998595919005951e-9
V 0 -0.0001899946234162765 16.60647178858327 31362.285730016167 0.0006926770620715684 0.0000010747786015149192 -5.09524634435689e-9
V 0 -0.00018999217898569635 12.122987298494607 58929.48837573879 -0.0001993248424103313 2.2071142832511625e-7 -1.0650386946614287e-9
V 0 0.0001899921788876843 -3.668710090724229 -34291.17891266595 0.00005209129078049518 -1.9863786142419908e-7 9.511074796006876e-10
V 0 0.00018998837827918736 34.6073165938384 35928.33898329043 -0.000693317016130633 -4.968709973587301e-7 2.3226453834595648e-9
V 0 0.00018998751155835692 19.252315273904856 32551.66195993398 -0.0005519981914103333 -3.8140292292887197e-7 1.797107353136828e-9
V 0 -0.00018000173466335101 18.918902506640947 40319.27911214021 0.0008470242848443247 0.0000013259023920560366 -6.28085820151026e-9
V 0 0.00018000173405250595 29.809954436890546 20527.560039716293 -0.0010127336010475642 -9.96267873996041e-7 4.696777979852962e-9
V 0 0.00018 20.868322284624323 4775.256283742809 -0.0005229951825653175 -5.494926743063592e-7 2.5923957156289107e-9
V 0 0.00018 -8.729979365519355 -7214.211313938765 0 0 0
V 0 0.00018 7.3545652881408845 7213.91441939716 0 0 0
V 0 0.00018 -16.164064978811354 -14428.83708803598 0 0 0
V 0 0.00018 16.00482693177073 14427.414378635869 0 0 0
V 0 0.00018 6.14342645139366 470.11165013379514 0 0 0
V 0 0.00018 -0.11929318247594134 -6702.002752146623 0 0 0
V 0 0.00018 1.0943055378511897 9513.149830217544 0 0 0
V 0 0.00018 6.462353543498718 -8363.63631515614 0 0 0
V 0 0.00018 16.080758876414926 6621.803698323583 0 0 0
V 0 0.00018 -7.523576758368325 -15021.096256380362 0 0 0
V 0 0.00018 -1.5768091162889715 1247.7367771933361 0 0 0
V 0 0.00018 -12.415997707539365 -6600.711601419235 0 0 0
V 0 0.00018 4.429740391511226 8.16703803091881 0 0 0
V 0 0.00018 -25.156952683744837 -8742.382472777392 0 0 0
V 0 0.00018 -4.3511924112969425 -14455.355690649494 0 0 0
V 0 0.00018 19.484598204045657 7218.472096320066 0 0 0
V 0 0.00018 1.2866143118088804 -7188.3237274720595 0 0 0
V 0 0.00018 -24.58962111836953 -8323.624350165206 0 0 0
V 0 0.00018 -29.903385844897755 -13879.447951046377 0 0 0
V 0 0.00018 -8.628412401425141 16753.521087231842 0 0 0
V 0 0.00018 -21.109473061797686 -21540.016891703475 0 0 0
V 0 0.00018 3.5963040907781725 -7212.959338250773 0 0 0
V 0 0.00018 8.535730352374564 0.39217371713428406 0 0 0
V 0 0.00018 11.527260163722044 8939.366977325955 0 0 0
V 0 0.00018 -36.17507792260629 -53.32141232627163 0 0 0
V 0 0.00018 -12.437065359113404 -6817.644816554622 0 0 0
V 0 0.00018 -23.663002536181374 -311.51933752142304 0 0 0
V 0 0.00018 -11.955050937075278 147.05368642706753 0 0 0
V 0 0.00018 -21.077205450802396 24968.801285158166 0 0 0
V 0 0.00018 -41.27871354418155 -14111.337485895192 0 0 0
V 0 0.00018 -61.06523820258994 21.57550743847696 0 0 0
V 0 0.00018 -43.640243418485326 2314.155833167102 0 0 0
V 0 0.00018 -57.890819256705335 9448.588897162455 0 0 0
V 0 0.00018 -184.132928218212 5.377978937769512 0 0 0
V 0 0.00018 -5.105013639547261 -8530.19661590213 0 0 0
V 0 0.00018 -0.3939018430156622 8127.186238008977 0 0 0
V 0 0.00018 -4.6664481197870336 -7396.380385461692 0 0 0
V 0 0.00018 19.73307706707866 7573.30240997029 0 0 0
V 0 0.00018 9.015515284184247 -1132.6622419251844 0 0 0
V 0 0.00018 -6.788797626399303 -16910.703150851903 0 0 0
V 0 0.00018 24.20332458819682 33588.749518861456 0 0 0
V 0 0.00018 -0.18112890482753308 -7455.908438100255 0 0 0
V 0 0.00018 18.884495632685443 25242.02441026831 0 0 0
V 0 0.00018 14.844189885413876 16703.783520962785 0 0 0
V 0 0.00018 21.31961193952788 7260.463533719638 0 0 0
V 0 0.00018 -0.14908690202419272 -14868.046041609683 0 0 0
V 0 0.00018 7.691482366019645 3079.73340858236 0 0 0
V 0 0.00018 19.45408033279787 8412.303972468964 0 0 0
V 0 0.00018 5.197627453350843 -4620.65043341104 0 0 0
V 0 0.00018 14.039943553098347 9396.420648628338 0 0 0
V 0 0.00018 9.620459213302825 -5413.251328858038 0 0 0
V 0 0.00018 14.83825445885093 9823.223044643919 0 0 0
V 0 0.00018 29.181406083252902 17179.272520948598 0 0 0
V 0 0.00018 6.688148144319799 -12825.388932367467 0 0 0
V 0 0.00018 -0.4014882017768677 -24983.444448405808 0 0 0
V 0 0.00018 13.752811210128261 24988.704113327516 0 0 0
V 0 0.00018 21.837863564053396 32202.76697999548 0 0 0
V 0 0.00018 21.209819587298526 -25195.952378847564 0 0 0
V 0 0.00018 32.432552317315995 25195.2951075857 0 0 0
V 0 0.00018 25.60375664762415 18609.369789947694 0 0 0
V 0 0.00018 9.191153936987678 -9962.908457450718 0 0 0
V 0 0.00018 31.162452432820125 15403.068880816714 0 0 0
V 0 0.00018 9.759213915380858 -40526.52737766026 0 0 0
V 0 0.00018 44.68641626908543 40531.12977132009 0 0 0
V 0 0.00018 35.14014316633831 -8360.171656482264 0 0 0
V 0 0.00018 28.300106021660078 1.9053647351211112 0 0 0
V 0 0.00018 13.12057629331081 7198.0633575100765 0 0 0
V 0 0.00018 5.6825442427433 70.98767502469127 0 0 0
V 0 0.00018 8.827400201946139 -1114.6285602875923 0 0 0
V 0 0.00018 4.514670316488414 -25229.405169573256 0 0 0
V 0 -0.00017999999938915495 32.64610177595332 46418.71341852058 0.00026214360551273723 7.025628978430729e-7 -3.3392996727462618e-9
V 0 0.00017999375486291088 25.62255926136405 20804.33718248543 -0.00020625913249124102 -4.9383121557817334e-8 2.189903397571773e-10
V 0 0.00017998593507029733 6.283993627042939 -10490.720867111573 0.00034037798923338303 3.334451535935166e-7 -1.5766625723363219e-9
V 0 0.00017000606939118133 1.8995310940763819 -8467.253214280832 0.0000876543135446041 4.258603374866164e-8 -1.9407091654814723e-10
V 0 0.00017000173405250595 32.57164645543877 72728.9657220248 0.0006713413815933 0.0000013799494212261277 -6.549154092636277e-9
V 0 -0.00017000086733167551 25.024387319844397 30180.42948930941 -0.0009175913401982232 -8.197035794727591e-7 3.8596017153130156e-9
V 0 0.0001700008661099854 44.91799971547703 52727.697187250924 -0.0007555767890587196 -4.3149872059792033e-7 2.015370472372341e-9
V 0 0.00017 -16.298983086201243 -22162.27224973126 0 0 0
V 0 0.00017 9.480107358002218 25371.416160958328 0 0 0
V 0 0.00017 11.604684606895688 33281.00866321394 0 0 0
V 0 0.00017 13.322284952519297 7808.607777228179 0 0 0
V 0 0.00017 12.217582844555071 16589.868764694565 0 0 0
V 0 0.00017 -1.6356165163040215 -15535.276133766802 0 0 0
V 0 0.00017 19.187215233940147 15550.232453480232 0 0 0
V 0 0.00017 7.538660225134207 7160.3824154584345 0 0 0
V 0 0.00017 -7.579626100572397 -15511.115106657844 0 0 0
V 0 0.00017 -6.49866502957467 -7477.130804998833 0 0 0
V 0 0.00017 15.677095714410179 8347.426989964499 0 0 0
V 0 0.00017 5.157958879206407 8850.349464198709 0 0 0
V 0 0.00017 0.2792421152108713 -16071.735088036554 0 0 0
V 0 0.00017 4.831785321370256 8949.520852060994 0 0 0
V 0 0.00017 8.848215710117984 -8319.81303422458 0 0 0
V 0 0.00017 13.559327506649582 8337.569819686527 0 0 0
V 0 0.00017 -11.73284746361847 -22075.540478819854 0 0 0
V 0 0.00017 11.450993191540881 7895.33954813959 0 0 0
V 0 0.00017 -23.034073718074644 14795.00200465245 0 0 0
V 0 0.00017 -19.314447158122896 6800.371820846125 0 0 0
V 0 0.00017 -23.195492394705852 1244.5482199649537 0 0 0
V 0 0.00017 -17.074827201984576 -23492.50249930319 0 0 0
V 0 0.00017 -5.262303961053366 -8297.513023473499 0 0 0
V 0 0.00017 3.722835240055936 9251.245353730636 0 0 0
V 0 0.00017 6.268075478378902 260.46491545630045 0 0 0
V 0 0.00017 13.96561107428646 9480.079758560978 0 0 0
V 0 0.00017 16.992647765519333 33297.84502793052 0 0 0
V 0 0.00017 18.26571710302633 16083.147893875615 0 0 0
V 0 0.00017 26.007831157747574 22739.89648039978 0 0 0
V 0 0.00017 24.30958287480798 15631.771806750763 0 0 0
V 0 0.00017 4.782257736486183 9478.657049160865 0 0 0
V 0 0.00017 -14.434758973972635 23752.00101657016 0 0 0
V 0 0.00017 7.780723701198987 16759.554562211524 0 0 0
V 0 0.00017 11.770291916409644 558.4178085609855 0 0 0
V 0 0.00017 -12.141304518570792 -21030.80169493343 0 0 0
V 0 0.00017 11.221854680129585 18383.39831926916 0 0 0
V 0 0.00017 -58.96359001462572 -39414.55233001939 0 0 0
V 0 0.00017 -52.1886657487481 -14985.79232929652 0 0 0
V 0 0.00017 -25.708936607476385 14985.087697662919 0 0 0
V 0 0.00017 -12.664694373457973 39413.84769838578 0 0 0
V 0 0.00017 -51.92055526806943 -8527.765933637074 0 0 0
V 0 0.00017 -31.106069355689325 -193.0410317018409 0 0 0
V 0 0.00017 -56.63801677565368 -30457.553318101676 0 0 0
V 0 0.00017 -51.91662132463641 -13800.17046419057 0 0 0
V 0 0.00017 -24.89827153439704 -13737.461341409658 0 0 0
V 0 0.00017 -36.859022686169105 15971.987371904153 0 0 0
V 0 0.00017 -38.84541108172104 -5782.646058939637 0 0 0
V 0 0.00017 -16.698307818513207 16974.171101351843 0 0 0
V 0 0.00017 -49.86952336036144 61.39040877478055 0 0 0
V 0 0.00017 -51.750138599566654 -6976.904421899838 0 0 0
V 0 0.00017 -32.49525657096606 2353.9707345034058 0 0 0
V 0 0.00017 -69.02640380620156 -18.23939389782663 0 0 0
V 0 0.00017 -100.62205103766783 -14914.544750243771 0 0 0
V 0 0.00017 -51.184015930292134 9782.650140311685 0 0 0
V 0 0.00017 -200.06183715168282 -0.6554960419070994 0 0 0
V 0 0.00017 1.2331021065964378 9836.340956902099 0 0 0
V 0 0.00017 17.804432727416376 15378.460983138673 0 0 0
V 0 0.00017 13.106070140397765 8792.705701432867 0 0 0
V 0 0.00017 52.760129065756196 22.747617888041532 0 0 0
V 0 0.00017 -11.416827261694579 -16641.635109192077 0 0 0
V 0 0.00017 10.379639133858 7300.803916205354 0 0 0
V 0 0.00017 -0.15019486064378373 715.0486344995479 0 0 0
V 0 0.00017 13.046038419692264 -37.7373596111463 0 0 0
V 0 0.00017 4.9064459586364695 -13.562532316050557 0 0 0
V 0 0.00017 -5.244752474467409 -7238.64603110594 0 0 0
V 0 0.00017 5.4881772472803325 81.35502858096558 0 0 0
V 0 0.00017 -11.722973623931242 -13249.062824359064 0 0 0
V 0 0.00017 -0.19950585584000535 -14921.005664790451 0 0 0
V 0 0.00017 10.544148432741258 10764.369505856726 0 0 0
V 0 0.00017 2.469206422591883 1430.0972689990958 0 0 0
V 0 0.00017 11.965717401025335 16520.312013653802 0 0 0
V 0 0.00017 14.040796695440957 8053.064429166638 0 0 0
V 0 0.00017 7.9336251175085595 -6966.157010669709 0 0 0
V 0 0.00017 13.612493934890676 -8080.785570957301 0 0 0
V 0 0.00017 4.7762785161701276 -5675.760414388773 0 0 0
V 0 0.00017 16.859994108611808 10076.543341584713 0 0 0
V 0 0.00017 3.546946467753507 -548.1254915538539 0 0 0
V 0 0.00017 15.845201172199532 23951.627813987372 0 0 0
V 0 0.00017 5.421740272212542 -16610.982186859434 0 0 0
V 0 0.00017 3.069952764706872 -3992.3428484488836 0 0 0
V 0 0.00017 8.714423760526056 -5106.9714087364755 0 0 0
V 0 0.00017 22.386648376787747 25182.50583095845 0 0 0
V 0 0.00017 13.307743506527746 -6004.347035358458 0 0 0
V 0 0.00017 10.137804005570324 -4713.950439077524 0 0 0
V 0 0.00017 16.86051464651623 2089.0577762938938 0 0 0
V 0 0.00017 10.961275822699044 14288.768956160056 0 0 0
V 0 0.00017 -6.710360818616309 -16168.43204612482 0 0 0
V 0 0.00017 19.222174610099366 19801.550611182734 0 0 0
V 0 0.00017 14.50781624430477 4434.564353552563 0 0 0
V 0 0.00017 25.43727475478557 26780.3268625475 0 0 0
V 0 0.00017 23.086936021336097 2213.0107042930194 0 0 0
V 0 0.00017 21.622719211279822 -7771.705782442688 0 0 0
V 0 0.00017 32.019652693334706 7771.048511180827 0 0 0
V 0 0.00017 30.82323657645062 20887.313514493115 0 0 0
V 0 0.00017 12.9912710470341 -1241.1960608362106 0 0 0
V 0 0.00017 21.054815883604654 3852.6574356420842 0 0 0
V 0 0.00017 11.766567966628898 0.7825079048963062 0 0 0
V 0 0.00017 27.042868563422328 5468.512148868725 0 0 0
V 0 0.00017 12.745267004787483 -15533.894140664504 0 0 0
V 0 0.00017 33.53913396889726 15551.61444658253 0 0 0
V 0 0.00017 18.22598877176567 -297.4197671625516 0 0 0
V 0 0.00017 14.356107898759316 -40736.07684001023 0 0 0
V 0 0.00017 46.372707592886556 40740.67923367006 0 0 0
V 0 0.00017 34.15936025207978 8724.01359344443 0 0 0
V 0 0.00017 41.70436606662314 -8313.770989430584 0 0 0
V 0 0.00017 36.77337011517823 8175.888101890572 0 0 0
V 0 0.00017 35.24395525682334 -8357.54182402141 0 0 0
V 0 0.00017 10.113515972235163 7293.623331818866 0 0 0
V 0 0.00017 23.854800544042234 0.2852227829365006 0 0 0
V 0 0.00017 8.796019220295562 6585.760911499474 0 0 0
V 0 0.00017 13.909458532363605 14914.452338455028 0 0 0
V 0 0.00016999608888200313 11.9266901323581 -10977.047472230675 -0.00003325676408307086 -1.0271747461667739e-7 4.880134514048589e-10
V 0 -0.00016999375486291088 39.18905284974562 54470.627702706995 -0.000387303105427975 6.089259834735758e-9 -4.785111032551147e-11
V 0 -0.00016998593507029734 -11.265857910225595 -49762.94553126478 -0.00007916765005678167 -4.803097620120284e-7 2.2925384538626625e-9
V 0 0.00016998593507029734 1.4866314700950882 -25891.499810685706 0.000020961404316451878 -1.6595172304379417e-7 7.974700240570758e-10
V 0 -0.00016998593507029734 16.865429235332634 49904.92088131416 -0.00029714763810252676 4.485980991306536e-8 -2.271352095998177e-10
V 0 -0.00016998126815579093 11.013663967175106 4771.8427210187 -0.00039136196556622404 -4.070398703859442e-7 1.907402465589247e-9
V 0 -0.00016 30.33367105789565 37461.72003639654 0.00010779638273998089 4.514391073019555e-7 -2.1536878155928918e-9
V 0 0.00016 -7.239761881099007 -33348.522752430494 0 0 0
V 0 0.00016 23.87657312164144 39589.99243194429 0 0 0
V 0 0.00016 2.795359251491874 -16724.896943127653 0 0 0
V 0 0.00016 -8.433700423794367 -7267.74331787749 0 0 0
V 0 0.00016 13.209485190391542 15574.39348058919 0 0 0
V 0 0.00016 1.1119709277269352 610.2833766532682 0 0 0
V 0 0.00016 23.292492836730034 1002.183729447689 0 0 0
V 0 0.00016 3.1075929747904976 -8521.380142840595 0 0 0
V 0 0.00016 7.818704771322097 8136.002711070511 0 0 0
V 0 0.00016 -1.37620156091944 -15682.473912999087 0 0 0
V 0 0.00016 15.994409654101823 25214.81141336948 0 0 0
V 0 0.00016 -1.183581795614427 584.9364111744994 0 0 0
V 0 0.00016 6.439948514186721 29.496947574718817 0 0 0
V 0 0.00016 -27.89619429252973 -747.7522889710672 0 0 0
V 0 0.00016 -24.408724591381297 -7851.0069494843665 0 0 0
V 0 0.00016 13.46571984312568 15016.618416961775 0 0 0
V 0 0.00016 5.588165763378871 1034.4295064645505 0 0 0
V 0 0.00016 11.732931597554431 8269.822282676314 0 0 0
V 0 0.00016 16.20555372696817 8291.152192220114 0 0 0
V 0 0.00016 20.814498082318572 15536.854245853749 0 0 0
V 0 0.00016 -2.1128448243270515 2421.885903033456 0 0 0
V 0 0.00016 18.678616901540547 33507.39449028049 0 0 0
V 0 0.00016 -7.173709340348651 -5853.836427412626 0 0 0
V 0 0.00016 5.9384914005766944 -7735.328730193983 0 0 0
V 0 0.00016 -0.7811620409299362 2328.583911124303 0 0 0
V 0 0.00016 -21.257353828056278 30456.84868646808 0 0 0
V 0 0.00016 -15.40812537424687 -29306.524025379513 0 0 0
V 0 0.00016 26.982373766578256 24535.801722159 0 0 0
V 0 0.00016 -2.3202925551762026 -5393.129840412897 0 0 0
V 0 0.00016 -44.77611043599937 -493.3208484944453 0 0 0
V 0 0.00016 3.8187026937422033 23933.802527543183 0 0 0
V 0 0.00016 -13.053285835803617 25008.616186494473 0 0 0
V 0 0.00016 -14.043886581309497 -6523.398474741696 0 0 0
V 0 0.00016 -10.133389462844562 17308.232344501073 0 0 0
V 0 0.00016 -58.38843143353515 -14485.213630380726 0 0 0
V 0 0.00016 -56.019588518206845 -6156.522203425171 0 0 0
V 0 0.00016 -81.94543670843964 1130.1705927463909 0 0 0
V 0 0.00016 -25.63008487568596 17562.663784977693 0 0 0
V 0 0.00016 -102.15100619200571 1114.5305187051829 0 0 0
V 0 0.00016 -90.77936439175545 -1114.7266018700018 0 0 0
V 0 0.00016 -115.56723376189419 -7212.027345199132 0 0 0
V 0 0.00016 -99.48502784943162 7216.098388136793 0 0 0
V 0 0.00016 -85.75379345005928 1.0754672077937357 0 0 0
V 0 0.00016 -236.5356950942125 -1.6218942312352738 0 0 0
V 0 0.00016 -1.4140351092691836 -8634.971347077115 0 0 0
V 0 0.00016 -11.547639613597578 -13406.797178714816 0 0 0
V 0 0.00016 8.721570421737054 987.5471282644836 0 0 0
V 0 0.00016 -2.9633180708383913 -25037.88938886088 0 0 0
V 0 0.00016 4.056320072740369 8591.200512486292 0 0 0
V 0 0.00016 15.139456902449439 8575.443294438553 0 0 0
V 0 0.00016 13.321154155199855 23165.585874669465 0 0 0
V 0 0.00016 13.234136972886656 15518.171129185539 0 0 0
V 0 0.00016 18.050626004514587 17279.131482744175 0 0 0
V 0 0.00016 33.88900179028191 31149.9429359363 0 0 0
V 0 0.00016 0.8389347494051052 -6932.375584313084 0 0 0
V 0 0.00016 16.988427187245026 25653.079061564855 0 0 0
V 0 0.00016 28.694494128725456 24721.922008586247 0 0 0
V 0 0.00016 16.596308452732902 10260.014848893696 0 0 0
V 0 0.00016 15.770218570313137 9605.97011097831 0 0 0
V 0 0.00016 1.7438805867787934 -5091.223664017443 0 0 0
V 0 0.00016 12.285610301372838 8402.314564234764 0 0 0
V 0 0.00016 16.580170786397268 10915.544904083385 0 0 0
V 0 0.00016 8.708272405027824 1652.2659720441152 0 0 0
V 0 0.00016 28.725954127976248 11772.580148219653 0 0 0
V 0 0.00016 11.524467540053084 -22757.14579592241 0 0 0
V 0 0.00016 48.401089671741026 22756.488524660548 0 0 0
V 0 0.00016 27.03899221614551 19002.39075960665 0 0 0
V 0 0.00016 22.492607140804036 12416.635477900843 0 0 0
V 0 0.00016 28.428932301787412 19395.4117292656 0 0 0
V 0 0.00016 38.9524594710306 29373.739295804422 0 0 0
V 0 0.00016 15.100822903053281 -7205.20271370895 0 0 0
V 0 0.00016 31.18357807063146 7222.923019626973 0 0 0
V 0 0.00016 33.799011624398915 12874.090796249064 0 0 0
V 0 0.00016 20.908606505433408 -8895.179235777932 0 0 0
V 0 0.00016 20.872816701470647 -7604.782639496998 0 0 0
V 0 0.00016 28.596200907991943 6446.069868899007 0 0 0
V 0 0.00016 15.936068594960666 -16797.06826671791 0 0 0
V 0 0.00016 42.373978378063896 31574.13075940239 0 0 0
V 0 0.00016 18.35483711358198 -31569.528365742553 0 0 0
V 0 0.00016 34.153000005541024 7433.616997163492 0 0 0
V 0 0.00016 24.99767200151036 6603.80422325476 0 0 0
V 0 0.00016 32.07971599131274 16641.650369103438 0 0 0
V 0 0.00016 32.285337984039856 -8437.723917429712 0 0 0
V 0 0.00016 11.096237827543696 2.853487565610976 0 0 0
V 0 0.00016 22.25457373285959 -0.6511355339956779 0 0 0
V 0 0.00016 50.07374261664864 -0.9797711649283727 0 0 0
V 0 0.00016 1.664247571923494 15.377880900487526 0 0 0
V 0 0.00016 0.3825291634845256 -16673.382363068995 0 0 0
V 0 0.00016 4.439801112134184 8408.251892106458 0 0 0
V 0 0.00016 10.853029459074353 -8316.693814517901 0 0 0
V 0 0.00016 5.263480916416799 -104.77473117498448 0 0 0
V 0 0.00015999999991598969 20.337842159920353 14289.563946010643 -0.00018317085055576156 -7.993123160452921e-8 3.7480945686578215e-10
V 0 0.0001599969568245237 15.93384452654907 67048.63034034437 0.00039054263044514896 9.818446669830322e-7 -4.664489388691067e-9
V 0 -0.0001599960894928482 14.509873337066832 41576.2294543586 -0.00045417539571813775 -2.0555130451682107e-7 9.592038680752167e-10
V 0 -0.0001599937553897456 29.36572467260282 28785.263791647165 -0.000667548199352299 -5.28131783516673e-7 2.4777372800465054e-9
V 0 0.00015999217898569635 -7.411875501963009 -42272.105521827674 0.0005133803576415532 2.801108005346566e-7 -1.3076394606886402e-9
V 0 -0.00015998126825380297 -3.3851860073673112 -14982.026450755613 0.00011074259548008353 1.203792370194978e-8 -3.825179943954235e-11
V 0 -0.00015998126825380297 16.137675387687995 38853.47217133468 -0.000010613541106849948 3.0232011526628446e-7 -1.4568166303660446e-9
V 0 -0.000150001734663351 17.389145856337734 66839.0808779944 0.0008233823456850183 0.0000014925667912110618 -7.077601005045672e-9
V 0 0.00015000173405250593 -3.7795270877480363 -33801.09231294132 -0.0010017457837788975 -0.0000014378070859297398 6.810032334441319e-9
V 0 0.00015 8.38318457482536 7143.07519164327 0 0 0
V 0 0.00015 14.191221597994769 42028.79901486944 0 0 0
V 0 0.00015 23.019447049498005 30423.449587470277 0 0 0
V 0 0.00015 14.090359123399477 -8321.064819828038 0 0 0
V 0 0.00015 18.801470919931077 8336.318034083071 0 0 0
V 0 0.00015 -10.114621860360968 -1.1045700263430547 0 0 0
V 0 0.00015 6.082802211963205 -23865.412245599393 0 0 0
V 0 0.00015 31.587780972604577 23877.47919555875 0 0 0
V 0 0.00015 -22.693826173440552 -7587.939011153496 0 0 0
V 0 0.00015 -13.911660263324222 -25235.438644552934 0 0 0
V 0 0.00015 -11.408194866801837 -16906.74721759738 0 0 0
V 0 0.00015 -2.6889275333067513 25155.808841880327 0 0 0
V 0 0.00015 -22.876871229002624 -22462.570818478554 0 0 0
V 0 0.00015 7.516479134073435 -820.3822184746666 0 0 0
V 0 0.00015 5.546845377875054 -7816.631312434215 0 0 0
V 0 0.00015 -4.804304707914513 -15577.699181824102 0 0 0
V 0 0.00015 -14.41563887213967 -22738.79295198259 0 0 0
V 0 0.00015 -6.729878443378613 -7715.3401617068275 0 0 0
V 0 0.00015 10.00979929565209 -7366.322598844169 0 0 0
V 0 0.00015 4.426845802168222 -14246.324222362902 0 0 0
V 0 0.00015 -25.380762645608613 6466.310577696895 0 0 0
V 0 0.00015 -17.023472456438164 15129.06324780168 0 0 0
V 0 0.00015 0.07203420384862014 14348.495930663317 0 0 0
V 0 0.00015 4.449379995735068 25574.56696449251 0 0 0
V 0 0.00015 -2.171665356538763 -6115.643631572011 0 0 0
V 0 0.00015 28.363525984221837 31068.587907355333 0 0 0
V 0 0.00015 6.90570238625016 1140.3676994834946 0 0 0
V 0 0.00015 4.2377454399703485 -7220.674269137788 0 0 0
V 0 0.00015 -0.5269843711960429 1707.9912570491629 0 0 0
V 0 0.00015 12.523263715311412 26136.751257772026 0 0 0
V 0 0.00015 13.68123080676893 -1078.580143669818 0 0 0
V 0 0.00015 12.44456407122112 17861.028927325948 0 0 0
V 0 0.00015 23.339507628135514 23970.77251112819 0 0 0
V 0 0.00015 9.51983313550681 9563.976687336066 0 0 0
V 0 0.00015 -4.324595493869218 1241.658850210882 0 0 0
V 0 0.00015 6.4376796578145905 1309.584266433783 0 0 0
V 0 0.00015 14.116293995941874 8469.966681892218 0 0 0
V 0 0.00015 -20.96204725701172 1872.8558049271087 0 0 0
V 0 0.00015 -5.453858090276299 17540.121879349885 0 0 0
V 0 0.00015 4.818031581691556 -6496.737768578561 0 0 0
V 0 0.00015 -50.95778616594687 -7215.126537184818 0 0 0
V 0 0.00015 -34.87504635726613 7212.999196151107 0 0 0
V 0 0.00015 -44.4083358868641 -23696.644082775056 0 0 0
V 0 0.00015 -20.237552996216788 17166.245734864355 0 0 0
V 0 0.00015 8.786218492693113 -5974.368376635349 0 0 0
V 0 0.00015 -81.90226091378017 -16657.376130844652 0 0 0
V 0 0.00015 -72.48003732071697 16657.389576977566 0 0 0
V 0 0.00015 -70.57756918269683 -1099.0865278287938 0 0 0
V 0 0.00015 -45.75317166639935 16560.480055530003 0 0 0
V 0 0.00015 -64.60853071641057 9114.527654013227 0 0 0
V 0 0.00015 -82.89046417205108 8406.590266378462 0 0 0
V 0 0.00015 -115.62327089047807 -7215.793829917661 0 0 0
V 0 0.00015 -0.6264504838755984 -8668.75277343374 0 0 0
V 0 0.00015 67.96044611671282 -7213.8571544077295 0 0 0
V 0 0.00015 78.8893104016821 8328.897139215787 0 0 0
V 0 0.00015 -0.7872072282921776 86.74104953739243 0 0 0
V 0 0.00015 2.505932690964225 9601.054341598898 0 0 0
V 0 0.00015 -4.880052366006428 -15942.33421941156 0 0 0
V 0 0.00015 -0.5626125992186006 -16709.197961905327 0 0 0
V 0 0.00015 14.757902490565334 299.72096399247005 0 0 0
V 0 0.00015 27.0194995909946 7702.461383718557 0 0 0
V 0 0.00015 -1.5875052332375752 -9034.55127286516 0 0 0
V 0 0.00015 -14.001503983283891 -31163.060848194487 0 0 0
V 0 0.00015 -2.07715586354922 -7115.847091622069 0 0 0
V 0 0.00015 16.376203607044335 8288.351044469839 0 0 0
V 0 0.00015 12.007325500856572 11157.390475515678 0 0 0
V 0 0.00015 2.862128263765843 9.188788589942305 0 0 0
V 0 0.00015 0.9494801869660083 1823.1182386580494 0 0 0
V 0 0.00015 12.141987130028179 9108.174410144373 0 0 0
V 0 0.00015 28.569607789370302 24093.614423624094 0 0 0
V 0 0.00015 9.696735301096261 8244.580209879014 0 0 0
V 0 0.00015 4.446829584496375 -3599.321878789931 0 0 0
V 0 0.00015 20.588351035186747 10828.803854545993 0 0 0
V 0 0.00015 19.7030871001398 170.35359505080214 0 0 0
V 0 0.00015 18.276333252576222 2482.0787459528474 0 0 0
V 0 0.00015 15.930310036621945 4827.585323211516 0 0 0
V 0 0.00015 24.50874806128573 -8957.327647548642 0 0 0
V 0 0.00015 22.896110911099658 -24986.402916497595 0 0 0
V 0 0.00015 37.02944630069446 24985.745645235733 0 0 0
V 0 0.00015 29.133623843328795 8956.670376286778 0 0 0
V 0 0.00015 30.13468966433289 12165.601117878607 0 0 0
V 0 0.00015 37.52914397770158 28980.718326145467 0 0 0
V 0 0.00015 35.86009681685154 21988.82416252252 0 0 0
V 0 0.00015 36.15662573864312 23889.49466212803 0 0 0
V 0 0.00015 35.57539361595913 7826.637966822445 0 0 0
V 0 0.00015 30.520979863953997 -703.5586490796868 0 0 0
V 0 0.00015 34.77651568390611 475.50425989717223 0 0 0
V 0 0.00015 35.86707542583574 240.2176445939731 0 0 0
V 0 0.00015 17.930138744074107 -23866.5146912883 0 0 0
V 0 0.00015 43.43511750471547 23876.37674986984 0 0 0
V 0 0.00015 -1.359846719531916 -8329.087259050353 0 0 0
V 0 0.00015 3.351265076999682 8328.295594860754 0 0 0
V 0 0.00015 13.424305180898884 -1324.1780226375613 0 0 0
V 0 0.00015 1.7859034594525531 -7805.158573168384 0 0 0
V 0 -0.00014999608949284817 11.179607549809347 51019.549441601754 0.00007380658037107248 4.817351142344904e-7 -2.291084012819334e-9
V 0 -0.00014999608949284817 1.5728818305113386 -27148.103721022682 0.000026322474002161126 -1.6737707526625622e-7 7.960155830137471e-10
V 0 -0.00014999608940883784 14.065643572779114 49833.93320628947 -0.00010898999402287254 2.6258478596254686e-7 -1.25983683173124e-9
V 0 0.00014999217898569632 0.629502081826077 -35058.04265515971 0.00029945389678356487 9.364661064311796e-8 -4.300297351441583e-10
V 0 -0.00014998837950087746 9.335973232646948 34571.369618159195 0.0006227499607767346 0.0000010030698099420076 -4.743901869656809e-9
V 0 0.00014998751094751184 39.318428390369995 52585.721837201534 -0.00037926150089941113 3.951231501042697e-9 -5.003277189050435e-11
V 0 0.0001400008673316755 6.123287946112136 17076.135346729625 0.0007442146956282365 0.0000010122570291990334 -4.7850625511830085e-9
V 0 0.00014000086726166687 -4.18063167182763 -26171.690516178947 -0.0006538798472407778 -9.703836715616028e-7 4.590264414113198e-9
V 0 -0.00014000086726166687 14.663815514298765 40457.84089946549 0.0006023422136841098 0.0000010329052438774886 -4.900448207287078e-9
V 0 -0.00014 24.64784937237236 38576.348596684125 0.0004787506012135801 8.883144116233806e-7 -4.217636618812408e-9
V 0 0.00014 -20.966964641069882 -39447.95705881086 0 0 0
V 0 0.00014 14.820730661137855 6970.756359709725 0 0 0
V 0 0.00014 21.52101704884271 31261.30100498873 0 0 0
V 0 0.00014 15.24892354322456 15585.414112711116 0 0 0
V 0 0.00014 6.615331783626606 8329.854888799515 0 0 0
V 0 0.00014 19.718016880532446 23977.383913598016 0 0 0
V 0 0.00014 16.29145543396502 1120.66203526727 0 0 0
V 0 0.00014 27.6631022956701 -1108.5950853079146 0 0 0
V 0 0.00014 -20.06163592446713 288.2128668332472 0 0 0
V 0 0.00014 15.273016098422982 15959.185492547784 0 0 0
V 0 0.00014 -2.4757137168531784 -15030.694179102178 0 0 0
V 0 0.00014 9.620596207347102 25213.647951525523 0 0 0
V 0 0.00014 -0.6816178880345412 1700.2763261621478 0 0 0
V 0 0.00014 -6.249233608693462 1931.1556980559167 0 0 0
V 0 0.00014 18.575311999421306 24047.213756572415 0 0 0
V 0 0.00014 1.5941048731120044 -15976.106172439482 0 0 0
V 0 0.00014 -18.69471527183655 -22129.22093002938 0 0 0
V 0 0.00014 2.3048105377729344 -14580.385465512132 0 0 0
V 0 0.00014 -16.467560461433862 1578.6094631141832 0 0 0
V 0 0.00014 -2.507991714399809 17455.424999886927 0 0 0
V 0 0.00014 -5.95120004165655 -8402.287754648483 0 0 0
V 0 0.00014 -1.2400882451249515 8255.095099262624 0 0 0
V 0 0.00014 7.485334800210179 15573.93269710557 0 0 0
V 0 0.00014 6.5431315409339215 9320.461114332506 0 0 0
V 0 0.00014 -4.527341857055876 -14444.335058527566 0 0 0
V 0 0.00014 18.48626478989397 7208.162818898194 0 0 0
V 0 0.00014 9.053571706861593 -226.4701422416667 0 0 0
V 0 0.00014 1.4139990050004272 -7387.563912400156 0 0 0
V 0 0.00014 -6.034985480890892 -6117.066340972124 0 0 0
V 0 0.00014 -7.594146871684518 -30996.491074119785 0 0 0
V 0 0.00014 0.38055414953323075 2527.8240960524004 0 0 0
V 0 0.00014 7.380353361864076 -7072.076257031244 0 0 0
V 0 0.00014 -4.93370001967714 220.6500141199964 0 0 0
V 0 0.00014 3.0000106175588073 102.17170830041437 0 0 0
V 0 0.00014 -6.707394300958097 -22198.399351730495 0 0 0
V 0 0.00014 9.290886980080622 -8327.587898538366 0 0 0
V 0 0.00014 -36.39937185981135 -16482.581216107093 0 0 0
V 0 0.00014 -42.97807631075111 1952.1332917829168 0 0 0
V 0 0.00014 -1.7459470495348715 -12666.0618513601 0 0 0
V 0 0.00014 -11.929267582043643 9313.602160694745 0 0 0
V 0 0.00014 -50.372471618173904 7603.481043612293 0 0 0
V 0 0.00014 -70.41607161296554 977.9108605701831 0 0 0
V 0 0.00014 -70.42234226802073 8152.158825901841 0 0 0
V 0 0.00014 -54.806137914180105 2274.340931830798 0 0 0
V 0 0.00014 -82.60601770501921 -32.705959148833244 0 0 0
V 0 0.00014 -157.6433114722291 -0.3031802251052511 0 0 0
V 0 0.00014 10.5468314491999 14443.873478054958 0 0 0
V 0 0.00014 -8.60980858713506 -23923.26082857329 0 0 0
V 0 0.00014 9.24601278676375 17652.974255578985 0 0 0
V 0 0.00014 11.60204812697507 25981.665682534538 0 0 0
V 0 0.00014 11.450762160901839 8426.907202001446 0 0 0
V 0 0.00014 12.544731755693903 25189.064787087544 0 0 0
V 0 0.00014 -16.401809221138638 -29906.445678270175 0 0 0
V 0 0.00014 20.913504114911145 17350.124787562534 0 0 0
V 0 0.00014 2.569395549113267 -8641.530303206207 0 0 0
V 0 0.00014 0.5167528705421143 -6199.293268175945 0 0 0
V 0 0.00014 12.173167952811369 -7871.236108607331 0 0 0
V 0 0.00014 20.528199744640666 15589.15496067519 0 0 0
V 0 0.00014 -5.866005478610498 -22534.648457246458 0 0 0
V 0 0.00014 8.682619293931104 -14692.278005616341 0 0 0
V 0 0.00014 6.198842994322011 -5282.739444729819 0 0 0
V 0 0.00014 9.67863757304503 20.663514098443557 0 0 0
V 0 0.00014 19.525146043893734 16408.978326349727 0 0 0
V 0 0.00014 9.1045323786856 2784.9282139692996 0 0 0
V 0 0.00014 10.749239356829017 -6867.941235623815 0 0 0
V 0 0.00014 20.096752224439904 798.6611800129576 0 0 0
V 0 0.00014 11.042698711147988 -5020.230359199084 0 0 0
V 0 0.00014 14.730298210835818 -5611.326065699504 0 0 0
V 0 0.00014 11.570756334364226 -4320.92946941857 0 0 0
V 0 0.00014 -6.435054520594859 -23240.508303156064 0 0 0
V 0 0.00014 8.109925129913183 -12432.367962708513 0 0 0
V 0 0.00014 15.813511368597403 1618.48454568749 0 0 0
V 0 0.00014 11.560648558258684 -1634.2170304951633 0 0 0
V 0 0.00014 24.7458875093087 16672.801962999205 0 0 0
V 0 0.00014 29.218256908356317 11066.720302310048 0 0 0
V 0 0.00014 21.61544819051148 3818.876009285461 0 0 0
V 0 0.00014 32.25256280919058 21280.334484152067 0 0 0
V 0 0.00014 29.86124566554216 19788.432698924553 0 0 0
V 0 0.00014 23.93948963743548 4638.699374959993 0 0 0
V 0 0.00014 40.3745129167775 29766.76026546337 0 0 0
V 0 0.00014 28.465126736290493 5861.533118527677 0 0 0
V 0 0.00014 29.98794090330703 -155.43315752583203 0 0 0
V 0 0.00014 29.95200357519532 6839.090838557962 0 0 0
V 0 0.00014 20.899571456488765 -8239.649180588242 0 0 0
V 0 0.00014 25.610683253020362 8417.733673322868 0 0 0
V 0 0.00014 24.77188144093258 411.06991120790553 0 0 0
V 0 0.00014 23.88138076245057 -6896.292961126541 0 0 0
V 0 0.00014 16.554552723596636 -15531.264308203656 0 0 0
V 0 0.00014 18.910108621862435 -7202.572881248101 0 0 0
V 0 0.00014 34.992863789440605 7225.5528520878215 0 0 0
V 0 0.00014 37.34841968770641 15554.244279043378 0 0 0
V 0 0.00014 31.333897891128892 -8350.982867892319 0 0 0
V 0 0.00014 36.04500968766049 8306.39998601879 0 0 0
V 0 0.00014 43.485436914210695 172.65479188072277 0 0 0
V 0 0.00014 27.729891270777657 -13.10265234682447 0 0 0
V 0 0.00014 4.799824051244015 3332.6578734283553 0 0 0
V 0 0.00014 22.99270146347015 40704.596610483524 0 0 0
V 0 0.00014 6.7101520899883695 2.629832460851503 0 0 0
V 0 0.00014 3.8844794450302844 -7700.389471787066 0 0 0
V 0 0.00014 8.595609218453179 8956.993382124043 0 0 0
V 0 0.00014 11.182907056459957 7214.062866667962 0 0 0
V 0 0.00013999999992999137 23.562322486356862 56838.44661060747 0.00010992326035900844 5.868427202990378e-7 -2.7953387225413624e-9
V 0 0.00013999999992999137 28.391014783611137 46557.275205845865 0.000017461534352522165 4.095657496645249e-7 -1.95888967852308e-9
V 0 0.00013998751216920196 -10.408728521956585 -40596.40268679077 -0.0003576601425238947 -7.399080956989405e-7 3.5200382130638967e-9
V 0 -0.00013998751216920196 11.765984451427299 16589.808741610523 0.00037057994231178264 5.760944009888394e-7 -2.720386527441828e-9
V 0 0.00013998751216920196 21.854827213517712 12056.893262711354 -0.0007934460705038666 -8.112290363269643e-7 3.817713813265152e-9
V 0 -0.00013998751209919335 13.110468784192154 16870.345878985187 -0.00025041741700774085 -1.523526992886717e-7 7.254267110441986e-10
V 0 -0.00013998751208519163 8.614982888701181 -2928.5467507683643 -0.0005510702580246896 -6.567383087045996e-7 3.0944687637859463e-9
V 0 0.00013 1.4387327412728599 18157.353294290366 0 0 0
V 0 0.00013 1.5131796842070022 -8152.899009213857 0 0 0
V 0 0.00013 18.563888392927925 14951.682968871444 0 0 0
V 0 0.00013 -5.131800519144069 -7072.027493534537 0 0 0
V 0 0.00013 14.573888267971636 -8313.735107242126 0 0 0
V 0 0.00013 19.285000064503237 8343.647746668983 0 0 0
V 0 0.00013 -7.548876468992485 -24028.02608641957 0 0 0
V 0 0.00013 6.701394413471146 -504.34518363432414 0 0 0
V 0 0.00013 -5.87975435357176 -25196.335097916686 0 0 0
V 0 0.00013 5.3429783764457115 25194.912388516575 0 0 0
V 0 0.00013 18.580959984364526 22756.105805591425 0 0 0
V 0 0.00013 -6.5768471582829555 -15500.805829235973 0 0 0
V 0 0.00013 -4.860236178289441 16827.117414924774 0 0 0
V 0 0.00013 0.7708150721046145 -367.84266950585493 0 0 0
V 0 0.00013 0.7534006885490561 8065.623488624684 0 0 0
V 0 0.00013 8.194978453595477 480.42092755566716 0 0 0
V 0 0.00013 -13.086860732103197 -22287.41686485774 0 0 0
V 0 0.00013 -8.550571569234087 -23558.62579098583 0 0 0
V 0 0.00013 12.883609276739666 25508.443672809874 0 0 0
V 0 0.00013 -5.225760335278588 -6649.03365563715 0 0 0
V 0 0.00013 7.465914186083685 7778.380722998718 0 0 0
V 0 0.00013 -15.191069964482168 -13821.14805791757 0 0 0
V 0 0.00013 -14.771514684962845 -14929.40302837479 0 0 0
V 0 0.00013 8.667479378417553 -13.162871512881196 0 0 0
V 0 0.00013 -0.11172843661168308 626.8848755620436 0 0 0
V 0 0.00013 -25.41055711210929 -14173.694292859302 0 0 0
V 0 0.00013 -5.978061667111753 10031.812670868996 0 0 0
V 0 0.00013 -2.6920350520912812 8464.644561612593 0 0 0
V 0 0.00013 19.896312429099968 23801.5559441779 0 0 0
V 0 0.00013 15.908942964942636 7754.45646692006 0 0 0
V 0 0.00013 29.57603523245681 22792.86557690925 0 0 0
V 0 0.00013 -8.390532477977509 -14445.757767927678 0 0 0
V 0 0.00013 0.9056704333564878 -7157.395895206444 0 0 0
V 0 0.00013 3.5973174932766563 -7072.7876117313 0 0 0
V 0 0.00013 -34.90853431091016 -1952.8379234165163 0 0 0
V 0 0.00013 -39.96552427618052 -23990.890424587982 0 0 0
V 0 0.00013 -21.784792324566784 -447.4724721784628 0 0 0
V 0 0.00013 -34.60507705225879 -30536.830804957488 0 0 0
V 0 0.00013 -6.6312697285422395 -775.5002403480139 0 0 0
V 0 0.00013 13.380861216933136 8781.171042497595 0 0 0
V 0 0.00013 24.73534401199779 16207.110295203445 0 0 0
V 0 0.00013 -26.981383831776895 16832.184491715125 0 0 0
V 0 0.00013 -18.910877051837872 24046.247358383087 0 0 0
V 0 0.00013 -12.18736987728554 24380.308601532317 0 0 0
V 0 0.00013 23.64501462861 26172.799674389804 0 0 0
V 0 0.00013 -22.568650530684174 -5408.769914454104 0 0 0
V 0 0.00013 -1.7474357015525719 9019.35581888182 0 0 0
V 0 0.00013 -69.31707323062183 -8326.303589669924 0 0 0
V 0 0.00013 -64.60596143409023 8331.079264241185 0 0 0
V 0 0.00013 -45.7266571118832 9386.232090198346 0 0 0
V 0 0.00013 -32.40462003092731 10054.354576496804 0 0 0
V 0 0.00013 -20.738233827081764 17602.478686313996 0 0 0
V 0 0.00013 -30.049168211589905 17856.91012679062 0 0 0
V 0 0.00013 -109.21767406133603 -23871.54376216148 0 0 0
V 0 0.00013 -83.71269669695806 23871.347678996663 0 0 0
V 0 0.00013 -71.30700323723815 8780.466410863997 0 0 0
V 0 0.00013 -94.05639113086993 8366.775365042158 0 0 0
V 0 0.00013 -102.67662821717136 7212.331903418265 0 0 0
V 0 0.00013 -167.0946572783799 0.21649507612581687 0 0 0
V 0 0.00013 -263.2376793316108 0.2927802131140709 0 0 0
V 0 0.00013 -2.964810228737743 -17068.437505207654 0 0 0
V 0 0.00013 9.923811800050183 8269.172847645697 0 0 0
V 0 0.00013 7.920586503122841 6115.182051099404 0 0 0
V 0 0.00013 3.702126067329286 -364.63503758745964 0 0 0
V 0 0.00013 4.360226526684364 9148.514792630087 0 0 0
V 0 0.00013 0.3817707261493055 -24409.581803898724 0 0 0
V 0 0.00013 19.64115800446704 33195.7285492025 0 0 0
V 0 0.00013 8.326805431084919 10405.129962554398 0 0 0
V 0 0.00013 16.235318165418448 16957.10381790358 0 0 0
V 0 0.00013 13.263941049703499 2670.9646942043732 0 0 0
V 0 0.00013 3.3105368048681 584.5367503713301 0 0 0
V 0 0.00013 27.555268153071122 31007.95632629958 0 0 0
V 0 0.00013 5.628199968778448 -34.892441859850564 0 0 0
V 0 0.00013 7.356364711448976 17417.68764027578 0 0 0
V 0 0.00013 14.312059160172687 25536.829604881368 0 0 0
V 0 0.00013 0.9554380488153438 10622.382896220006 0 0 0
V 0 0.00013 6.8802226013773895 1841.151920295641 0 0 0
V 0 0.00013 9.846060457677275 -16802.49796757181 0 0 0
V 0 0.00013 6.592460143835822 0.15108927478758005 0 0 0
V 0 0.00013 15.831701691407522 7529.531575379467 0 0 0
V 0 0.00013 17.588885534519402 25477.31102557151 0 0 0
V 0 0.00013 20.026223296433773 7495.750149022841 0 0 0
V 0 0.00013 19.215544596356924 18405.234768540267 0 0 0
V 0 0.00013 20.85947507751613 8752.365318947152 0 0 0
V 0 0.00013 0.3013218199984351 -8319.502638365611 0 0 0
V 0 0.00013 8.951341983993894 -16670.50076616929 0 0 0
V 0 0.00013 12.73368262646587 -8551.358801563707 0 0 0
V 0 0.00013 28.746858225327863 32187.019235276442 0 0 0
V 0 0.00013 17.932606266087475 8368.542611206844 0 0 0
V 0 0.00013 27.61512176685344 16157.94396632749 0 0 0
V 0 0.00013 11.921117577393865 2986.433402915876 0 0 0
V 0 0.00013 21.826259532209335 -0.47972490572163906 0 0 0
V 0 0.00013 5.871436272406019 -3206.3009091309773 0 0 0
V 0 0.00013 10.524429993740434 3177.9491836282523 0 0 0
V 0 0.00013 13.002017613645874 -3927.9084997596156 0 0 0
V 0 0.00013 20.6705162050398 20194.571580841694 0 0 0
V 0 0.00013 10.145566589401913 2045.2869417030697 0 0 0
V 0 0.00013 26.83613748716244 27173.347832206447 0 0 0
V 0 0.00013 17.35277695086864 5220.606292870472 0 0 0
V 0 0.00013 9.746551984693225 -3.759087736038964 0 0 0
V 0 0.00013 28.266526101818098 27566.368801865407 0 0 0
V 0 0.00013 14.83611866419931 -8261.476156530647 0 0 0
V 0 0.00013 31.29432034191663 20181.453668583512 0 0 0
V 0 0.00013 27.125534110784656 -24.92127339761464 0 0 0
V 0 0.00013 28.26505348341301 14617.026941498809 0 0 0
V 0 0.00013 10.310744559167567 -15682.43970643032 0 0 0
V 0 0.00013 24.47243390795883 8582.02698380771 0 0 0
V 0 0.00013 24.88474202046408 -251.01910011087602 0 0 0
V 0 0.00013 49.39451017453165 24582.236595779446 0 0 0
V 0 0.00013 30.257797680440987 64.44960860062929 0 0 0
V 0 0.00013 61.140579123577616 1.2053132054487605 0 0 0
V 0 0.00013 11.117385285121955 5941.4481875857655 0 0 0
V 0 0.00013 3.331227724311175 -644.307094120041 0 0 0
V 0 0.00013 16.63761694881145 33700.083206165524 0 0 0
V 0 0.00013 5.198466915560368 7771.377146811758 0 0 0
V 0 0.00012999999992999137 3.786290591446905 7352.62465399324 -0.00045860853201820336 -4.794613380700866e-7 2.2580197197676636e-9
V 0 0.00012999999992999137 6.141846489712704 15681.316080948793 -0.00030158077440259237 -2.2905022364020028e-7 1.0716806420926291e-9
V 0 -0.00012999999992999137 6.216301810227257 -10628.936222555432 -0.0007107785504831552 -9.06436747023255e-7 4.281535061982645e-9
V 0 -0.00012999999938915493 35.85878706248813 63913.947689950146 0.00014067887066123518 6.933756785860472e-7 -3.2981389912200622e-9
V 0 0.00012999999877830987 47.27355561374283 61056.38861420647 -0.0005985490314431086 -1.810876061680339e-7 8.290313946973062e-10
V 0 0.00012999608949284817 4.112939855011948 26033.47516073509 -0.00039727669247576034 -2.6949822905516885e-7 1.267933220205769e-9
V 0 0.00012999608949284817 9.571134234092298 -19305.73889918623 -0.0001902845216986818 -3.5312858904656384e-7 1.6743525290798931e-9
V 0 -0.00012998751216920196 0.16070568093080073 -27566.8562138412 -0.0004038367063948536 -6.788118756055168e-7 3.208399978846687e-9
V 0 -0.00012998751209919335 19.011916370756065 12614.207542855154 -0.000607968961267067 -5.927913841662519e-7 2.7857394116553935e-9
V 0 0.00012998750911497666 0.8140042080608869 9794.844799642498 -0.00028117302730996756 -2.588856575756811e-7 1.2282269797228984e-9
V 0 -0.0001200008673316755 25.43052344012682 74053.14374466237 0.00060945588482703 0.0000013061026013195232 -6.1999912795011895e-9
V 0 -0.00012 23.118092722069143 65096.15036253832 0.0004551086620542737 0.0000010549788107784058 -5.014379422347819e-9
V 0 0.00012 29.69237393616787 47466.114298389 -0.000606216359809856 -3.1816867450175516e-7 1.4876507804846109e-9
V 0 0.00012 -7.385311579887828 -24533.50472035583 0 0 0
V 0 0.00012 19.64605974722382 40495.071529881905 0 0 0
V 0 0.00012 -2.7981239489231804 -7750.047237267959 0 0 0
V 0 0.00012 -1.62295643949542 -8382.371878165082 0 0 0
V 0 0.00012 2.987243735811445 8275.010975746027 0 0 0
V 0 0.00012 0.45211185522499975 -8297.052239989882 0 0 0
V 0 0.00012 5.160043487326539 8360.330613921227 0 0 0
V 0 0.00012 -2.359458960036962 9496.289083752617 0 0 0
V 0 0.00012 4.398844039312558 -9390.350890733673 0 0 0
V 0 0.00012 14.99239519705283 24133.96427943851 0 0 0
V 0 0.00012 -18.29081065560165 -22757.528514991536 0 0 0
V 0 0.00012 3.7693030809561305 8537.529534605468 0 0 0
V 0 0.00012 1.9687939440018578 -8538.952244005579 0 0 0
V 0 0.00012 3.1259125326867343 -9444.0313419432 0 0 0
V 0 0.00012 14.21642255415678 15584.70275801106 0 0 0
V 0 0.00012 16.062276219827197 8210.213121135972 0 0 0
V 0 0.00012 -13.23409141853266 622.2741099824768 0 0 0
V 0 0.00012 -4.286154301722743 8498.425987969218 0 0 0
V 0 0.00012 -6.163960368677281 -701.9039126550846 0 0 0
V 0 0.00012 9.083117308803493 8292.58307691101 0 0 0
V 0 0.00012 13.191360479259183 7630.494065592229 0 0 0
V 0 0.00012 8.124557374719812 6.5514690430564 0 0 0
V 0 0.00012 8.120285563323424 -87.91398471005695 0 0 0
V 0 0.00012 15.356406348911928 7790.112709820702 0 0 0
V 0 0.00012 19.133588422361107 15507.80940542293 0 0 0
V 0 0.00012 1.2619603766925425 532.6786693650834 0 0 0
V 0 0.00012 9.701789117784463 17243.030619785666 0 0 0
V 0 0.00012 -19.910559515956265 -30478.53091182868 0 0 0
V 0 0.00012 -11.962014020143743 -6593.3818888333235 0 0 0
V 0 0.00012 -17.778869670557885 -30457.201002284877 0 0 0
V 0 0.00012 -15.516622913828057 -22128.509575329324 0 0 0
V 0 0.00012 15.51362190191884 24499.753305541228 0 0 0
V 0 0.00012 6.177673072174605 7788.69000042059 0 0 0
V 0 0.00012 -2.9189659076824466 -6596.775913827734 0 0 0
V 0 0.00012 4.783807290846986 -6251.694038556577 0 0 0
V 0 0.00012 -32.10154234497874 -14507.755536008532 0 0 0
V 0 0.00012 -20.38668686534204 -8355.35213311869 0 0 0
V 0 0.00012 -15.674774137216701 8302.03072079242 0 0 0
V 0 0.00012 -9.943370734816629 7187.402160504827 0 0 0
V 0 0.00012 9.107174320711067 23011.2486007681 0 0 0
V 0 0.00012 12.484528673956714 32788.62983116048 0 0 0
V 0 0.00012 6.707127289774742 -122.85887291064182 0 0 0
V 0 0.00012 15.445710718887357 15.429861774030229 0 0 0
V 0 0.00012 13.252315725569783 -1131.54924017929 0 0 0
V 1 1.6768 -0.04312518020812495 628.301955168488 0 0 0
V 1 0.51642 11.226095417587004 6585.760911499474 0 0 0
V 1 0.41383 13.581651315852804 14914.452338455028 0 0 0
V 1 0.37115 -2.398681078473924 -7700.389471787066 0 0 0
V 1 0.2756 2.3124307180576746 8956.993382124043 0 0 0
V 1 0.25425 28.759104339853938 2.301196829917899 0 0 0
V 1 0.07118 7.998252403580961 7842.364821836451 0 0 0
V 1 0.06128 10.35380830184676 16171.056248792005 0 0 0
V 1 0.04516 8.29693421440911 8399.679101980246 0 0 0
V 1 0.04048 13.624776496060928 14286.15038328654 0 0 0
V 1 0.03747 -0.0862503604162499 1256.603910336976 0 0 0
V 1 0.03707 11.26922059779513 5957.4589563309855 0 0 0
V 1 0.03649 15.937207214118605 23243.143765410583 0 0 0
V 1 0.02438 -4.7542369767397235 -16029.08089874262 0 0 0
V 1 0.02165 8.870539519321206 -1742.9305154560807 0 0 0
V 1 0.01923 4.667986616323474 17285.684809079597 0 0 0
V 1 0.01443 25.204264238573586 -0.3286356309313305 0 0 0
V 1 0.0141 26.403345634329053 -8326.390230125637 0 0 0
V 1 0.01326 31.118673448201772 8330.992623785472 0 0 0
V 1 0.01293 -2.4418062586820493 -7072.087516618579 0 0 0
V 1 0.0127 7.955127223372837 8470.666777004937 0 0 0
V 1 0.01097 21.62302889964189 22128.51520512299 0 0 0
V 1 0.01072 10.396933482054886 15542.754293623517 0 0 0
V 1 0.01056 -40.77562665966627 -0.3523158167995746 0 0 0
V 1 0.00819 8.041377583789085 7214.062866667962 0 0 0
V 1 0.00734 12.70936420011256 24499.74767574756 0 0 0
V 1 0.00686 19.26747300137609 13799.823778167436 0 0 0
V 1 0.00631 8.784289158904954 -486.326605119104 0 0 0
V 1 0.00585 2.2693055378495495 9585.295337292531 0 0 0
V 1 0.00539 10.325840849109868 -1952.4799778060496 0 0 0
V 1 0.00469 23.97858479790769 30457.206632078545 0 0 0
V 1 0.00378 15.980332394326727 22614.841810242095 0 0 0
V 1 0.00362 7.097997835103824 -695.876067469073 0 0 0
V 1 0.00353 1.3967587470296126 157.73435435575175 0 0 0
V 1 0.0032 4.242140812338981 2.629832460851503 0 0 0
V 1 0.00317 10.652490112674908 16728.3705289358 0 0 0
V 1 0.003 5.324031850806633 -33.757044608271826 0 0 0
V 1 0.00298 20.71762500336946 -7211.761669838044 0 0 0
V 1 0.00295 18.292763112384403 31571.83519236614 0 0 0
V 1 0.00293 -1.8497985352039241 -0.7113547000559208 0 0 0
V 1 0.00293 18.36192022851846 -15540.453096793599 0 0 0
V 1 0.00291 39.15629054558451 15545.055490453435 0 0 0
V 1 0.0028 36.800689617824005 7216.364063497882 0 0 0
V 1 0.0027 5.94137831614331 70.98767502469127 0 0 0
V 1 0.00256 13.667901676269054 13657.848428118054 0 0 0
V 1 0.00247 8.724162046356524 -33.781426356625275 0 0 0
V 1 0.00244 10.78531771161672 8311.770747063858 0 0 0
V 1 0.00235 -9.647395912738325 -39.81490133630393 0 0 0
V 1 0.00202 -43.147719203528865 -8329.043742772355 0 0 0
V 1 0.00202 -38.43660217100951 8328.339111138755 0 0 0
V 1 0.00186 11.312345778003255 5329.157001162499 0 0 0
V 1 0.00169 -7.109792875005523 -24357.772325698174 0 0 0
V 1 0.00168 -32.73680127084238 7213.710550851163 0 0 0
V 1 0.00167 -48.8195782550362 -7214.415182484761 0 0 0
V 1 0.0016 18.395185885635847 23385.119115459966 0 0 0
V 1 0.00157 8.429357420563235 -16.920679891697745 0 0 0
V 1 0.00157 2.830200117079925 550.7553240147049 0 0 0
V 1 0.00155 21.666154079850017 21500.213249954504 0 0 0
V 1 0.00148 8.91366469952933 -2371.232470624569 0 0 0
V 1 0.00143 -20.820249559759564 -79.62980267260787 0 0 0
V 1 0.00143 -74.82066645287071 15.54203245879853 0 0 0
V 1 0.00141 5.2415919212355675 7143.07519164327 0 0 0
V 1 0.00138 7.023542514589273 25614.37623603515 0 0 0
V 1 0.00131 -4.135462025441909 -8329.40278165561 0 0 0
V 1 0.00131 0.575630048869141 8327.9800722555 0 0 0
V 1 0.00128 12.752489380320686 23871.44572057907 0 0 0
V 1 0.00126 5.599571325107037 141.97535004938254 0 0 0
V 1 0.00122 21.649138075695653 15.419109088100413 0 0 0
V 1 0.0012 6.514983621055406 -10071.621942411633 0 0 0
V 1 0.00118 18.976053135507215 18.048941548953735 0 0 0
V 1 0.00108 1.308523995250399 522.3693919432112 0 0 0
V 1 0.00107 -51.17787030597035 -15543.106609440318 0 0 0
V 1 0.00107 -30.383985539502202 15542.401977806716 0 0 0
V 1 0.00107 11.340313230740147 23452.693227760552 0 0 0
V 1 0.00104 6.354277940124605 17495.234271429566 0 0 0
V 1 0.00097 2.3555558982657994 8328.691426955555 0 0 0
V 1 0.00097 -4.797362156947848 -15400.778943574132 0 0 0
V 1 0.00096 24.047790783260805 -16655.081657081188 0 0 0
V 1 0.00096 13.695869129005947 31781.38465471611 0 0 0
V 1 0.00094 9.539804093785875 6376.211449149505 0 0 0
V 1 0.00094 10.310683121638636 16799.35820396049 0 0 0
V 1 0.0009 33.474228124737095 16659.684050741023 0 0 0
V 1 0.0009 16.03962998737005 15056.427688504413 0 0 0
V 1 0.00088 3.5858224178775107 -8257.703751930863 0 0 0
V 1 0.00079 22.830310824662515 -8329.020062586485 0 0 0
V 1 0.00079 33.534417233271334 4.9310292907721305 0 0 0
V 1 0.00079 19.31059818158422 13171.521822998948 0 0 0
V 1 0.00076 -2.512898891627067 -24567.321788048146 0 0 0
V 1 0.00076 -0.12937554062437484 1884.9058655054641 0 0 0
V 1 0.00076 24.021709978115815 29828.904676910057 0 0 0
V 1 0.00073 15.064920098378359 32828.439102703116 0 0 0
V 1 0.00073 20.750741783901645 31713.810542415522 0 0 0
V 1 0.00071 29.172564641403568 -15.732484807673245 0 0 0
V 1 0.00071 26.33414069617349 38785.8980590341 0 0 0
V 1 0.00069 16.3383117981982 15613.741968648208 0 0 0
V 1 0.00066 8.709833838390404 25823.925698385123 0 0 0
V 1 0.00065 27.551394908941234 8328.362791324624 0 0 0
V 1 0.00063 6.433282818642165 52.96909650947205 0 0 0
V 1 0.00061 -0.9307292898043897 -8170.957072599802 0 0 0
V 1 0.00059 -7.540369838501687 8288.87652561925 0 0 0
V 1 0.00058 13.282969505024656 14357.138058311231 0 0 0
V 1 0.00058 2.3555558982657994 8328.691426955555 0 0 0
V 1 0.00057 -12.25666159772028 -8368.506328291858 0 0 0
V 1 0.00057 -109.17793267952133 -1.7309632496990162 0 0 0
V 1 0.00057 5.6053583254767 -6.558956129091257 0 0 0
V 1 0.00055 1.7310491996500055 -8326.061594494702 0 0 0
V 1 0.00055 6.443165782231976 8331.321259416407 0 0 0
V 1 0.00053 -30.286701808820776 8311.418431247057 0 0 0
V 1 0.00053 6.368606148090724 -8362.47285331218 0 0 0
V 1 0.00053 11.079717944622322 8294.910000598928 0 0 0
V 1 0.00052 3.5360099627769985 -7230.98354655966 0 0 0
V 1 0.00052 18.696394964152002 -62.13315185934789 0 0 0
V 1 0.00052 11.97997251309946 16833.150889904453 0 0 0
V 1 0.00051 -6.760508699091896 -7056.32851231221 0 0 0
V 1 0.00051 13.361801118695679 8315.573514697371 0 0 0
V 1 0.00051 28.64488652670079 -16864.631119431157 0 0 0
V 1 0.00051 35.15650746018666 16869.233513090992 0 0 0
V 1 0.0005 3.792476765778903 8486.425781311307 0 0 0
V 1 0.00049 3.7130129571524115 -77.55226094745058 0 0 0
V 1 0.00049 12.331237792272692 7216.692699128814 0 0 0
V 1 0.00048 -3.7401886176637085 -7211.433034207111 0 0 0
V 1 0.00045 -25.712293118180263 -119.44470400891191 0 0 0
V 1 0.00045 6.428733260639155 -8815.018032074657 0 0 0
V 1 0.00043 12.78676176919119 12.619240695051303 0 0 0
V 1 0.00042 16.989064075730226 -13.117912258182514 0 0 0
V 1 0.00041 -16.11051682636131 8351.23333258336 0 0 0
V 1 0.00041 18.438311065843973 22756.81716029148 0 0 0
V 1 0.00039 -2.4849314388901744 -6443.78556145009 0 0 0
V 1 0.00038 0.4001162162930152 -7777.93610294085 0 0 0
V 1 0.00038 7.907903338371676 8322.132470826462 0 0 0
V 1 0.00038 18.693867696463997 23942.433395603763 0 0 0
V 1 0.00037 1.4179501847718488 627.5962302620995 0 0 0
V 1 0.00036 -6.7173974762818 -6691.693474724751 0 0 0
V 1 0.00035 -2.0799981100316245 -7161.09377015849 0 0 0
V 1 0.00035 -1.5999444086193737 7174.247965331659 0 0 0
V 1 0.00035 -7.270979469242888 -14991.998969608812 0 0 0
V 1 0.00035 16.00661495953325 -23869.14452374915 0 0 0
V 1 0.00035 41.511593720174616 23873.746917408986 0 0 0
V 1 0.00035 4.711111796531599 16657.38285391111 0 0 0
V 1 0.00034 -32.800453826888564 -17.272995708497547 0 0 0
V 1 0.00034 9.425889006391603 7371.797221023715 0 0 0
V 1 0.00034 2.886036022969768 -1185.6162353122845 0 0 0
V 1 0.00033 -63.58853252327256 55.35693379510212 0 0 0
V 1 0.00033 4.624861436115349 17913.986764248086 0 0 0
V 1 0.00032 14.011287354265669 7267.031963177435 0 0 0
V 1 0.00032 -6.382717700094961 -7214.7742213680185 0 0 0
V 1 0.00032 9.697391722870112 7213.351511967906 0 0 0
V 1 0.00032 -8.894964542385804 -15385.019939267764 0 0 0
V 1 0.00032 10.368966029317992 -2580.781932974538 0 0 0
V 1 0.00032 18.33588829259253 30943.533237197647 0 0 0
V 1 0.00031 -14.017996445482824 254.4314404766218 0 0 0
V 1 0.00031 -5.520521019596036 -6663.307542653258 0 0 0
V 1 0.00031 14.633866755504688 15545.38412608437 0 0 0
V 1 0.00031 8.82741433911308 -1114.6285602875923 0 0 0
V 1 0.0003 -17.65601349193455 -7253.877768004266 0 0 0
V 1 0.0003 -35.23015202552178 -0.9663981893309028 0 0 0
V 1 0.0003 -72.55768334172947 8344.233459414352 0 0 0
V 1 0.0003 7.597147819501367 15471.766618598824 0 0 0
V 1 0.00029 -6.111938029795361 -15540.124461162664 0 0 0
V 1 0.00029 7.141123015311949 -1324.1780226375613 0 0 0
V 1 0.00028 5.914486746510463 1097.7078803958946 0 0 0
V 1 0.00028 -77.26233166044216 -8313.149394496755 0 0 0
V 1 0.00028 5.16010578399379 8879.446750970259 0 0 0
V 1 0.00028 15.018532375411514 8157.839160341622 0 0 0
V 1 0.00027 -1.0537187829785661 -7806.322035012343 0 0 0
V 1 0.00027 16.69803485183011 2.2669902611480097 0 0 0
V 1 0.00027 4.012457156062467 -235.28661530320187 0 0 0
V 1 0.00026 0.486759734036855 469.4002954337392 0 0 0
V 1 0.00026 -9.076136156971536 -15020.384901680307 0 0 0
V 1 0.00026 -36.2817462194443 174.8016378040138 0 0 0
V 1 0.00025 16.023457574534852 21986.539855073606 0 0 0
V 1 0.00025 16.91191710311029 5471.132351211883 0 0 0
V 1 0.00024 -12.750298667187304 7134.433063995355 0 0 0
V 1 0.00023 -23.27922668818154 -8408.321229628162 0 0 0
V 1 0.00023 -18.56176957262139 8249.061624282947 0 0 0
V 1 0.00023 -66.72894153068228 7229.604899126762 0 0 0
V 1 0.00023 -86.03375273167723 -24.27286887750597 0 0 0
V 1 0.00023 -198.1094996330972 -0.6554960419070994 0 0 0
V 1 0.00023 7.230274426570988 -15.999509157885655 0 0 0
V 1 0.00023 13.008046010940708 25057.061955891353 0 0 0
V 1 0.00023 20.6483190106502 39900.52661932169 0 0 0
V 1 0.00023 29.66440648343098 29342.578071790955 0 0 0
V 1 0.00022 42.88747241491437 -0.3133757195682847 0 0 0
V 1 0.00022 8.426309755033484 6514.773236474783 0 0 0
V 1 0.00022 20.79386696410977 31085.508587247034 0 0 0
V 1 0.00021 2.9684759525408335 -8362.448471563826 0 0 0
V 1 0.00021 7.679587749072432 8294.934382347283 0 0 0
V 1 0.00021 29.748915110167417 8216.24659611565 0 0 0
V 1 0.00021 -31.14427749736599 -15622.384096296124 0 0 0
V 1 0.00021 -25.187425232912872 214.61653914031785 0 0 0
V 1 0.00021 -3.6159508620511414 -43.77083459082496 0 0 0
V 1 0.00021 5.880097718692008 315.4687087115035 0 0 0
V 1 0.00021 -0.9433797486852615 -7909.938934137035 0 0 0
V 1 0.00021 12.595146386959417 7632.815359486482 0 0 0
V 1 0.00021 10.927413606758856 6028.446631355677 0 0 0
V 1 0.00021 8.041377583789085 7214.062866667962 0 0 0
V 1 0.0002 -20.10491396192014 -15582.569194959822 0 0 0
V 1 0.0002 19.363375420600743 16799.369463547828 0 0 0
V 1 0.0002 -18.514652510787986 548.6777822895474 0 0 0
V 1 0.0002 -36.91084132791643 -159.25960534521573 0 0 0
V 1 0.0002 -31.034962202913928 803.1092227661693 0 0 0
V 1 0.0002 -84.5677109745694 1.0754672077937357 0 0 0
V 1 0.0002 39.199155829153085 14916.74790549128 0 0 0
V 1 0.0002 18.319052850554776 -14912.145511831444 0 0 0
V 1 0.0002 0.8571293882690121 9166.542844474012 0 0 0
V 1 0.0002 5.112216380611192 9027.981057148734 0 0 0
V 1 0.00019 3.645647296752961 8851.060818898764 0 0 0
V 1 0.00019 -40.80534929573563 469.04797961693976 0 0 0
V 1 0.00019 -21.60755821500083 22.541905627806727 0 0 0
V 1 0.00019 -9.231035910745945 17936.539929463226 0 0 0
V 1 0.00019 -85.23910867449547 -15527.21226116472 0 0 0
V 1 0.00019 -82.73542284288857 -7198.520834209164 0 0 0
V 1 0.00019 9.321446999914784 1179.0629089768604 0 0 0
V 1 0.00019 17.168760909447936 -7214.391502298893 0 0 0
V 1 0.00019 -0.15734299336126778 -16238.63036109259 0 0 0
V 1 0.00019 16.051425027271748 40110.076081671665 0 0 0
V 1 0.00018 -4.549324517319151 -15489.785197114044 0 0 0
V 1 0.00018 2.224273474023436 -8275.722330446082 0 0 0
V 1 0.00018 6.891632833267265 8381.660523465027 0 0 0
V 1 0.00018 6.096163509705384 1256.6151699243107 0 0 0
V 1 0.00018 -41.08928739320166 134.98673646771022 0 0 0
V 1 0.00018 11.787158589029659 15700.48864797927 0 0 0
V 1 0.00018 6.884181984293258 8251.139166008104 0 0 0
V 1 0.00018 12.127469154788077 7136.510605720512 0 0 0
V 1 0.00018 16.634806911992534 8393.125775644823 0 0 0
V 1 0.00018 6.695448882712347 80.18209340830163 0 0 0
V 1 0.00018 16.08275516757817 14428.125733335924 0 0 0
V 1 0.00018 15.996504807161921 15684.729643672901 0 0 0
V 1 0.00018 32.01996238169678 37671.26949874651 0 0 0
V 1 0.00017 16.245082102595337 15595.72339013299 0 0 0
V 1 0.00017 7.026751945524411 628.3075849621554 0 0 0
V 1 0.00017 11.597835180831659 8470.678036592273 0 0 0
V 1 0.00017 -35.6331870933191 -15328.1377544832 0 0 0
V 1 0.00017 -40.069919547685075 -15033.891412670273 0 0 0
V 1 0.00017 -19.7650703438769 842.9241241024733 0 0 0
V 1 0.00017 -52.22617137513562 95.17183513140571 0 0 0
V 1 0.00017 9.168318958128717 1414.3495242800623 0 0 0
V 1 0.00017 2.2291402862453786 -8406.243687903005 0 0 0
V 1 0.00017 14.807330756518699 -15543.082929254448 0 0 0
V 1 0.00017 33.323732740018805 7213.734231037031 0 0 0
V 1 0.00017 35.60119772062847 15542.425657992586 0 0 0
V 1 0.00017 15.126440124217368 -1.12925527518928 0 0 0
V 1 0.00017 14.395655523913689 24709.29713809753 0 0 0
V 1 0.00017 18.780118056880248 22685.829485266786 0 0 0
V 1 0.00016 22.13150017178106 6.033474979678658 0 0 0
V 1 0.00016 -42.80865938003081 -8295.87639878826 0 0 0
V 1 0.00016 13.14088861971409 16640.462174019412 0 0 0
V 1 0.00016 23.69965014455206 18684.292218434293 0 0 0
V 1 0.00016 19.673559725592426 8550.860130000576 0 0 0
V 1 0.00016 16.751211422179487 33037.988565053085 0 0 0
V 1 0.00015 8.57984231754957 16833.175271652806 0 0 0
V 1 0.00015 -28.21062340697743 -8448.136130964467 0 0 0
V 1 0.00015 -23.49951161044583 8209.246722946642 0 0 0
V 1 0.00015 -50.446119580356076 -15702.013898968733 0 0 0
V 1 0.00015 14.423376292153474 8235.39142128907 0 0 0
V 1 0.00015 -3.7986896617804824 -7291.615127615412 0 0 0
V 1 0.00015 10.537614940312181 1807.3704939390157 0 0 0
V 1 0.00015 10.798213725184901 1572.083878635814 0 0 0
V 1 0.00015 4.828692297254275 -10281.171404761604 0 0 0
V 1 0.00014 -26.686633031501408 -15916.63043810905 0 0 0
V 1 0.00014 -10.869717224877093 -6919.816524855037 0 0 0
V 1 0.00014 -28.874377646399097 -7293.692669340569 0 0 0
V 1 0.00014 24.673466503458066 9138.800522890733 0 0 0
V 1 0.00014 -64.40112100862576 15558.296326082314 0 0 0
V 1 0.00014 14.544729904848866 7607.083836326915 0 0 0
V 1 0.00014 0.3425671350610964 -470.57323060640374 0 0 0
V 1 0.00014 15.32798459317636 3772.4753422337835 0 0 0
V 1 0.00014 21.57966849467157 4087.944050945286 0 0 0
V 1 0.00014 32.480251112903126 -31.480229526707262 0 0 0
V 1 0.00014 18.296833623904405 -8310.6424854066 0 0 0
V 1 0.00014 2.2261803576414243 10213.597292461018 0 0 0
V 1 0.00013 -10.440407388937759 15463.12449095091 0 0 0
V 1 0.00013 10.36566055490185 8258.801650554386 0 0 0
V 1 0.00013 5.3228894384179775 16759.554562211524 0 0 0
V 1 0.00013 -5.096135759295571 8391.048233919666 0 0 0
V 1 0.00013 15.457270940446158 9727.293206516584 0 0 0
V 1 0.00013 -24.225061230387873 1137.170465915399 0 0 0
V 1 0.00013 -59.2841405321037 -238.88940801782383 0 0 0
V 1 0.00013 -64.52438382491806 683.6645187572576 0 0 0
V 1 0.00013 -13.62594120052201 18230.786271276153 0 0 0
V 1 0.00013 -75.57311105180085 643.849617420954 0 0 0
V 1 0.00013 7.22192639817327 943.7762936736585 0 0 0
V 1 0.00013 36.843599930887294 6588.056478535727 0 0 0
V 1 0.00013 -4.8684547898928665 -32896.013215003695 0 0 0
V 1 0.00013 13.71102685647718 13029.546472949565 0 0 0
V 1 0.00013 15.108045278586484 32200.137147534624 0 0 0
V 1 0.00013 21.70927926005814 20871.911294786012 0 0 0
V 1 0.00013 23.106297682167444 40042.50196937108 0 0 0
V 1 0.00012 -31.566611805748405 -8256.061497451956 0 0 0
V 1 0.00012 7.469503470816601 15837.000635436441 0 0 0
V 1 0.00012 9.337668566312257 7736.432258611174 0 0 0
V 1 0.00012 -6.6016924647763 -6586.466636405863 0 0 0
V 1 0.00012 -32.39657572700465 -7627.753912489799 0 0 0
V 1 0.00012 -40.73608099233498 -628.659900778955 0 0 0
V 1 0.00012 -32.6940232537364 6585.402965889007 0 0 0
V 1 0.00012 -43.56112806450463 -7667.568813826105 0 0 0
V 1 0.00012 6.27224101517421 8430.863135255968 0 0 0
V 1 0.00012 15.383243089705067 17093.615805360754 0 0 0
V 1 0.00012 -45.50447187406276 -16657.73516972791 0 0 0
V 1 0.00012 -36.08224287047888 16657.03053809431 0 0 0
V 1 0.00012 10.819243146145855 17387.862147173677 0 0 0
V 1 0.00012 -42.567904341042194 -6586.107597522606 0 0 0
V 1 0.00012 -34.50353431328611 627.9552691453559 0 0 0
V 1 0.00012 -5.869875993093924 9019.35581888182 0 0 0
V 1 0.00012 -1.061770511628822 17976.35483079953 0 0 0
V 1 0.00012 -35.84420031565166 8271.603529910753 0 0 0
V 1 0.00012 -17.981509212419077 18525.03261308908 0 0 0
V 1 0.00012 -22.431367764490517 18819.278954902005 0 0 0
V 1 0.00012 -1.0316255428717644 -863.5942002653571 0 0 0
V 1 0.00012 1.8132812725790226 -5564.426727084698 0 0 0
V 1 0.00012 9.12298272593214 -111.33368730407574 0 0 0
V 1 0.00012 22.54676108690485 10593.517239242792 0 0 0
V 1 0.00012 9.875533415331127 1887.552587347317 0 0 0
V 1 0.00012 -1.5566384411471539 -14518.795906541556 0 0 0
V 1 0.00012 12.375258047473782 2673.594526665225 0 0 0
V 1 0.00012 4.473883807373909 -6267.656740533454 0 0 0
V 1 0.00012 -9.465348773271323 -32686.46375265373 0 0 0
V 1 0.00012 7.0548726548957 -67.57411230058642 0 0 0
V 1 0.00012 26.377265876381614 38157.59610386561 0 0 0
V 1 0.00011 4.71238898038469 0 0 0 0
V 1 0.00011 -30.579740281693315 -16250.69168125828 0 0 0
V 1 0.00011 -18.719519730983457 -8702.567571441088 0 0 0
V 1 0.00011 -0.04171711222365193 294.2463418129257 0 0 0
V 1 0.00011 -3.938487595003549 -6585.755281705807 0 0 0
V 1 0.00011 8.809926547057664 19.187670152846778 0 0 0
V 1 0.00011 27.752756698456814 1964.552557559074 0 0 0
V 1 0.00011 16.572181713467266 8364.739843573328 0 0 0
V 1 0.00011 -53.53516839189549 -23871.79803639587 0 0 0
V 1 0.00011 -28.03017305062622 23871.093404762272 0 0 0
V 1 0.00011 7.42308446224114 2513.2303398486215 0 0 0
V 1 0.00011 0.9919214720755569 9353.41706203105 0 0 0
V 1 0.00011 -28.062601666354237 16640.109858202613 0 0 0
V 1 0.00011 -7.8667166901277525 9941.909745656902 0 0 0
V 1 0.00011 -75.16358488964595 -14859.089774866261 0 0 0
V 1 0.00011 -37.95197288209315 2019.9094913541762 0 0 0
V 1 0.00011 -1.884248146309597 -6821.041897009009 0 0 0
V 1 0.00011 6.571525490423218 -269.06804165982714 0 0 0
V 1 0.00011 6.7526071336738624 -7307.3628723344455 0 0 0
V 1 0.00011 16.275566478259826 8000.1048059858695 0 0 0
V 1 0.00011 13.67910052207328 281.6872823548779 0 0 0
V 1 0.00011 12.250584403637554 2200.3914635979695 0 0 0
V 1 0.00011 18.22455615397994 9572.188684621684 0 0 0
V 1 0.00011 -0.3354137492419369 -14125.774936882603 0 0 0
V 1 0.00011 29.128794797074512 82.48329023822043 0 0 0
V 1 0.00011 38.850877990257295 48.70186388159527 0 0 0
V 1 0.00011 -0.9002545684771368 -8538.240889305524 0 0 0
V 1 0.00011 11.065389736656204 34152.61712534068 0 0 0
V 1 0.00011 5.198466741027443 7771.377146811758 0 0 0
V 1 0.00011 10.841163246342605 7285.0505416926535 0 0 0
V 1 0.00011 18.35206070542772 24013.421070628458 0 0 0
V 1 0.0001 32.87891908062948 12.066949959357316 0 0 0
V 1 0.0001 46.99900913598763 9218.43032556334 0 0 0
V 1 0.0001 1.7261182171983445 -7700.383841993399 0 0 0
V 1 0.0001 28.479351887848747 8510.492937928577 0 0 0
V 1 0.0001 -2.0903848325122074 -6116.354986272067 0 0 0
V 1 0.0001 30.164803108904515 17467.491949846288 0 0 0
V 1 0.0001 -39.44106766214036 -787.5671903073712 0 0 0
V 1 0.0001 -30.340092257004198 14914.094392844563 0 0 0
V 1 0.0001 -26.725421454333052 -6665.385084378415 0 0 0
V 1 0.0001 -15.878377830421108 -8.636497854248773 0 0 0
V 1 0.0001 -43.726708883023356 -493.3208484944453 0 0 0
V 1 0.0001 -19.3377513688967 16051.617174576759 0 0 0
V 1 0.0001 -44.92717604528549 -14914.799024478161 0 0 0
V 1 0.0001 -4.857325724873164 17642.293587650303 0 0 0
V 1 0.0001 -3.4208535457799805 9647.663403843975 0 0 0
V 1 0.0001 -40.35324643719811 1391.6019063920207 0 0 0
V 1 0.0001 -33.11492612543616 1725.6631495412503 0 0 0
V 1 0.0001 -96.98770456591944 -64.08777021380956 0 0 0
V 1 0.0001 -90.77312613607137 -14604.658334389636 0 0 0
V 1 0.0001 -108.62154293762558 -14978.534478875172 0 0 0
V 1 0.0001 -101.9212051834264 -14644.473235725942 0 0 0
V 1 0.0001 -26.783010007301073 19113.52529671493 0 0 0
V 1 0.0001 -159.03248079390553 -17.163926690034714 0 0 0
V 1 0.0001 -3.4686950605761506 -13893.118154040254 0 0 0
V 1 0.0001 14.81847506635916 15465.202032676067 0 0 0
V 1 0.0001 9.288496558714172 -6521.320933016539 0 0 0
V 1 0.0001 20.687175907838945 10278.048530531289 0 0 0
V 1 0.0001 7.39349607932191 -7384.9151332818965 0 0 0
V 1 0.0001 -3.0133883705560622 -13970.670414987704 0 0 0
V 1 0.0001 6.23352916095496 -7227.180778926145 0 0 0
V 1 0.0001 15.087244266586112 8943.881099659528 0 0 0
V 1 0.0001 19.501502751183104 9965.209654280636 0 0 0
V 1 0.0001 7.5890710096940595 -10591.216042412874 0 0 0
V 1 0.0001 13.740219736006937 -8313.272317867453 0 0 0
V 1 0.0001 16.711962568110312 -9254.41877908026 0 0 0
V 1 0.0001 30.95150003186679 8173.2582694297225 0 0 0
V 1 0.0001 20.690595790235925 -6583.45408487589 0 0 0
V 1 0.0001 9.379098412855072 33943.0676629907 0 0 0
V 1 0.0001 27.308850585165178 21013.886644835402 0 0 0
V 1 0.00009 1.187327942347157 -8307.361517411755 0 0 0
V 1 0.00009 5.898439738878755 8350.021336499354 0 0 0
V 1 0.00009 -6.500290858023555 -16658.094208611165 0 0 0
V 1 0.00009 2.9219384946261737 16656.671499211054 0 0 0
V 1 0.00009 -5.025310451499245 -23243.138135616915 0 0 0
V 1 0.00009 15.316860415272489 7842.370451630118 0 0 0
V 1 0.00009 12.640736101662055 16171.061878585671 0 0 0
V 1 0.00009 9.370147371261536 8.878392730974738 0 0 0
V 1 0.00009 -16.32687403650281 -8074.259986478933 0 0 0
V 1 0.00009 -14.509459237533548 -14954.261609997666 0 0 0
V 1 0.00009 -4.445940730778007 -14445.046413227621 0 0 0
V 1 0.00009 23.39642718447483 17133.430706697058 0 0 0
V 1 0.00009 -18.978878218130866 -14660.01526818474 0 0 0
V 1 0.00009 -0.7567712096410943 8096.801892106739 0 0 0
V 1 0.00009 8.341483169498387 1884.922754886466 0 0 0
V 1 0.00009 25.696997161601892 17761.738291659214 0 0 0
V 1 0.00009 -39.182757557768156 -8487.95103230077 0 0 0
V 1 0.00009 -34.47164576123656 8169.431821610339 0 0 0
V 1 0.00009 -29.827166008290412 508.8628809532436 0 0 0
V 1 0.00009 -44.46818895959436 -14739.645070857348 0 0 0
V 1 0.00009 -22.798177905137408 8017.172089434131 0 0 0
V 1 0.00009 -23.79554872560376 16345.863516389685 0 0 0
V 1 0.00009 10.134348912852536 3141.537924810777 0 0 0
V 1 0.00009 -63.02904051593636 -15447.58245849211 0 0 0
V 1 0.00009 -36.677697489978364 -5782.646058939637 0 0 0
V 1 0.00009 -91.23558027696697 -16489.581089276104 0 0 0
V 1 0.00009 -21.60149237418792 9273.787259358442 0 0 0
V 1 0.00009 -5.505568582405637 18270.601172612456 0 0 0
V 1 0.00009 -44.309523433344594 1685.8482482049467 0 0 0
V 1 0.00009 -104.59099772472064 -15606.842063837325 0 0 0
V 1 0.00009 -102.91813043311568 -7214.160908250372 0 0 0
V 1 0.00009 -86.83537526553751 7213.964825085552 0 0 0
V 1 0.00009 -113.0756962213874 -14684.288137062245 0 0 0
V 1 0.00009 -75.60247958984773 -12679.920678166869 0 0 0
V 1 0.00009 -80.05798131498965 -12385.674336353943 0 0 0
V 1 0.00009 -235.03019746885417 -1.6218942312352738 0 0 0
V 1 0.00009 -8.314977332174639 -15778.04090892672 0 0 0
V 1 0.00009 7.036790739382047 393.0209696589535 0 0 0
V 1 0.00009 7.858008496458261 9350.019981576663 0 0 0
V 1 0.00009 8.793611774211886 2906.2513095075747 0 0 0
V 1 0.00009 -2.1944520052914847 -22457.09619629901 0 0 0
V 1 0.00009 11.990666891166834 752.2605129612817 0 0 0
V 1 0.00009 10.214664622698619 3299.2722791665283 0 0 0
V 1 0.00009 -6.3970251892090495 -7526.901742918614 0 0 0
V 1 0.00009 4.189593074180413 -8013.222718244051 0 0 0
V 1 0.00009 8.900704870712014 8644.160135667058 0 0 0
V 1 0.00009 17.46627010704942 16486.530587297173 0 0 0
V 1 0.00009 16.923232904300363 17114.83817225933 0 0 0
V 1 0.00009 20.455766226088297 18371.453342183642 0 0 0
V 1 0.00009 7.539428700294295 9037.181105326012 0 0 0
V 1 0.00009 19.025253010195684 16879.551556956132 0 0 0
V 1 0.00009 18.557186774531893 17507.859141918285 0 0 0
V 1 0.00009 21.815786306896186 18764.474311842598 0 0 0
V 1 0.00009 3.5847898162724476 -5484.244633676397 0 0 0
V 1 0.00009 10.690569845242527 -5970.565609001834 0 0 0
V 1 0.00009 20.225293945698155 17900.880111577237 0 0 0
V 1 0.00009 15.422794158297096 -4949.237054380725 0 0 0
V 1 0.00009 11.406259088821749 2280.5735570062698 0 0 0
V 1 0.00009 17.114644475514808 4165.496311892736 0 0 0
V 1 0.00009 29.44511147904806 20964.865775440565 0 0 0
V 1 0.00009 16.276749781482714 3301.90211162738 0 0 0
V 1 0.00009 -4.4817245446253295 -15224.655752451163 0 0 0
V 1 0.00009 17.50090582901278 -8155.537963511702 0 0 0
V 1 0.00009 18.357821100483086 3146.7975897324795 0 0 0
V 1 0.00009 26.36043043434387 -7698.082645163482 0 0 0
V 1 0.00009 22.1259125079863 -8075.355870103398 0 0 0
V 1 0.00009 13.368788631961884 -10037.830885937316 0 0 0
V 1 0.00009 8.411152027562254 25266.611418241322 0 0 0
V 1 0.00009 13.738994309214071 31153.082699547616 0 0 0
V 1 0.00009 10.396933482054886 15542.754293623517 0 0 0
V 1 0.00008 3.4519036006901134 -6880.001623518732 0 0 0
V 1 0.00008 40.293225256390514 8884.36908241411 0 0 0
V 1 0.00008 -14.026487276574493 7954.81528247002 0 0 0
V 1 0.00008 5.1918639766257995 -8362.47285331218 0 0 0
V 1 0.00008 5.640043434100754 -33.781426356625275 0 0 0
V 1 0.00008 9.902975773157399 8294.910000598928 0 0 0
V 1 0.00008 -8.946175296135749 -14915.158063361418 0 0 0
V 1 0.00008 3.79352256609707 8956.287657217654 0 0 0
V 1 0.00008 18.87186492622901 8176.431694779348 0 0 0
V 1 0.00008 35.859532467449824 9178.615424227037 0 0 0
V 1 0.00008 34.519619771490866 2298.6138007083036 0 0 0
V 1 0.00008 -44.643794681428496 -1415.8747752695265 0 0 0
V 1 0.00008 -38.57417500244061 -16290.506582594584 0 0 0
V 1 0.00008 -34.75258069848699 -15956.445339445354 0 0 0
V 1 0.00008 14.732375632999084 141.9866096367184 0 0 0
V 1 0.00008 -73.43112370922569 -17666.566456527806 0 0 0
V 1 0.00008 -45.77408742128984 -15996.26024078166 0 0 0
V 1 0.00008 -65.12809842163323 -8375.506201460867 0 0 0
V 1 0.00008 -12.96909099012938 1176.9853672517029 0 0 0
V 1 0.00008 -7.277328552898155 62.35680696411055 0 0 0
V 1 0.00008 -49.40589188085719 -7079.076130200252 0 0 0
V 1 0.00008 -38.93834236233435 -6410.953643901793 0 0 0
V 1 0.00008 -13.876676335472972 1805.2929522138584 0 0 0
V 1 0.00008 -48.95644196268287 -14445.39872904442 0 0 0
V 1 0.00008 -37.452940088313056 -7231.33586237646 0 0 0
V 1 0.00008 3.2978052786432386 9981.724646993205 0 0 0
V 1 0.00008 -53.586342586669915 723.4794200935612 0 0 0
V 1 0.00008 -95.68706215977569 -16195.33474746318 0 0 0
V 1 0.00008 -100.13881997913916 -15901.088405650251 0 0 0
V 1 0.00008 -55.57290502480649 -13228.598460456415 0 0 0
V 1 0.00008 -10.037394275055327 10864.463672431983 0 0 0
V 1 0.00008 -104.16782458991335 -15272.780820688095 0 0 0
V 1 0.00008 -106.04437550498469 2.03552146883095 0 0 0
V 1 0.00008 -109.04341248601455 -15312.5957220244 0 0 0
V 1 0.00008 -77.81394476400621 1566.403544196035 0 0 0
V 1 0.00008 -106.3778199050323 -14350.226893913015 0 0 0
V 1 0.00008 -11.249765380770889 -8705.964651895474 0 0 0
V 1 0.00008 -3.4102404870627416 -14756.71235430561 0 0 0
V 1 0.00008 7.740916959955095 786.041939317907 0 0 0
V 1 0.00008 -5.513790013055172 -14128.404769343453 0 0 0
V 1 0.00008 19.794491296197435 9885.027560872335 0 0 0
V 1 0.00008 29.41755040751368 27799.025584707753 0 0 0
V 1 0.00008 15.037765046084608 16721.817202600378 0 0 0
V 1 0.00008 14.841270336068755 4320.600833787637 0 0 0
V 1 0.00008 18.081491316808204 8786.146745303777 0 0 0
V 1 0.00008 2.7680164762379924 -7620.201748585097 0 0 0
V 1 0.00008 1.8674392274587213 -5877.26560333535 0 0 0
V 1 0.00008 -5.230964956559033 -15069.551230556262 0 0 0
V 1 0.00008 8.261415720860466 473.20306306725433 0 0 0
V 1 0.00008 13.728537242546984 -5342.258024039678 0 0 0
V 1 0.00008 -3.7141045277120988 -14676.530260897307 0 0 0
V 1 0.00008 8.52810850307025 1494.5316176883634 0 0 0
V 1 0.00008 14.2280613314823 3379.45437257483 0 0 0
V 1 0.00008 8.337501974330191 630.937417423007 0 0 0
V 1 0.00008 -7.345352245670984 -16010.697691769068 0 0 0
V 1 0.00008 7.205720435746528 -5168.7759249648925 0 0 0
V 1 0.00008 6.198316553423169 -10984.237012071826 0 0 0
V 1 0.00008 -5.912917407000297 -15617.676722110116 0 0 0
V 1 0.00008 0.8000086367730681 -13732.75396722365 0 0 0
V 1 0.00008 4.849096245298416 -12711.425412602543 0 0 0
V 1 0.00008 -3.0506768936441233 -14831.634782792209 0 0 0
V 1 0.00008 5.896753892677815 -5874.635770874498 0 0 0
V 1 0.00008 -1.620275363552011 -14438.613813133255 0 0 0
V 1 0.00008 18.54217078932165 4245.678405301038 0 0 0
V 1 0.00008 9.385609305403513 -11532.36250362568 0 0 0
V 1 0.00008 15.340981819599897 -9647.439748739214 0 0 0
V 1 0.00008 15.96381059740943 -8390.824578814903 0 0 0
V 1 0.00008 19.779812761574462 3539.8185593914313 0 0 0
V 1 0.00008 26.70223025241629 -7769.07594998184 0 0 0
V 1 0.00008 26.289330628434993 -25193.322546386713 0 0 0
V 1 0.00008 37.512063358452465 25197.92494004655 0 0 0
V 1 0.00008 37.09916373447116 7773.678343641675 0 0 0
V 1 0.00008 22.749150562645028 -7447.0482851412435 0 0 0
V 1 0.00008 21.93397835823817 8346.74036850451 0 0 0
V 1 0.00008 34.238493170423816 8411.174717193775 0 0 0
V 1 0.00008 42.3743009502041 14.920437524968293 0 0 0
V 1 0.00008 45.92416946050557 20.350138378871634 0 0 0
V 1 0.00008 -7.152918055213648 -23729.470370529685 0 0 0
V 1 0.00008 11.35547095821138 4700.855045994011 0 0 0
V 1 0.00008 6.55810880126353 -10699.923897580122 0 0 0
V 1 0.00008 11.383438410948273 22824.391272592064 0 0 0
V 1 0.00008 9.582929273993997 5747.909493981017 0 0 0
V 1 0.00008 28.68969659443929 47114.58948598965 0 0 0
V 1 0.00007 10.688047594503457 15542.754293623517 0 0 0
V 1 0.00007 -4.679761893959008 -7192.732957124163 0 0 0
V 1 0.00007 11.400885788547379 7235.392776211762 0 0 0
V 1 0.00007 2.51049761547622 105.9381930189441 0 0 0
V 1 0.00007 10.756717532132235 8662.752670104785 0 0 0
V 1 0.00007 12.66126258200077 668.1224862984593 0 0 0
V 1 0.00007 52.4824189795703 17547.121752518895 0 0 0
V 1 0.00007 -10.980421403915013 -373.8761444855336 0 0 0
V 1 0.00007 0.5068443008389938 15502.939392287211 0 0 0
V 1 0.00007 -7.516660778245708 -6744.662571234223 0 0 0
V 1 0.00007 10.014653820513692 -139.71961937556938 0 0 0
V 1 0.00007 5.7071032861505016 8956.99901191771 0 0 0
V 1 0.00007 11.107685295548341 -2.142239390953229 0 0 0
V 1 0.00007 5.1144912692775515 681.2766814716274 0 0 0
V 1 0.00007 -0.9048409965121111 -7701.095196693455 0 0 0
V 1 0.00007 8.985501676809156 72.15676666231883 0 0 0
V 1 0.00007 17.559837355729158 1296.4300712606146 0 0 0
V 1 0.00007 -51.977472693507174 -16958.629068893042 0 0 0
V 1 0.00007 9.550068238011544 16465.308220398598 0 0 0
V 1 0.00007 5.492107225228333 1044.7387838864224 0 0 0
V 1 0.00007 31.390325020757857 9472.861766039961 0 0 0
V 1 0.00007 -56.30387311201077 -16664.38272708012 0 0 0
V 1 0.00007 -14.892799984550166 15757.370832763836 0 0 0
V 1 0.00007 -29.129564177381724 -14994.07651133397 0 0 0
V 1 0.00007 0.7790934560958913 102.17170830041437 0 0 0
V 1 0.00007 12.09727856065182 2218.9839980356955 0 0 0
V 1 0.00007 -46.46744023504458 1114.2762444707928 0 0 0
V 1 0.00007 -35.095770509526304 -1114.9808761043919 0 0 0
V 1 0.00007 -23.28153343216107 -14365.768926371813 0 0 0
V 1 0.00007 5.290822133818878 9059.170720218124 0 0 0
V 1 0.00007 -54.84979865521417 -533.1357498307493 0 0 0
V 1 0.00007 -46.931331680274326 -8193.704690487844 0 0 0
V 1 0.00007 -42.22021988374273 8463.678163423265 0 0 0
V 1 0.00007 -29.61497954552774 -7191.520961040156 0 0 0
V 1 0.00007 -10.333097462863968 17013.986002688143 0 0 0
V 1 0.00007 3.5581656636604784 17682.108488986603 0 0 0
V 1 0.00007 -94.27947042504132 -8789.197247282704 0 0 0
V 1 0.00007 -82.07298293243522 -126.44457717792011 0 0 0
V 1 0.00007 -83.21647253471595 -16449.7661879398 0 0 0
V 1 0.00007 -14.791580559434145 17308.232344501073 0 0 0
V 1 0.00007 -74.14674210766043 -15487.397359828414 0 0 0
V 1 0.00007 -32.69064192895932 16934.356200015536 0 0 0
V 1 0.00007 1.2026055256020776 18604.662415761682 0 0 0
V 1 0.00007 7.9114107446673145 18938.723658910912 0 0 0
V 1 0.00007 -3.1490751144520246 18898.90875757461 0 0 0
V 1 0.00007 3.462315425077776 19232.97000072384 0 0 0
V 1 0.00007 -104.49149910087196 -7906.458221843927 0 0 0
V 1 0.00007 -69.24136432087552 977.9108605701831 0 0 0
V 1 0.00007 -42.443433625813896 2314.155833167102 0 0 0
V 1 0.00007 -71.17007556695897 1900.464787345265 0 0 0
V 1 0.00007 -50.913726968668634 17777.28032411801 0 0 0
V 1 0.00007 -82.35090308480154 -13013.981921316097 0 0 0
V 1 0.00007 -31.315521593160433 19407.771638527855 0 0 0
V 1 0.00007 -181.68911831965787 -96.79372936264372 0 0 0
V 1 0.00007 -10.30458634147104 -9334.27223685763 0 0 0
V 1 0.00007 -4.207086433157404 -8077.65706693332 0 0 0
V 1 0.00007 3.9126911211561137 8302.95427400232 0 0 0
V 1 0.00007 -6.396800442046201 -15149.733323964563 0 0 0
V 1 0.00007 22.972750711498097 17820.698018168936 0 0 0
V 1 0.00007 -10.407829557303454 -16641.635109192077 0 0 0
V 1 0.00007 -4.07100885903952 -7684.636097274366 0 0 0
V 1 0.00007 17.696771687784643 9256.71997591018 0 0 0
V 1 0.00007 0.6478223701910908 -7220.621822797053 0 0 0
V 1 0.00007 13.889052629308296 1145.281482620235 0 0 0
V 1 0.00007 11.700515088593667 3692.293248825482 0 0 0
V 1 0.00007 -0.3296542016408903 -6270.286572994304 0 0 0
V 1 0.00007 14.012947577190904 8819.928171660402 0 0 0
V 1 0.00007 13.50735748192729 17148.619598615955 0 0 0
V 1 0.00007 2.000566653409927 -5013.671403069993 0 0 0
V 1 0.00007 2.5541080630540947 -1804.7406614781648 0 0 0
V 1 0.00007 9.71224247199079 1336.7972633326126 0 0 0
V 1 0.00007 10.437906888055496 -8316.072186260502 0 0 0
V 1 0.00007 15.149018684587096 8341.310667650607 0 0 0
V 1 0.00007 12.603770287334694 1965.1048482947676 0 0 0
V 1 0.00007 -8.616251331121198 -24654.857827436128 0 0 0
V 1 0.00007 8.299736556362237 8349.354941053998 0 0 0
V 1 0.00007 7.334683941949972 1729.8182329915653 0 0 0
V 1 0.00007 -0.3204159967106843 -13184.628475669797 0 0 0
V 1 0.00007 -2.944789028586648 -6976.14641890391 0 0 0
V 1 0.00007 6.244078643872532 -6205.852224305036 0 0 0
V 1 0.00007 11.070895995967545 10451.530629606073 0 0 0
V 1 0.00007 -5.500671847095447 -139.35677717586805 0 0 0
V 1 0.00007 -2.7113262921840438 -14283.509291238355 0 0 0
V 1 0.00007 4.971904044849323 -11377.257981730781 0 0 0
V 1 0.00007 33.72047979143758 21593.173360402718 0 0 0
V 1 0.00007 1.6303113356970655 -7053.698679851359 0 0 0
V 1 0.00007 19.400067450121924 5186.824866513846 0 0 0
V 1 0.00007 2.7315516314258907 -4775.75495530594 0 0 0
V 1 0.00007 20.7489751941153 5579.845836172799 0 0 0
V 1 0.00007 9.223353001824961 -10198.19507275392 0 0 0
V 1 0.00007 23.548302766402628 8344.110536043656 0 0 0
V 1 0.00007 7.19911995845343 -12946.712027905742 0 0 0
V 1 0.00007 22.949068673011375 4480.965020604241 0 0 0
V 1 0.00007 8.636558656089584 -12553.69105824679 0 0 0
V 1 0.00007 7.537380839305868 -11925.383473284634 0 0 0
V 1 0.00007 8.893377954513866 -4460.286246594436 0 0 0
V 1 0.00007 19.715832466583223 4638.699374959993 0 0 0
V 1 0.00007 23.30336983029389 -8954.697815087791 0 0 0
V 1 0.00007 30.89501787927871 7702.685038823318 0 0 0
V 1 0.00007 10.320793274009961 -22754.515963461563 0 0 0
V 1 0.00007 21.692436645056535 -24983.773084036744 0 0 0
V 1 0.00007 35.82577203465134 24988.37547769658 0 0 0
V 1 0.00007 47.19741540569791 22759.11835712139 0 0 0
V 1 0.00007 34.213134884465255 8959.300208747627 0 0 0
V 1 0.00007 26.57309566404598 -8344.423911763226 0 0 0
V 1 0.00007 18.687007175438886 -7.688211404280082 0 0 0
V 1 0.00007 32.398576801776024 -75.2510641175304 0 0 0
V 1 0.00007 35.878859026413195 -4.257759299171084 0 0 0
V 1 0.00007 35.84161316329297 9274.768917459132 0 0 0
V 1 0.00007 14.793767598600972 -9644.809916278364 0 0 0
V 1 0.00007 20.973250367382533 -294.789934701701 0 0 0
V 1 0.00007 40.19762993880455 8336.252288707175 0 0 0
V 1 0.00007 66.30622408970716 -0.8120472826958576 0 0 0
V 1 0.00007 4.553768803170331 418.7524928185194 0 0 0
V 1 0.00007 8.956789879737455 -2999.5344257930556 0 0 0
V 1 0.00007 4.159427722789607 -18400.31336936719 0 0 0
V 1 0.00007 2.4731363989884763 -18609.86283171716 0 0 0
V 1 0.00007 11.895359992051674 14704.902876105061 0 0 0
V 1 0.00007 17.420475996644157 41157.130529658665 0 0 0
V 1 0.00007 12.666239019904435 25128.049630916044 0 0 0
V 1 0.00007 16.381436978406324 14985.44001347972 0 0 0
V 1 0.00007 24.064835158323937 29200.60272174157 0 0 0
V 1 0.00007 16.82566674269404 6727.73626154886 0 0 0
V 1 0.00007 1.5830390310445737 1290.3965962809361 0 0 0
V 1 0.00007 9.62441661483366 8504.459462948898 0 0 0
V 1 0.00006 4.800711452363626 -662.0890113187806 0 0 0
V 1 0.00006 -6.998958918714337 -15521.424384079717 0 0 0
V 1 0.00006 25.462969525049235 16210.876779921977 0 0 0
V 1 0.00006 24.40725986123418 -112.44483083990337 0 0 0
V 1 0.00006 32.262705016812234 1670.3062157461482 0 0 0
V 1 0.00006 -47.522742229361725 -17252.87541070597 0 0 0
V 1 0.00006 -23.41784830187431 -1041.9986307839927 0 0 0
V 1 0.00006 -24.27839803495559 -7587.939011153496 0 0 0
V 1 0.00006 -5.93768368648804 15168.878149137983 0 0 0
V 1 0.00006 -9.872216327445656 -15073.353998189777 0 0 0
V 1 0.00006 5.6459119329107255 576.0498431527392 0 0 0
V 1 0.00006 13.215398974289984 -486.32097532543696 0 0 0
V 1 0.00006 -0.14396388084948963 574.6271337526274 0 0 0
V 1 0.00006 20.317770784462148 181.80151097302235 0 0 0
V 1 0.00006 48.033230459398695 17841.368094331818 0 0 0
V 1 0.00006 -68.97895661015262 -17960.812798340732 0 0 0
V 1 0.00006 -25.091679590554758 7915.000381133717 0 0 0
V 1 0.00006 -24.510479024635693 -15288.322853146894 0 0 0
V 1 0.00006 -22.232699710227738 -6959.63142619134 0 0 0
V 1 0.00006 -11.570342140583163 8583.122867432177 0 0 0
V 1 0.00006 -15.388122361590131 -6625.57018304211 0 0 0
V 1 0.00006 8.166112501141775 -192.07463351251124 0 0 0
V 1 0.00006 6.093288297928878 -8345.61210684725 0 0 0
V 1 0.00006 12.147131715521493 8364.028488873273 0 0 0
V 1 0.00006 12.985649925326054 1590.6764130735405 0 0 0
V 1 0.00006 20.934121538636383 8804.739279741503 0 0 0
V 1 0.00006 -39.43080421008319 -8329.657825144885 0 0 0
V 1 0.00006 -30.154295049437486 7875.185479797412 0 0 0
V 1 0.00006 15.932532244221678 8330.958417216701 0 0 0
V 1 0.00006 23.343835331471055 9433.046864703658 0 0 0
V 1 0.00006 -66.05925912972762 -46.81477450531247 0 0 0
V 1 0.00006 -60.72808701778388 -16370.136385267191 0 0 0
V 1 0.00006 -32.48740446391267 -8153.889789151541 0 0 0
V 1 0.00006 -27.77629266738107 8503.493064759568 0 0 0
V 1 0.00006 3.9865885056267363 2179.169096699392 0 0 0
V 1 0.00006 19.245360625624816 18055.984633472137 0 0 0
V 1 0.00006 -48.654286915178844 -199.07450668151932 0 0 0
V 1 0.00006 -54.95994130792045 -15407.767557155807 0 0 0
V 1 0.00006 -18.81171325137112 -5408.769914454104 0 0 0
V 1 0.00006 -0.38051824195338213 17348.047245837373 0 0 0
V 1 0.00006 -0.3016382460101621 2473.4154385123175 0 0 0
V 1 0.00006 -29.96930888100558 -5448.584815790408 0 0 0
V 1 0.00006 -18.26415542381473 2099.539294026784 0 0 0
V 1 0.00006 -10.4763581233113 9313.602160694745 0 0 0
V 1 0.00006 -87.66829859645316 -16155.519846126874 0 0 0
V 1 0.00006 -53.221836666111024 -14151.152387231496 0 0 0
V 1 0.00006 -25.30106128535665 8939.726016209213 0 0 0
V 1 0.00006 -1.1561277445669802 10275.970988806132 0 0 0
V 1 0.00006 -92.12050252197342 -15861.27350431395 0 0 0
V 1 0.00006 -78.71479749826958 -15193.151018015491 0 0 0
V 1 0.00006 -30.46347264618951 17562.663784977693 0 0 0
V 1 0.00006 -11.539765344498797 1907.4646605142727 0 0 0
V 1 0.00006 -97.78312061480884 -7572.396978694697 0 0 0
V 1 0.00006 -96.35153657935172 -15567.027162501023 0 0 0
V 1 0.00006 -47.50516635199341 8860.096213536604 0 0 0
V 1 0.00006 -7.670916804462244 19193.15509938754 0 0 0
V 1 0.00006 -73.45809627769835 1272.1572023831095 0 0 0
V 1 0.00006 -65.392382870017 8486.22006905107 0 0 0
V 1 0.00006 -60.34459829162068 1940.2796886815686 0 0 0
V 1 0.00006 -46.45812401443011 17483.033982305085 0 0 0
V 1 0.00006 -95.23183438011505 -14310.411992576712 0 0 0
V 1 0.00006 -147.82126898969815 -8359.964169002069 0 0 0
V 1 0.00006 -79.9831451022549 2488.957470971115 0 0 0
V 1 0.00006 -77.7064781073656 3117.2650559332706 0 0 0
V 1 0.00006 -99.2257360347343 -12465.30413902655 0 0 0
V 1 0.00006 -82.84409754468498 -32.705959148833244 0 0 0
V 1 0.00006 -102.81079720432689 -10.1640535210272 0 0 0
V 1 0.00006 -205.19718931709812 117.82280977767368 0 0 0
V 1 0.00006 -179.06044308108875 5.377978937769512 0 0 0
V 1 0.00006 -3.1604488469984773 -3376.8245401139784 0 0 0
V 1 0.00006 -26.908561503802993 -33834.02554239886 0 0 0
V 1 0.00006 -3.6136519698715803 -7449.349481971164 0 0 0
V 1 0.00006 -4.484335038387194 -8111.438493289945 0 0 0
V 1 0.00006 2.556006225698145 -8563.978042258756 0 0 0
V 1 0.00006 4.870620576815645 7640.865262683541 0 0 0
V 1 0.00006 8.172238365912355 6978.776251364759 0 0 0
V 1 0.00006 -14.832169719564398 -30064.180032625925 0 0 0
V 1 0.00006 2.770210416048832 2135.9571149087014 0 0 0
V 1 0.00006 13.114195545940735 -93.30000566648346 0 0 0
V 1 0.00006 19.28699578901625 9492.006591213381 0 0 0
V 1 0.00006 -25.48664489186945 -33441.004572739905 0 0 0
V 1 0.00006 -5.203967505169631 15.747744719033108 0 0 0
V 1 0.00006 3.6466844966703498 -1098.8808155685592 0 0 0
V 1 0.00006 -4.511494854217765 1272.362914643344 0 0 0
V 1 0.00006 -5.270804496999858 -16047.108950586544 0 0 0
V 1 0.00006 13.721135421277623 16328.796232941424 0 0 0
V 1 0.00006 -10.22428633047373 -29671.159062966974 0 0 0
V 1 0.00006 3.6777961997124695 -6914.341902675492 0 0 0
V 1 0.00006 12.582103907445111 90.17150164250108 0 0 0
V 1 0.00006 24.672123536351652 18213.71898782789 0 0 0
V 1 0.00006 15.883061916560568 12256.271291084238 0 0 0
V 1 0.00006 -8.370335302725955 -9804.845467464034 0 0 0
V 1 0.00006 -0.7237709093773308 -705.8598459096056 0 0 0
V 1 0.00006 15.427071373669177 14836.894447713912 0 0 0
V 1 0.00006 -0.776650181602442 -22064.075226640056 0 0 0
V 1 0.00006 0.4954589226800743 -5406.692372728947 0 0 0
V 1 0.00006 18.83577673520197 17978.432372524687 0 0 0
V 1 0.00006 -3.5537210013514784 -8155.20932788077 0 0 0
V 1 0.00006 -4.841151929931122 173.48209907478486 0 0 0
V 1 0.00006 13.107934297628445 4085.3142184844355 0 0 0
V 1 0.00006 0.4247591841481828 -8319.502638365611 0 0 0
V 1 0.00006 -6.434365473478261 -15462.572200215214 0 0 0
V 1 0.00006 9.57342613627669 708.4896783704571 0 0 0
V 1 0.00006 9.218689973713184 674.708252013832 0 0 0
V 1 0.00006 9.176791667854612 -6363.5865786607865 0 0 0
V 1 0.00006 13.457154092272951 3221.7200182190786 0 0 0
V 1 0.00006 22.42607870684734 11064.090469849196 0 0 0
V 1 0.00006 28.814574421193424 21277.70465169122 0 0 0
V 1 0.00006 4.060139422024108 -1411.7196918192112 0 0 0
V 1 0.00006 3.5193289313756555 -20885.012317663197 0 0 0
V 1 0.00006 18.59396249942659 11315.12482987143 0 0 0
V 1 0.00006 -7.193987922265283 -24261.836857777176 0 0 0
V 1 0.00006 5.0362447295325925 -5091.223664017443 0 0 0
V 1 0.00006 0.8186127631377129 -12791.607506010841 0 0 0
V 1 0.00006 12.101099231004355 -5577.54463934288 0 0 0
V 1 0.00006 14.105815702192574 11708.145799530386 0 0 0
V 1 0.00006 4.762053139512878 -11534.99233608653 0 0 0
V 1 0.00006 8.159942684229456 -10906.684751124376 0 0 0
V 1 0.00006 14.271586824480096 8473.307869053124 0 0 0
V 1 0.00006 7.305636950613881 -5812.831254646082 0 0 0
V 1 0.00006 12.14710721444401 10844.551599265027 0 0 0
V 1 0.00006 16.45574066423065 18720.703477251773 0 0 0
V 1 0.00006 28.965968490778863 19315.2296358573 0 0 0
V 1 0.00006 0.20502693643887326 -7446.719649510314 0 0 0
V 1 0.00006 8.246404520227962 -232.6567828423522 0 0 0
V 1 0.00006 -1.0941443379324767 -13890.488321579402 0 0 0
V 1 0.00006 9.195238700042172 -3676.8741397373815 0 0 0
V 1 0.00006 18.04960514136381 4793.803896854892 0 0 0
V 1 0.00006 0.20547321358946746 -13497.467351920448 0 0 0
V 1 0.00006 30.68627865539763 19865.984959872003 0 0 0
V 1 0.00006 9.374562210984166 -12083.117827640386 0 0 0
V 1 0.00006 15.264023202137139 3459.6364659831306 0 0 0
V 1 0.00006 6.159269024537654 -12318.404442943587 0 0 0
V 1 0.00006 10.865366619428073 -11690.096857981433 0 0 0
V 1 0.00006 20.61816118996727 -3219.4188213891584 0 0 0
V 1 0.00006 10.112091259045613 -12160.670088587834 0 0 0
V 1 0.00006 19.83195271523731 5267.006959922148 0 0 0
V 1 0.00006 7.612868298040574 5.429700853899703 0 0 0
V 1 0.00006 10.435533421883989 -11139.341533966726 0 0 0
V 1 0.00006 21.03530413555987 -8659.89262047473 0 0 0
V 1 0.00006 11.80664070676518 -10746.320564307774 0 0 0
V 1 0.00006 21.201630587872337 3932.839529050385 0 0 0
V 1 0.00006 13.279681677681062 -10353.29959464882 0 0 0
V 1 0.00006 36.045866752872996 8488.726978141227 0 0 0
V 1 0.00006 20.68920286729756 -7917.621515747649 0 0 0
V 1 0.00006 25.56852826469151 -41.46963776090524 0 0 0
V 1 0.00006 17.248776341650313 -8781.215716013006 0 0 0
V 1 0.00006 26.315452446975115 11.489985419859295 0 0 0
V 1 0.00006 23.31817245288159 -7995.173776695099 0 0 0
V 1 0.00006 19.940007409566995 -8230.4603919983 0 0 0
V 1 0.00006 36.60180561920887 -3.1132441126192134 0 0 0
V 1 0.00006 24.583272155238944 -7521.970713627843 0 0 0
V 1 0.00006 36.95813508111404 85.11312269907285 0 0 0
V 1 0.00006 1.6431661435930058 837.8514175184573 0 0 0
V 1 0.00006 1.2302665196117113 -16586.395178886414 0 0 0
V 1 0.00006 13.326094685232778 13728.836103142743 0 0 0
V 1 0.00006 21.049423594729795 32271.124822559315 0 0 0
V 1 0.00006 19.35372336179234 12543.21986783046 0 0 0
V 1 0.00006 18.367218432898955 5261.582888861911 0 0 0
V 1 0.00006 21.737246712795034 38995.44752138406 0 0 0
V 1 0.00006 34.37551827996258 45999.960925702064 0 0 0
V 1 0.00006 -2.4588081910223565 -7247.844293024587 0 0 0
V 1 0.00006 14.335528411365258 25161.84231686001 0 0 0
V 1 0.00005 13.794126486956392 15564.084203167316 0 0 0
V 1 0.00005 -7.804087337961272 -15543.465648323572 0 0 0
V 1 0.00005 12.957156280836074 15542.042938923461 0 0 0
V 1 0.00005 2.9712287347062984 -8222.75323393661 0 0 0
V 1 0.00005 7.682340531237897 8434.6296199745 0 0 0
V 1 0.00005 0.710483656065116 52.25774180941613 0 0 0
V 1 0.00005 6.061314746066137 -7994.630183806325 0 0 0
V 1 0.00005 11.143322947233788 334.06124314922965 0 0 0
V 1 0.00005 23.754208537982098 -446.50607398913303 0 0 0
V 1 0.00005 21.991766140394862 1002.183729447689 0 0 0
V 1 0.00005 36.25812726850138 8550.30783926488 0 0 0
V 1 0.00005 42.47522596290385 17213.060509369665 0 0 0
V 1 0.00005 38.967413424524274 2004.367458895378 0 0 0
V 1 0.00005 -33.57348506208138 -1376.0598739332227 0 0 0
V 1 0.00005 -34.108361348479136 -16584.752924407512 0 0 0
V 1 0.00005 -22.24332689176143 -45.84837631598248 0 0 0
V 1 0.00005 -5.148012974825886 16617.567952574806 0 0 0
V 1 0.00005 -1.8603009486277873 -7859.291131521815 0 0 0
V 1 0.00005 2.8508108479038112 8798.091722389294 0 0 0
V 1 0.00005 11.696878136834181 16065.123685566727 0 0 0
V 1 0.00005 7.90668939589377 8504.459462948898 0 0 0
V 1 0.00005 11.40841033962441 -7366.322598844169 0 0 0
V 1 0.00005 29.080083476113792 8844.554181077807 0 0 0
V 1 0.00005 40.1752275387341 1183.9852404207113 0 0 0
V 1 0.00005 -48.415611132985426 -16624.567825743812 0 0 0
V 1 0.00005 -40.064706636672454 32.81502816729562 0 0 0
V 1 0.00005 -34.791016354206675 -1081.813532120297 0 0 0
V 1 0.00005 -28.473201670644556 -8289.842923808581 0 0 0
V 1 0.00005 -29.775461276329377 -8742.382472777392 0 0 0
V 1 0.00005 -0.5157497708676502 15797.18573410014 0 0 0
V 1 0.00005 -6.602868021355302 -7740.198743329703 0 0 0
V 1 0.00005 -5.118224613050591 588.4926836258514 0 0 0
V 1 0.00005 10.566817623695714 8136.616793443043 0 0 0
V 1 0.00005 17.96289477634606 8365.451198273386 0 0 0
V 1 0.00005 8.291694326811879 9426.39930735145 0 0 0
V 1 0.00005 18.826241858866137 15525.83361373182 0 0 0
V 1 0.00005 -47.35631937659993 -8001.630056975334 0 0 0
V 1 0.00005 -41.69239511547094 -9116.258617262927 0 0 0
V 1 0.00005 -31.863751111261234 14755.187103316148 0 0 0
V 1 0.00005 -27.511693675807987 6760.55691950982 0 0 0
V 1 0.00005 -15.285851878060683 15423.309589614606 0 0 0
V 1 0.00005 -27.193887180978848 -8114.074887815237 0 0 0
V 1 0.00005 -22.4745074107147 8543.307966095872 0 0 0
V 1 0.00005 -23.785068815049307 5.067076790348892 0 0 0
V 1 0.00005 -17.32129790464579 7428.67940580828 0 0 0
V 1 0.00005 -20.922728682371872 -7780.013644666007 0 0 0
V 1 0.00005 -4.853020798084362 16091.432075913066 0 0 0
V 1 0.00005 -3.023016515687239 -231.8895348488153 0 0 0
V 1 0.00005 16.571152632579153 9098.985621554428 0 0 0
V 1 0.00005 43.51220765668716 10435.230594151346 0 0 0
V 1 0.00005 49.43341562154419 19097.98326425613 0 0 0
V 1 0.00005 -77.88240034131438 -17372.32011471488 0 0 0
V 1 0.00005 -50.423859142409626 -827.3820916436748 0 0 0
V 1 0.00005 -48.09401559428487 -7373.3224720131775 0 0 0
V 1 0.00005 -16.498479229186998 -8600.395863140671 0 0 0
V 1 0.00005 -14.165323061074218 -271.704436185119 0 0 0
V 1 0.00005 -11.828848149388772 8056.986990770436 0 0 0
V 1 0.00005 -2.6064642085182097 1845.1078535501622 0 0 0
V 1 0.00005 15.405332136367456 19170.61319375973 0 0 0
V 1 0.00005 -58.66778028721683 -15741.828800305037 0 0 0
V 1 0.00005 -13.934906293838303 16679.924759538917 0 0 0
V 1 0.00005 7.75143182203681 9687.478305180279 0 0 0
V 1 0.00005 10.089222013846559 18016.169732135833 0 0 0
V 1 0.00005 -86.78448131939615 -16783.827431089027 0 0 0
V 1 0.00005 -51.43234493601033 429.2330782806357 0 0 0
V 1 0.00005 -42.33589666255985 763.2943214298652 0 0 0
V 1 0.00005 -28.423790639575152 1431.4168077283243 0 0 0
V 1 0.00005 5.63984482358282 18310.41607394876 0 0 0
V 1 0.00005 14.467923955796069 3769.845509772932 0 0 0
V 1 0.00005 -80.71782367867895 -612.765552503357 0 0 0
V 1 0.00005 -70.4180480295313 -278.7043093541279 0 0 0
V 1 0.00005 -41.12950766921938 -5488.399717126712 0 0 0
V 1 0.00005 -62.641100173005825 21.57550743847696 0 0 0
V 1 0.00005 -57.75996875069285 1017.7257619064872 0 0 0
V 1 0.00005 -51.05827679552703 1351.7870050557167 0 0 0
V 1 0.00005 -57.70792389013073 -13856.906045418571 0 0 0
V 1 0.00005 -37.13004089735648 17228.602541828463 0 0 0
V 1 0.00005 -12.299370484564733 10236.156087469828 0 0 0
V 1 0.00005 -82.42152428506849 309.788374271724 0 0 0
V 1 0.00005 -67.63901466834166 7857.912484088916 0 0 0
V 1 0.00005 -63.28444587862771 -136.71769971740923 0 0 0
V 1 0.00005 -51.67070985130811 -12.2059189181482 0 0 0
V 1 0.00005 -48.77463860653941 1980.0945900178722 0 0 0
V 1 0.00005 -40.80065289755881 9194.157456685834 0 0 0
V 1 0.00005 -41.58678634412337 17522.84888364139 0 0 0
V 1 0.00005 -34.886475118928814 17856.91012679062 0 0 0
V 1 0.00005 -105.27368633138148 -15542.852335205924 0 0 0
V 1 0.00005 -84.47981936727172 15542.65625204111 0 0 0
V 1 0.00005 -80.21614770693786 938.0959592338795 0 0 0
V 1 0.00005 -67.09010272340052 1606.2184455323386 0 0 0
V 1 0.00005 -53.17230746558536 17148.972739155855 0 0 0
V 1 0.00005 -53.36245601120306 2274.340931830798 0 0 0
V 1 0.00005 -47.150166421068285 2608.4021749800277 0 0 0
V 1 0.00005 -14.490745929091702 11158.710014244907 0 0 0
V 1 0.00005 -71.20581500818565 -12974.167019979792 0 0 0
V 1 0.00005 -52.8513301864528 9782.650140311685 0 0 0
V 1 0.00005 -50.49577446271992 18111.34156726724 0 0 0
V 1 0.00005 -20.0252690721355 19447.58653986416 0 0 0
V 1 0.00005 -113.49629988246988 -15018.349380211475 0 0 0
V 1 0.00005 -71.14000253286818 9074.712752676922 0 0 0
V 1 0.00005 -64.43122646080145 9408.773995826152 0 0 0
V 1 0.00005 -57.724743925904775 9742.835238975382 0 0 0
V 1 0.00005 -117.53050295642116 -14390.041795249319 0 0 0
V 1 0.00005 -73.35220808190097 -12051.613093204713 0 0 0
V 1 0.00005 -37.96166118668742 20624.57190711586 0 0 0
V 1 0.00005 -105.88393672605719 -11248.503870438542 0 0 0
V 1 0.00005 -71.76889999327449 1.902896438330572 0 0 0
V 1 0.00005 -148.40199519325853 22.650974646268878 0 0 0
V 1 0.00005 -2.7785919194252653 -2120.2093701896683 0 0 0
V 1 0.00005 -0.2297727883991234 -9192.285627220912 0 0 0
V 1 0.00005 4.319775450071687 7465.097226690197 0 0 0
V 1 0.00005 -2.487234947077753 879.3419449843907 0 0 0
V 1 0.00005 -3.6579066755389404 426.8023960155788 0 0 0
V 1 0.00005 9.250032374181906 -897.3756266219825 0 0 0
V 1 0.00005 15.880706188655061 23636.15910527587 0 0 0
V 1 0.00005 5.4792432309858 8721.712396614508 0 0 0
V 1 0.00005 8.132104053856802 1021.3285546211089 0 0 0
V 1 0.00005 7.471170209201375 1649.6361395832641 0 0 0
V 1 0.00005 25.36193402466904 19077.31318809325 0 0 0
V 1 0.00005 23.770886470890726 19705.620773055405 0 0 0
V 1 0.00005 -11.30087825102647 -23713.71136622332 0 0 0
V 1 0.00005 25.344520143428934 31243.242941602788 0 0 0
V 1 0.00005 1.7991755917654235 -14790.493780662233 0 0 0
V 1 0.00005 7.309441815943451 2076.438535598843 0 0 0
V 1 0.00005 3.267594419343596 -6461.802353706681 0 0 0
V 1 0.00005 8.589629586869677 9743.040951235618 0 0 0
V 1 0.00005 17.353800524273343 8628.412390948026 0 0 0
V 1 0.00005 8.629220614435557 2042.6571092422178 0 0 0
V 1 0.00005 22.813301977957966 17585.411402865735 0 0 0
V 1 0.00005 19.100223561504738 2812.9513038410914 0 0 0
V 1 0.00005 -9.326704364317997 -16248.614139533121 0 0 0
V 1 0.00005 -6.561146515168293 408.7687143779867 0 0 0
V 1 0.00005 -6.26930548380065 -8372.462261546378 0 0 0
V 1 0.00005 -1.5581936872690516 8284.920592364728 0 0 0
V 1 0.00005 11.765318163646555 16755.598628957003 0 0 0
V 1 0.00005 -4.009794234452165 -14363.691384646656 0 0 0
V 1 0.00005 5.961702241810875 1841.151920295641 0 0 0
V 1 0.00005 15.30308628854824 692.7419336514233 0 0 0
V 1 0.00005 19.60213769287613 9021.433360606978 0 0 0
V 1 0.00005 11.282312202946448 2435.678078901171 0 0 0
V 1 0.00005 18.809713360369333 9649.740945569134 0 0 0
V 1 0.00005 12.922829374764088 3063.9856638633264 0 0 0
V 1 0.00005 35.72853388271002 35406.10942103467 0 0 0
V 1 0.00005 29.150901615988325 21119.970297335465 0 0 0
V 1 0.00005 0.23447926168296895 -941.1464612128075 0 0 0
V 1 0.00005 -7.737585035510472 -15855.59316987417 0 0 0
V 1 0.00005 10.43582301573709 8191.620586698246 0 0 0
V 1 0.00005 -4.081248004962797 -14598.977999949859 0 0 0
V 1 0.00005 11.744959047002247 9272.467720629213 0 0 0
V 1 0.00005 4.58928339246592 -14004.451841344326 0 0 0
V 1 0.00005 15.771461972542856 1538.3024522791889 0 0 0
V 1 0.00005 14.888871928694487 3457.00663352228 0 0 0
V 1 0.00005 22.332082591791366 10671.069500190244 0 0 0
V 1 0.00005 23.88019053788212 19628.06851210795 0 0 0
V 1 0.00005 30.5887740279436 21512.991266994417 0 0 0
V 1 0.00005 16.423669163472184 12.789276627250274 0 0 0
V 1 0.00005 -5.4765013628489605 -9018.803528146127 0 0 0
V 1 0.00005 -2.9442597758169384 -10133.43208843372 0 0 0
V 1 0.00005 18.33683214110232 15622.93638703182 0 0 0
V 1 0.00005 -2.5274188633783865 -6505.573188297505 0 0 0
V 1 0.00005 14.71896366432477 17541.64056827491 0 0 0
V 1 0.00005 -1.5835732710926198 -13577.649445328749 0 0 0
V 1 0.00005 12.47124060926032 -5735.278993698632 0 0 0
V 1 0.00005 17.237886923863204 1931.3234219381425 0 0 0
V 1 0.00005 18.997249533087327 9807.475299924885 0 0 0
V 1 0.00005 14.47200912735457 4478.335188143389 0 0 0
V 1 0.00005 -4.800017140509819 -7997.474973525019 0 0 0
V 1 0.00005 -1.0845904385259075 -14441.243645594106 0 0 0
V 1 0.00005 8.843464428705358 -8341.809339213734 0 0 0
V 1 0.00005 14.396750390479198 9605.97011097831 0 0 0
V 1 0.00005 16.63109823364882 17934.661537933862 0 0 0
V 1 0.00005 12.653423615870683 615.189672703973 0 0 0
V 1 0.00005 20.88040378284664 10200.496269583839 0 0 0
V 1 0.00005 3.504781813500368 -11928.013305745486 0 0 0
V 1 0.00005 9.171907981207688 -3599.321878789931 0 0 0
V 1 0.00005 15.589084082953029 3614.7409878780313 0 0 0
V 1 0.00005 6.731457700188959 -11299.70572078333 0 0 0
V 1 0.00005 26.919942031740405 20414.11045142586 0 0 0
V 1 0.00005 5.4764739474109945 -1018.6987221602576 0 0 0
V 1 0.00005 -2.5944639259928657 -7604.454003866064 0 0 0
V 1 0.00005 -2.3205675078015773 -15304.837845859463 0 0 0
V 1 0.00005 11.650047263668025 832.4426063695828 0 0 0
V 1 0.00005 4.942483330814712 -20491.99134800424 0 0 0
V 1 0.00005 2.4108127635419176 -12163.299921048685 0 0 0
V 1 0.00005 22.338401435920495 18922.20866619835 0 0 0
V 1 0.00005 -1.6032959725753244 -7839.740619169266 0 0 0
V 1 0.00005 16.98538047122287 23874.075553039922 0 0 0
V 1 0.00005 12.636544464873742 3144.167757271628 0 0 0
V 1 0.00005 20.989451975503677 10358.230623939591 0 0 0
V 1 0.00005 26.700398648339593 18686.922050895144 0 0 0
V 1 0.00005 25.291308216151087 19977.318647176082 0 0 0
V 1 0.00005 -8.779206386089395 -16403.71866142802 0 0 0
V 1 0.00005 5.577368548815127 -5561.796894623847 0 0 0
V 1 0.00005 12.563326684367315 1652.2659720441152 0 0 0
V 1 0.00005 8.256556006165372 -13295.962162973872 0 0 0
V 1 0.00005 17.878200422627415 19113.72444691072 0 0 0
V 1 0.00005 14.917174563914799 -4791.502700024974 0 0 0
V 1 0.00005 14.890563727389324 3537.1887269305807 0 0 0
V 1 0.00005 6.519870441877343 -3048.566554775226 0 0 0
V 1 0.00005 11.10548147959801 -10120.642811806469 0 0 0
V 1 0.00005 1.4811179606375582 -12869.159766958292 0 0 0
V 1 0.00005 16.732114563768846 3930.2096965895353 0 0 0
V 1 0.00005 29.64243980388715 19472.963990213055 0 0 0
V 1 0.00005 12.544337733652632 -9727.621842147515 0 0 0
V 1 0.00005 20.49315244204199 -16657.711489542038 0 0 0
V 1 0.00005 29.915376035105183 16657.05421828018 0 0 0
V 1 0.00005 3.0509727068325816 -6660.677710192405 0 0 0
V 1 0.00005 2.052000684658527 -12476.13879729934 0 0 0
V 1 0.00005 13.69533539568516 3066.615496324178 0 0 0
V 1 0.00005 22.257908614085874 10908.985947954296 0 0 0
V 1 0.00005 16.66937627227138 4323.230666248488 0 0 0
V 1 0.00005 3.9269976357462255 -4382.733985646988 0 0 0
V 1 0.00005 11.887661463306557 -9569.887487791766 0 0 0
V 1 0.00005 11.735900486921174 -6360.956746199936 0 0 0
V 1 0.00005 8.51293663275976 -11061.789273019276 0 0 0
V 1 0.00005 13.732866670073903 -9176.86651813281 0 0 0
V 1 0.00005 36.76407207497983 21908.642069114223 0 0 0
V 1 0.00005 7.4712440490884475 -4853.30721625339 0 0 0
V 1 0.00005 15.0671603809472 3617.3708203388833 0 0 0
V 1 0.00005 12.26031894161586 -11297.075888322479 0 0 0
V 1 0.00005 21.965763776745995 -2826.3978517302057 0 0 0
V 1 0.00005 16.245499071352956 -455.1541215183024 0 0 0
V 1 0.00005 13.494306179143365 -10904.054918663523 0 0 0
V 1 0.00005 25.972671981580067 -8424.606005171527 0 0 0
V 1 0.00005 31.470220055494217 79.85345777736984 0 0 0
V 1 0.00005 5.852907574129581 -11767.649118928883 0 0 0
V 1 0.00005 14.96784509249484 -10511.033949004572 0 0 0
V 1 0.00005 27.066057638946297 5660.0279295811015 0 0 0
V 1 0.00005 30.720954772861077 6916.643099505411 0 0 0
V 1 0.00005 37.82506369430549 22459.397393128926 0 0 0
V 1 0.00005 17.7761940149284 -7997.80360915595 0 0 0
V 1 0.00005 27.432707255892595 8207.039695786349 0 0 0
V 1 0.00005 6.089845974670155 -12631.24331919424 0 0 0
V 1 0.00005 7.296217035770667 -11374.628149269929 0 0 0
V 1 0.00005 16.486610553941127 -8861.397809421307 0 0 0
V 1 0.00005 7.5132372152887115 -12238.222349535286 0 0 0
V 1 0.00005 7.750819289912208 -11609.914764573132 0 0 0
V 1 0.00005 21.008025622359412 -7840.069254800199 0 0 0
V 1 0.00005 21.731173164705112 36.08262318654488 0 0 0
V 1 0.00005 26.011697597759863 -173.4668391634259 0 0 0
V 1 0.00005 8.936026666381181 -11845.201379876331 0 0 0
V 1 0.00005 14.881657799890476 -9960.278624989865 0 0 0
V 1 0.00005 19.348935710045218 -9331.971040027709 0 0 0
V 1 0.00005 25.30828090903892 6839.090838557962 0 0 0
V 1 0.00005 21.66431570544723 253.33555685215651 0 0 0
V 1 0.00005 22.173725284966714 -6818.740700179087 0 0 0
V 1 0.00005 32.78774962951395 7232.111808216916 0 0 0
V 1 0.00005 29.063569506561855 -7716.11632680107 0 0 0
V 1 0.00005 11.95888180514423 -10430.85185559627 0 0 0
V 1 0.00005 17.811202747059617 -9174.236685671958 0 0 0
V 1 0.00005 18.766478545849807 -217.23767375424904 0 0 0
V 1 0.00005 37.8789001186187 8219.658936481397 0 0 0
V 1 0.00005 23.89138158138585 -8186.689557407475 0 0 0
V 1 0.00005 33.30167020515017 -310.5376794207332 0 0 0
V 1 0.00005 28.568269352120524 -8421.976172710678 0 0 0
V 1 0.00005 16.26646526325299 -9251.788946619412 0 0 0
V 1 0.00005 24.803719252673154 98.23103495725445 0 0 0
V 1 0.00005 40.64224766171428 -28.85039706585303 0 0 0
V 1 0.00005 34.874016447298125 162.66538364652297 0 0 0
V 1 0.00005 23.289357120842453 -7286.684098324642 0 0 0
V 1 0.00005 47.28398280129428 17.72030591802286 0 0 0
V 1 0.00005 48.4846423778646 -57.202122568582126 0 0 0
V 1 0.00005 6.65724528451557 -8344.69093611344 0 0 0
V 1 0.00005 8.984757332474349 15124.001800804997 0 0 0
V 1 0.00005 12.638271567167543 7004.513404317993 0 0 0
V 1 0.00005 4.073177362373356 -17143.709459030215 0 0 0
V 1 0.00005 3.244015426841238 -8186.71607690617 0 0 0
V 1 0.00005 12.382714936547519 5818.897169005708 0 0 0
V 1 0.00005 15.13937541889291 6518.1867991988875 0 0 0
V 1 0.00005 19.12109552841141 15508.97286726689 0 0 0
V 1 0.00004 15.720965332861518 15508.997249015245 0 0 0
V 1 0.00004 4.3648783944336795 -67.51408921654365 0 0 0
V 1 0.00004 10.660520062961318 7214.062866667962 0 0 0
V 1 0.00004 1.2124999775308043 21.329909543800007 0 0 0
V 1 0.00004 2.7917440709209997 42.65981908760001 0 0 0
V 1 0.00004 10.570125141068226 -328.027768169551 0 0 0
V 1 0.00004 17.332598475365586 8996.813913254015 0 0 0
V 1 0.00004 22.493579517690083 -7326.5076975078655 0 0 0
V 1 0.00004 35.19946511632401 16544.938023071205 0 0 0
V 1 0.00004 30.340007792328343 -8316.624476996198 0 0 0
V 1 0.00004 35.05111958885995 8340.758376914911 0 0 0
V 1 0.00004 37.7607052893428 9998.997642701703 0 0 0
V 1 0.00004 63.575383824086565 9886.552811861799 0 0 0
V 1 0.00004 -48.336500921859766 -8924.183983750414 0 0 0
V 1 0.00004 -40.282638474332394 -1710.1211170824522 0 0 0
V 1 0.00004 -41.5240531648892 -8590.122740601184 0 0 0
V 1 0.00004 -30.419559905694413 8401.321356459152 0 0 0
V 1 0.00004 -27.882238429179235 -7922.000254302726 0 0 0
V 1 0.00004 -0.6518377077810031 -367.84266950585493 0 0 0
V 1 0.00004 -0.19821818677598824 416.43119892426716 0 0 0
V 1 0.00004 6.532914635256489 8293.74653875497 0 0 0
V 1 0.00004 -1.7599283499441398 521.6580372431554 0 0 0
V 1 0.00004 0.6527768316845155 585.6477658745554 0 0 0
V 1 0.00004 -1.5642833772789666 1742.9361452497478 0 0 0
V 1 0.00004 -0.9825614353095828 -15576.535719980142 0 0 0
V 1 0.00004 -2.2086143700843435 -7247.844293024587 0 0 0
V 1 0.00004 12.390769961009664 16833.150889904453 0 0 0
V 1 0.00004 9.005643536080209 -12.451516812825268 0 0 0
V 1 0.00004 16.10347680074365 9291.06025506694 0 0 0
V 1 0.00004 27.28086767409558 -27.747951376946617 0 0 0
V 1 0.00004 33.30861463569099 10293.243984514627 0 0 0
V 1 0.00004 -37.24111132753232 -9410.504959075852 0 0 0
V 1 0.00004 -27.904051764822213 -747.7522889710672 0 0 0
V 1 0.00004 -17.55836690919241 14795.00200465245 0 0 0
V 1 0.00004 -1.9342975781435143 8917.184110581406 0 0 0
V 1 0.00004 4.680958577748607 260.46491545630045 0 0 0
V 1 0.00004 9.91700080405159 1151.3883316054225 0 0 0
V 1 0.00004 8.014697354426996 1150.6769769053667 0 0 0
V 1 0.00004 4.099537618002652 1149.9656222053106 0 0 0
V 1 0.00004 -5.44461460727651 -14286.139123699206 0 0 0
V 1 0.00004 4.242826217098875 1918.7041812430914 0 0 0
V 1 0.00004 3.442629991707546 -7072.076257031244 0 0 0
V 1 0.00004 17.67116928543553 8629.585326120688 0 0 0
V 1 0.00004 30.071992797401027 2592.860142521229 0 0 0
V 1 0.00004 39.92632621298638 2926.921385670459 0 0 0
V 1 0.00004 -42.641323175285095 8655.752796935772 0 0 0
V 1 0.00004 -36.98650534406131 7541.124236648183 0 0 0
V 1 0.00004 -38.38641976908487 7700.031526176599 0 0 0
V 1 0.00004 -22.00764618648511 15089.248346465376 0 0 0
V 1 0.00004 -29.79732615455101 -13.506510989967808 0 0 0
V 1 0.00004 -23.09691326576981 -8323.624350165206 0 0 0
V 1 0.00004 -22.765727979617964 -16108.705071621562 0 0 0
V 1 0.00004 -13.372761490128564 8320.054929101307 0 0 0
V 1 0.00004 -19.76817577209636 -6331.323841229186 0 0 0
V 1 0.00004 -8.357117106953222 -8560.580961804368 0 0 0
V 1 0.00004 -1.150127209223509 16425.493319062294 0 0 0
V 1 0.00004 -2.111682043461215 1216.8002685880067 0 0 0
V 1 0.00004 9.385200401424521 8764.924378405198 0 0 0
V 1 0.00004 32.4671027073203 18095.799534808444 0 0 0
V 1 0.00004 -52.85407219756118 -9156.073518599229 0 0 0
V 1 0.00004 -48.14296040102958 7501.30933531188 0 0 0
V 1 0.00004 -31.94327356915621 7054.803261322747 0 0 0
V 1 0.00004 -9.50800754807684 16385.67841772599 0 0 0
V 1 0.00004 -8.672123999850708 -6817.644816554622 0 0 0
V 1 0.00004 14.465864891393723 2847.291582997851 0 0 0
V 1 0.00004 -82.33296138840974 -17078.073772901957 0 0 0
V 1 0.00004 -77.62184959187815 -420.6909189908465 0 0 0
V 1 0.00004 -69.65319183457284 -8081.259859647941 0 0 0
V 1 0.00004 -65.10202112939967 -16075.890043454267 0 0 0
V 1 0.00004 -30.912714121048747 15677.741030091227 0 0 0
V 1 0.00004 -51.1634551360531 -15073.706314006577 0 0 0
V 1 0.00004 -32.34255314805509 8345.199857603682 0 0 0
V 1 0.00004 -36.88271621003738 -7700.736157810199 0 0 0
V 1 0.00004 -39.807509324463766 1917.7377830537612 0 0 0
V 1 0.00004 -31.036731951843187 -14071.522584558888 0 0 0
V 1 0.00004 -26.328401686540488 2585.8602693522207 0 0 0
V 1 0.00004 -9.491632890220991 8685.29457573259 0 0 0
V 1 0.00004 3.34170977022748 2807.4766816615474 0 0 0
V 1 0.00004 31.446437816733987 34227.04651205781 0 0 0
V 1 0.00004 -80.36105468774483 -8121.074760984246 0 0 0
V 1 0.00004 -76.06896049083447 8536.308092926862 0 0 0
V 1 0.00004 -71.31031531641652 -8344.32779797881 0 0 0
V 1 0.00004 -68.46735647710044 -8901.642078122608 0 0 0
V 1 0.00004 -63.75624468056884 7755.740775788502 0 0 0
V 1 0.00004 -69.8034105991491 -15781.64370164134 0 0 0
V 1 0.00004 -41.88980334671918 -8680.02566581328 0 0 0
V 1 0.00004 -34.03709889659778 7977.357188097827 0 0 0
V 1 0.00004 -35.12896190860481 1097.3555645790948 0 0 0
V 1 0.00004 -35.42030377158851 -13777.276242745962 0 0 0
V 1 0.00004 -1.1558161671768765 3101.723023474473 0 0 0
V 1 0.00004 25.07024795875857 19312.59980339645 0 0 0
V 1 0.00004 -91.9968801317366 -8160.889662320549 0 0 0
V 1 0.00004 -84.14417568161521 8496.493191590558 0 0 0
V 1 0.00004 -88.44668609726443 -7826.828419171319 0 0 0
V 1 0.00004 -51.732960090035775 61.39040877478055 0 0 0
V 1 0.00004 -39.929020585623725 -13483.029900933037 0 0 0
V 1 0.00004 -11.663317355594039 9607.848502507672 0 0 0
V 1 0.00004 -9.175438607024322 3061.908122138169 0 0 0
V 1 0.00004 5.566885501807043 10610.032231955362 0 0 0
V 1 0.00004 -73.89713170564002 -7979.088151347527 0 0 0
V 1 0.00004 -71.31254078749106 349.6032756080276 0 0 0
V 1 0.00004 -69.18601990910842 8678.29470256358 0 0 0
V 1 0.00004 -29.664499510449737 9233.97235802214 0 0 0
V 1 0.00004 -26.28881396656747 9568.03360117137 0 0 0
V 1 0.00004 -9.936861369091915 18564.847514425383 0 0 0
V 1 0.00004 -13.626203334043396 3356.154463951095 0 0 0
V 1 0.00004 -77.90854244605879 7189.789997790456 0 0 0
V 1 0.00004 -84.96839252942947 -8018.9030526838305 0 0 0
V 1 0.00004 -80.25728073289787 8638.479801227279 0 0 0
V 1 0.00004 -62.34442465121714 1311.972103719413 0 0 0
V 1 0.00004 -51.18324310422015 8526.034970387376 0 0 0
V 1 0.00004 -55.64154150883684 1646.0333468686426 0 0 0
V 1 0.00004 -49.073156586510464 -7797.286640374503 0 0 0
V 1 0.00004 -32.02704808524743 2982.2783194655613 0 0 0
V 1 0.00004 -18.07717278818373 3650.4008057640203 0 0 0
V 1 0.00004 -96.12694267963184 -8058.717954020134 0 0 0
V 1 0.00004 -91.41583088310024 8598.664899890977 0 0 0
V 1 0.00004 -58.66051120502449 8820.281312200299 0 0 0
V 1 0.00004 -45.24733390319408 9488.403798498759 0 0 0
V 1 0.00004 -59.99803034151499 -12934.352118643488 0 0 0
V 1 0.00004 -15.733079899497795 19153.340198051235 0 0 0
V 1 0.00004 -7.782012093992876 11492.771257394137 0 0 0
V 1 0.00004 -67.47541907443517 17109.157837819555 0 0 0
V 1 0.00004 -71.81423948419472 -13308.228263129022 0 0 0
V 1 0.00004 -64.52744694994405 2234.526030494494 0 0 0
V 1 0.00004 -51.06824199961298 2902.6485167929536 0 0 0
V 1 0.00004 -75.62132130671989 2194.7111291581896 0 0 0
V 1 0.00004 -63.22189247776036 1414.1438120198272 0 0 0
V 1 0.00004 -86.77098527263641 -12719.735579503173 0 0 0
V 1 0.00004 -35.767102610670676 19702.01798034078 0 0 0
V 1 0.00004 -107.70707597604397 8326.960463705855 0 0 0
V 1 0.00004 -94.7719201231169 -12759.550480839476 0 0 0
V 1 0.00004 -63.79748069031163 3785.3875422317305 0 0 0
V 1 0.00004 -82.13054069309256 3411.511397746198 0 0 0
V 1 0.00004 -75.42495962075452 3745.572640895427 0 0 0
V 1 0.00004 -68.72404398804001 4079.633884044657 0 0 0
V 1 0.00004 -150.49447977573723 -2.697361439029919 0 0 0
V 1 0.00004 -90.76047974501967 -72.52086048513593 0 0 0
V 1 0.00004 -140.2539806446852 -11.130451710356283 0 0 0
V 1 0.00004 -125.1204838757281 -5.096976730677852 0 0 0
V 1 0.00004 -170.79899911028053 -56.97882802633649 0 0 0
V 1 0.00004 -194.00505746129105 157.6377111139809 0 0 0
V 1 0.00004 -249.8771765364386 -41.436795567540685 0 0 0
V 1 0.00004 -258.209108018105 -81.25169690384428 0 0 0
V 1 0.00004 -259.40046929636213 20.920011396567133 0 0 0
V 1 0.00004 -13.117434912714725 -18291.27124877534 0 0 0
V 1 0.00004 -11.313956652471106 -1633.8883948642306 0 0 0
V 1 0.00004 7.404225770539072 5722.1610814404485 0 0 0
V 1 0.00004 -2.806456204441077 -8530.19661590213 0 0 0
V 1 0.00004 -5.589146656986855 -201.50518894657648 0 0 0
V 1 0.00004 1.9046555920905215 8127.186238008977 0 0 0
V 1 0.00004 6.640089697169462 -1525.6832115841378 0 0 0
V 1 0.00004 4.4395185157423835 -9226.067053577535 0 0 0
V 1 0.00004 9.150630312273982 7431.31580033357 0 0 0
V 1 0.00004 1.0343983415396798 -7935.670457296601 0 0 0
V 1 0.00004 -1.4566290617221056 -14521.425739002409 0 0 0
V 1 0.00004 -4.508704277529125 -6192.734312046853 0 0 0
V 1 0.00004 -0.9466645385256975 -15183.514750321188 0 0 0
V 1 0.00004 14.214697335267171 17226.171859563405 0 0 0
V 1 0.00004 14.42412731019101 8863.699006251225 0 0 0
V 1 0.00004 22.354326605656258 10120.314176175536 0 0 0
V 1 0.00004 15.759662392942811 4162.866479431886 0 0 0
V 1 0.00004 -12.826055299713747 -9569.558852160832 0 0 0
V 1 0.00004 -5.2660340180320535 -436.7918042497786 0 0 0
V 1 0.00004 8.84492666308013 6115.182051099404 0 0 0
V 1 0.00004 -1.7108813346822105 -18.033681637592963 0 0 0
V 1 0.00004 0.7782063885280968 8310.65774531796 0 0 0
V 1 0.00004 2.9119048746516585 -8799.264657561958 0 0 0
V 1 0.00004 7.623016671183259 7858.118196349151 0 0 0
V 1 0.00004 7.03401103415539 -9913.893217849549 0 0 0
V 1 0.00004 13.709348858052252 15072.181063017113 0 0 0
V 1 0.00004 -3.5356829643363676 -16499.64849955536 0 0 0
V 1 0.00004 6.1096687562895395 16815.11720826686 0 0 0
V 1 0.00004 8.288001991440385 -8833.046083918582 0 0 0
V 1 0.00004 12.999113787971986 7824.336769992526 0 0 0
V 1 0.00004 13.704332739409306 -328.5866209696853 0 0 0
V 1 0.00004 -0.8037800669271149 -5799.7133423878995 0 0 0
V 1 0.00004 5.8970870690991815 -5657.726732751181 0 0 0
V 1 0.00004 11.331404640547605 2670.9646942043732 0 0 0
V 1 0.00004 11.331133614961528 10999.656121159927 0 0 0
V 1 0.00004 13.52890210716344 3927.5798641286838 0 0 0
V 1 0.00004 24.75445471309955 11141.642730796646 0 0 0
V 1 0.00004 26.861733511011874 19470.3341577522 0 0 0
V 1 0.00004 22.974904943807935 3441.258888803247 0 0 0
V 1 0.00004 27.920091922036605 20098.641742714357 0 0 0
V 1 0.00004 -4.082262868010975 6852.537386447073 0 0 0
V 1 0.00004 -0.5558033978063293 -2590.782600796072 0 0 0
V 1 0.00004 -24.054539396828613 -33047.98360308095 0 0 0
V 1 0.00004 -9.840304373827577 -8338.680835189754 0 0 0
V 1 0.00004 -5.129192577295976 8318.702018721355 0 0 0
V 1 0.00004 -2.5203624254116708 -9034.55127286516 0 0 0
V 1 0.00004 -5.729601542515382 -15620.306554570967 0 0 0
V 1 0.00004 -9.806688078366616 -23320.69039656437 0 0 0
V 1 0.00004 1.6666050766226599 1212.8443353334856 0 0 0
V 1 0.00004 3.45113034521865 -8335.250383084645 0 0 0
V 1 0.00004 9.357913594758834 8426.907202001446 0 0 0
V 1 0.00004 11.522290551219307 7764.818190682667 0 0 0
V 1 0.00004 26.76803565149023 31636.263911261736 0 0 0
V 1 0.00004 12.306751277089155 64.43434868926806 0 0 0
V 1 0.00004 5.089706627132271 -14397.472811003281 0 0 0
V 1 0.00004 18.774380822780397 8359.344349288196 0 0 0
V 1 0.00004 3.656418775661189 -13107.076214722345 0 0 0
V 1 0.00004 -6.667456635003914 -9411.82449780508 0 0 0
V 1 0.00004 -4.367690809942436 -10526.453058092673 0 0 0
V 1 0.00004 0.8431331619979083 -2197.7616311371185 0 0 0
V 1 0.00004 -4.915442390280636 801.7896840369403 0 0 0
V 1 0.00004 1.8111878941793975 -312.838876250652 0 0 0
V 1 0.00004 6.705752271538913 8015.852550704902 0 0 0
V 1 0.00004 11.785902644185192 6901.223990417311 0 0 0
V 1 0.00004 17.087878530706043 15229.915417372864 0 0 0
V 1 0.00004 12.097315287760713 7529.531575379467 0 0 0
V 1 0.00004 2.7729600748991174 -15261.067011268637 0 0 0
V 1 0.00004 12.777738682248422 -170.8522666139338 0 0 0
V 1 0.00004 0.6675153640367482 -21671.0542569811 0 0 0
V 1 0.00004 -2.6413871455963394 -13342.362830025548 0 0 0
V 1 0.00004 10.183883987235319 -6128.2999633575855 0 0 0
V 1 0.00004 21.233894566692015 17743.145757221486 0 0 0
V 1 0.00004 1.257812820618558 -4385.363818107838 0 0 0
V 1 0.00004 16.72794446793112 2166.610037241344 0 0 0
V 1 0.00004 15.68201386457092 1714.0704882725324 0 0 0
V 1 0.00004 21.627336466241186 18999.760927145795 0 0 0
V 1 0.00004 37.1371512602763 35799.13039069362 0 0 0
V 1 0.00004 -9.007813474898871 -9647.111113108282 0 0 0
V 1 0.00004 1.7680713077301036 6523.95076547739 0 0 0
V 1 0.00004 -8.511795259084412 -8390.49594318397 0 0 0
V 1 0.00004 -0.6995287915338722 -1176.4330765160094 0 0 0
V 1 0.00004 3.0530362422836497 -8876.816918509408 0 0 0
V 1 0.00004 7.764148038815247 7780.565935401701 0 0 0
V 1 0.00004 5.05060624022313 -8248.509333547252 0 0 0
V 1 0.00004 9.13849970717695 8408.873520363857 0 0 0
V 1 0.00004 13.297696731279435 7294.244960076264 0 0 0
V 1 0.00004 5.613830186536248 -8282.290759903877 0 0 0
V 1 0.00004 10.324941983067845 8375.09209400723 0 0 0
V 1 0.00004 15.113110554912623 7922.552545038419 0 0 0
V 1 0.00004 4.17046459205209 -14868.046041609683 0 0 0
V 1 0.00004 6.746905010459537 -6991.894163622942 0 0 0
V 1 0.00004 11.944011067591815 9665.488690288166 0 0 0
V 1 0.00004 18.548412107670732 9179.16771496273 0 0 0
V 1 0.00004 3.372012532165999 -4620.65043341104 0 0 0
V 1 0.00004 13.110305330762493 2593.412433256923 0 0 0
V 1 0.00004 22.33570924169646 18136.16672688044 0 0 0
V 1 0.00004 7.757036565332746 -3992.3428484488836 0 0 0
V 1 0.00004 16.166077358225724 3850.0276031812336 0 0 0
V 1 0.00004 25.325463843997557 20021.089481766907 0 0 0
V 1 0.00004 20.15241306473976 13435.3342000611 0 0 0
V 1 0.00004 -7.585484616196009 -9254.090143449328 0 0 0
V 1 0.00004 -2.874372819664412 7403.292710461778 0 0 0
V 1 0.00004 -6.150103665093166 -7369.167388562863 0 0 0
V 1 0.00004 5.014736562770079 -14475.025071950731 0 0 0
V 1 0.00004 1.0256438844761906 -12556.32089070764 0 0 0
V 1 0.00004 4.810003626510412 -4227.629463752086 0 0 0
V 1 0.00004 13.409715877736836 2986.433402915876 0 0 0
V 1 0.00004 19.567047497599052 2324.344391597095 0 0 0
V 1 0.00004 21.224664395609317 10828.803854545993 0 0 0
V 1 0.00004 22.742460856654432 19157.495281501546 0 0 0
V 1 0.00004 24.25582032048878 19785.802866463702 0 0 0
V 1 0.00004 15.880405720770465 4871.356157802342 0 0 0
V 1 0.00004 10.685688361249596 866.224032726208 0 0 0
V 1 0.00004 11.371594813950573 204.1350214074273 0 0 0
V 1 0.00004 0.3582254440027164 -14048.222675935152 0 0 0
V 1 0.00004 18.645324198316256 170.35359505080214 0 0 0
V 1 0.00004 3.658122081602672 -13419.915090972998 0 0 0
V 1 0.00004 22.38108325847753 9336.90206931848 0 0 0
V 1 0.00004 6.2994358570964035 -3834.6084940931323 0 0 0
V 1 0.00004 24.109423420118745 19584.297677517126 0 0 0
V 1 0.00004 10.76039340643089 -3206.3009091309773 0 0 0
V 1 0.00004 26.689472709343967 20178.823836122658 0 0 0
V 1 0.00004 6.251832988877389 -625.677752501304 0 0 0
V 1 0.00004 12.316891182960902 6588.385114166658 0 0 0
V 1 0.00004 8.809132918551771 16660.01268637196 0 0 0
V 1 0.00004 -1.132166350473991 -14911.81687620051 0 0 0
V 1 0.00004 12.091641842778543 1259.2450023851616 0 0 0
V 1 0.00004 15.187517440455736 144.61644209756923 0 0 0
V 1 0.00004 17.674313374685653 9101.615454015278 0 0 0
V 1 0.00004 23.17517930331507 17430.306880970835 0 0 0
V 1 0.00004 6.568631956471119 -4698.20269435849 0 0 0
V 1 0.00004 7.220219103378742 -13688.983132632824 0 0 0
V 1 0.00004 18.736608002725642 1401.2316120218802 0 0 0
V 1 0.00004 3.6875595205457294 -11770.278951389733 0 0 0
V 1 0.00004 24.014041947690373 10986.538208901746 0 0 0
V 1 0.00004 6.044038676799476 -11141.971366427577 0 0 0
V 1 0.00004 9.666597474808277 -10513.663781465422 0 0 0
V 1 0.00004 27.73581924992371 20571.84480578161 0 0 0
V 1 0.00004 -4.066643522817689 253.66419248308557 0 0 0
V 1 0.00004 2.8990163883006943 -8561.348209797907 0 0 0
V 1 0.00004 21.255424123870466 17195.020265667634 0 0 0
V 1 0.00004 0.8208117215943318 -13262.180736617247 0 0 0
V 1 0.00004 31.335454881416478 13264.481933447163 0 0 0
V 1 0.00004 26.760758820278404 6678.726651741357 0 0 0
V 1 0.00004 34.56134257741487 13892.789518409318 0 0 0
V 1 0.00004 -4.989040794371995 -7682.006264813514 0 0 0
V 1 0.00004 -0.27792899784039804 8975.376589097592 0 0 0
V 1 0.00004 7.512878751809918 -8168.327240138951 0 0 0
V 1 0.00004 12.223990548341515 8489.05561377216 0 0 0
V 1 0.00004 -1.2495850761919698 -6425.391094889204 0 0 0
V 1 0.00004 10.013995536085673 -8654.648215464387 0 0 0
V 1 0.00004 14.72510733261727 8002.73463844672 0 0 0
V 1 0.00004 17.32017457127537 9259.349808371033 0 0 0
V 1 0.00004 9.770919156783545 -3912.1607550405824 0 0 0
V 1 0.00004 9.672424528641976 -12902.941193314917 0 0 0
V 1 0.00004 16.364220600951484 -4398.481730366019 0 0 0
V 1 0.00004 18.384889008390314 4558.517281551691 0 0 0
V 1 0.00004 22.121283419062344 5815.132451476002 0 0 0
V 1 0.00004 -7.002225083031252 -31018.44440609691 0 0 0
V 1 0.00004 16.91873471235535 8395.755608105674 0 0 0
V 1 0.00004 9.235464913427606 3552.9364716496148 0 0 0
V 1 0.00004 11.08907583128811 -12509.920223655963 0 0 0
V 1 0.00004 10.99246136145884 4357.012092605115 0 0 0
V 1 0.00004 17.792447276262685 -4005.4607607070666 0 0 0
V 1 0.00004 31.396637413616773 12165.601117878607 0 0 0
V 1 0.00004 33.17532481858538 20494.29254483416 0 0 0
V 1 0.00004 10.394571720740085 -9962.908457450718 0 0 0
V 1 0.00004 26.66301633169386 10673.699332651093 0 0 0
V 1 0.00004 29.023050919353203 19002.39075960665 0 0 0
V 1 0.00004 12.083397399235604 4750.033062264068 0 0 0
V 1 0.00004 29.161648216246174 19630.698344568806 0 0 0
V 1 0.00004 19.221080438756683 -3612.439791048113 0 0 0
V 1 0.00004 31.87658431600499 20259.005929530962 0 0 0
V 1 0.00004 13.615561728090661 6459.1877811571885 0 0 0
V 1 0.00004 26.684125949079508 -18.362317268524748 0 0 0
V 1 0.00004 10.795566849016666 1339.427095793464 0 0 0
V 1 0.00004 16.447115781477414 10296.426107711173 0 0 0
V 1 0.00004 5.37706937557417 -3989.7130159880326 0 0 0
V 1 0.00004 16.148962915222917 3852.6574356420842 0 0 0
V 1 0.00004 18.102979419362605 -3847.726406351314 0 0 0
V 1 0.00004 25.102866004524174 11695.027887272205 0 0 0
V 1 0.00004 10.867307608670423 -9805.174103094965 0 0 0
V 1 0.00004 36.63174871314901 21280.334484152067 0 0 0
V 1 0.00004 18.38863350719287 -8548.558933170654 0 0 0
V 1 0.00004 25.780004755633662 -77.88089657838191 0 0 0
V 1 0.00004 12.183345098240075 11804.075637657717 0 0 0
V 1 0.00004 6.8101136832196545 -3596.692046329079 0 0 0
V 1 0.00004 9.753122930724494 -10668.768303360324 0 0 0
V 1 0.00004 18.356893794640264 4873.985990263192 0 0 0
V 1 0.00004 12.452637129540168 -9412.153133436012 0 0 0
V 1 0.00004 17.34317746530431 -2.6145725494916405 0 0 0
V 1 0.00004 26.026907963052338 7387.216330111814 0 0 0
V 1 0.00004 -0.1904887129553785 -14045.592843474302 0 0 0
V 1 0.00004 31.089629327786856 12481.06982659011 0 0 0
V 1 0.00004 33.44148442990672 20809.761253545665 0 0 0
V 1 0.00004 17.78875183982897 -1318.7483217836598 0 0 0
V 1 0.00004 26.22537016358383 8.86015295901143 0 0 0
V 1 0.00004 27.08932582040354 -548.4541271847847 0 0 0
V 1 0.00004 9.849879139711945 -2810.6501070111717 0 0 0
V 1 0.00004 20.716197958953323 5031.720344618945 0 0 0
V 1 0.00004 17.817981962454816 6322.116940899883 0 0 0
V 1 0.00004 34.86515701760071 21202.782223204616 0 0 0
V 1 0.00004 31.156054444990737 6254.554088186629 0 0 0
V 1 0.00004 16.152589959572424 -10118.012979345618 0 0 0
V 1 0.00004 20.081560181371515 -1161.013967427909 0 0 0
V 1 0.00004 28.571204115985545 6053.048899240053 0 0 0
V 1 0.00004 18.466602664038433 -532.7063824657525 0 0 0
V 1 0.00004 22.02089744621153 95.60120249640204 0 0 0
V 1 0.00004 13.157430457616925 -3281.2233376175773 0 0 0
V 1 0.00004 17.610308335919207 -9724.992009686666 0 0 0
V 1 0.00004 23.965303793843823 6446.069868899007 0 0 0
V 1 0.00004 17.701163724780592 -8468.376839762355 0 0 0
V 1 0.00004 26.68867428942447 8364.7740501421 0 0 0
V 1 0.00004 12.676349172275767 -14425.824536506008 0 0 0
V 1 0.00004 13.65105906126745 -32197.835950704706 0 0 0
V 1 0.00004 43.86714961844042 32202.438344364542 0 0 0
V 1 0.00004 44.841859507432105 14430.426930165844 0 0 0
V 1 0.00004 36.78191457698956 8297.211197428845 0 0 0
V 1 0.00004 43.98653849567088 24502.054502371142 0 0 0
V 1 0.00004 14.57987555524798 -2888.20236795862 0 0 0
V 1 0.00004 10.826014048489348 -10588.58620995202 0 0 0
V 1 0.00004 21.653332345604035 -374.9720281099999 0 0 0
V 1 0.00004 24.400143454627027 -8737.444881422178 0 0 0
V 1 0.00004 28.351799849628115 7467.398423520119 0 0 0
V 1 0.00004 29.713083864767533 -232.98541847328124 0 0 0
V 1 0.00004 30.66637225427808 8095.706008482273 0 0 0
V 1 0.00004 16.001303125925112 -2495.181398299668 0 0 0
V 1 0.00004 12.256299688719139 -10195.565240293066 0 0 0
V 1 0.00004 15.124150134622951 51.830367905578896 0 0 0
V 1 0.00004 23.858379999371685 -8972.73149672538 0 0 0
V 1 0.00004 23.918197261484835 646.3565265111083 0 0 0
V 1 0.00004 31.53785616076992 8312.95894214788 0 0 0
V 1 0.00004 17.422587579603587 -2102.1604286407146 0 0 0
V 1 0.00004 25.735854188478314 411.06991120790553 0 0 0
V 1 0.00004 26.249069537892723 -8579.710527066429 0 0 0
V 1 0.00004 34.16506330807564 8253.440362838024 0 0 0
V 1 0.00004 24.981338738064714 -6032.698760861182 0 0 0
V 1 0.00004 19.8702113377022 175.78329590470457 0 0 0
V 1 0.00004 33.94629822763848 -344.31910577735835 0 0 0
V 1 0.00004 20.12345843811847 -1944.4260742849656 0 0 0
V 1 0.00004 21.09535237105556 -59.503319398498206 0 0 0
V 1 0.00004 22.598780014734672 -7759.887161391898 0 0 0
V 1 0.00004 29.06878791773721 -93.28474575512519 0 0 0
V 1 0.00004 41.41576449021708 8377.393290837148 0 0 0
V 1 0.00004 35.51599129453101 9432.503271814883 0 0 0
V 1 0.00004 39.88042033959828 -10.816715428261887 0 0 0
V 1 0.00004 17.561941584065046 1.5005771856631327 0 0 0
V 1 0.00004 21.51011189691242 -8465.747007301501 0 0 0
V 1 0.00004 40.534889167345284 8299.8410298897 0 0 0
V 1 0.00004 25.680549299595157 -372.3421956491511 0 0 0
V 1 0.00004 22.37878186436849 -8385.5649138932 0 0 0
V 1 0.00004 27.08989366090009 8271.817940017907 0 0 0
V 1 0.00004 31.69142374666265 -8243.578304256484 0 0 0
V 1 0.00004 36.40253554319425 8413.804549654626 0 0 0
V 1 0.00004 50.896229062527155 413.37110803782343 0 0 0
V 1 0.00004 45.650299554932204 2.316456741285947 0 0 0
V 1 0.00004 51.88871703851645 100.53223178717599 0 0 0
V 1 0.00004 49.33825835692346 22.97997083971859 0 0 0
V 1 0.00004 2.9615557318014343 79.56046515090338 0 0 0
V 1 0.00004 7.066667694797398 24986.074280866662 0 0 0
V 1 0.00004 9.952703717767166 23800.45804555438 0 0 0
V 1 0.00004 2.8429108427616434 -557.3142801437962 0 0 0
V 1 0.00004 7.467772278876992 17356.67248410429 0 0 0
V 1 0.00004 19.10676732044529 41366.679992008634 0 0 0
V 1 0.00004 18.736992876672122 23314.131440435274 0 0 0
V 1 0.00004 19.381690814529236 30666.756094428514 0 0 0
V 1 0.00004 23.14942286237557 39414.200014202586 0 0 0
V 1 0.00004 29.70753166363911 28714.276116622463 0 0 0
V 1 0.00004 32.06308756190491 37042.967543578015 0 0 0
V 1 0.00004 4.013050249824925 -16691.164280267734 0 0 0
V 1 0.00004 13.435273842888122 16623.601427554484 0 0 0
V 1 0.00004 13.623946976555816 7180.281440311336 0 0 0
V 1 0.00004 4.711111796531599 16657.38285391111 0 0 0
V 1 0.00003 -5.072901631248253 -15576.511338231789 0 0 0
V 1 0.00003 13.365409434595719 7180.30582205969 0 0 0
V 1 0.00003 -6.904879542920325 -23818.4766240696 0 0 0
V 1 0.00003 18.600636604597735 23924.414817088542 0 0 0
V 1 0.00003 3.8979094839710107 20.61855484374408 0 0 0
V 1 0.00003 19.487026987652108 7548.124109817192 0 0 0
V 1 0.00003 12.588190858160765 -7660.5689406570955 0 0 0
V 1 0.00003 23.07056414122023 7882.185352966421 0 0 0
V 1 0.00003 10.585814208577515 -6211.879137220273 0 0 0
V 1 0.00003 18.438518658698907 10445.503716690833 0 0 0
V 1 0.00003 22.472952791505378 -8441.136257795457 0 0 0
V 1 0.00003 28.699797131403912 1336.2449725969186 0 0 0
V 1 0.00003 39.58503935518055 16878.999266220435 0 0 0
V 1 0.00003 33.049593841877055 -6658.385211209406 0 0 0
V 1 0.00003 -64.52709546729746 -18255.05914015366 0 0 0
V 1 0.00003 -62.17443262679976 -9926.367713198102 0 0 0
V 1 0.00003 -57.39141579368024 -17586.9366538552 0 0 0
V 1 0.00003 -51.894434095301136 -9258.245226899644 0 0 0
V 1 0.00003 -39.49788279067936 -10038.812544038006 0 0 0
V 1 0.00003 -34.786770994147766 6618.570309873101 0 0 0
V 1 0.00003 -43.97121423974225 -16918.81416755674 0 0 0
V 1 0.00003 -32.787701903097705 -9704.751300888776 0 0 0
V 1 0.00003 -28.07659010656611 6952.631553022331 0 0 0
V 1 0.00003 -13.103890564986042 14500.755662839523 0 0 0
V 1 0.00003 -19.20135929643477 288.2128668332472 0 0 0
V 1 0.00003 -14.845326114343393 -16697.197755247413 0 0 0
V 1 0.00003 -6.023636594948638 -701.9039126550846 0 0 0
V 1 0.00003 -10.310048277273363 -15248.507951810592 0 0 0
V 1 0.00003 -4.4160995691082565 -16363.136512098185 0 0 0
V 1 0.00003 9.042518486045683 7683.4631621017015 0 0 0
V 1 0.00003 -11.431051868467705 -23349.07632863586 0 0 0
V 1 0.00003 10.914884827045928 8398.521269929954 0 0 0
V 1 0.00003 1.8673430600108598 575.3384884526834 0 0 0
V 1 0.00003 1.5114664078782405 564.3178563307554 0 0 0
V 1 0.00003 3.8357324774649353 -76.44124544422529 0 0 0
V 1 0.00003 -8.065131235122754 -31571.829562572468 0 0 0
V 1 0.00003 -8.382070412820793 -14914.446708661362 0 0 0
V 1 0.00003 2.6553370348787277 1290.3965962809361 0 0 0
V 1 0.00003 -5.008013098911978 -14861.47761215189 0 0 0
V 1 0.00003 0.2273528085727925 -14580.385465512132 0 0 0
V 1 0.00003 12.662429954827871 962.368828111385 0 0 0
V 1 0.00003 16.495260169318858 300.2798167926044 0 0 0
V 1 0.00003 16.661032578156444 -8480.95115913176 0 0 0
V 1 0.00003 19.207756483788287 -152.2597321762073 0 0 0
V 1 0.00003 23.8287665303503 16505.1231217349 0 0 0
V 1 0.00003 28.416789712193143 16839.18436488413 0 0 0
V 1 0.00003 24.244827731683863 1630.4913144098443 0 0 0
V 1 0.00003 34.58933065034421 17173.24560803336 0 0 0
V 1 0.00003 28.59728188047609 -6364.13886939648 0 0 0
V 1 0.00003 44.37789710758695 2632.675043857533 0 0 0
V 1 0.00003 -65.41160057861268 -17626.751555191502 0 0 0
V 1 0.00003 -48.73505326545017 -91.69675263196496 0 0 0
V 1 0.00003 -52.776900312984175 -8629.93764193749 0 0 0
V 1 0.00003 -43.94948614840402 -9744.56620222508 0 0 0
V 1 0.00003 -39.23837435187242 6912.816651686028 0 0 0
V 1 0.00003 -41.44309452655516 8361.506455122848 0 0 0
V 1 0.00003 -34.39736572341157 -85.66327765228652 0 0 0
V 1 0.00003 -20.930490040303585 9363.690184570538 0 0 0
V 1 0.00003 4.13835276550973 32454.568588011247 0 0 0
V 1 0.00003 -0.7540482809446285 -73.59632769292921 0 0 0
V 1 0.00003 0.9424105183854472 8359.869830437608 0 0 0
V 1 0.00003 -1.6966585341794183 -526.1358766617409 0 0 0
V 1 0.00003 -7.8304223541903255 -14620.200366848436 0 0 0
V 1 0.00003 -3.10170908668529 2037.1824870626738 0 0 0
V 1 0.00003 2.118500467775032 922.5539267750811 0 0 0
V 1 0.00003 15.244114697847362 8312.482101763913 0 0 0
V 1 0.00003 -4.899433713036666 -14498.015509737093 0 0 0
V 1 0.00003 -2.543882701692771 -6169.32408278154 0 0 0
V 1 0.00003 3.11031972643676 -7283.952643069132 0 0 0
V 1 0.00003 -2.671673327731144 -14392.07731671815 0 0 0
V 1 0.00003 -0.31611742946534394 -6063.385889762595 0 0 0
V 1 0.00003 8.512773553509291 8311.0593923638 0 0 0
V 1 0.00003 16.27105139943012 8417.7089400828 0 0 0
V 1 0.00003 -10.728180435828232 -30943.521977610315 0 0 0
V 1 0.00003 1.25323041096178 -5957.447696743651 0 0 0
V 1 0.00003 7.207549233382261 9585.306596879866 0 0 0
V 1 0.00003 12.622602944832968 594.5261586055301 0 0 0
V 1 0.00003 13.019340184107648 -8186.704817318834 0 0 0
V 1 0.00003 16.71748386571178 1924.73765622277 0 0 0
V 1 0.00003 23.71058087971247 2258.7988993719996 0 0 0
V 1 0.00003 28.85520486219052 10587.490326327554 0 0 0
V 1 0.00003 36.928154928549404 17801.553192995518 0 0 0
V 1 0.00003 -83.2833145586213 -18000.627699677036 0 0 0
V 1 0.00003 -74.21332876870986 -9337.875029572253 0 0 0
V 1 0.00003 -69.86263408633656 -17332.50521337858 0 0 0
V 1 0.00003 -56.101531982278715 -6.999873169008424 0 0 0
V 1 0.00003 -48.40203285658937 -9450.319860412155 0 0 0
V 1 0.00003 -43.690921060057775 7207.062993498954 0 0 0
V 1 0.00003 -34.96617709552441 -8782.197374113697 0 0 0
V 1 0.00003 -32.81401000004711 -453.5059471581417 0 0 0
V 1 0.00003 -29.082424077250675 -9896.825934401288 0 0 0
V 1 0.00003 -35.14030386297195 542.6443073098687 0 0 0
V 1 0.00003 -18.828622239692777 -9228.703448102828 0 0 0
V 1 0.00003 -13.628801157490596 -15774.643828472332 0 0 0
V 1 0.00003 -7.978865062605259 882.739025438777 0 0 0
V 1 0.00003 -12.362745619023395 -14325.954025035511 0 0 0
V 1 0.00003 0.5425112089938793 9545.49169554356 0 0 0
V 1 0.00003 -3.2052085287783134 -5663.201354930727 0 0 0
V 1 0.00003 10.557572244395692 436.232951449644 0 0 0
V 1 0.00003 3.2879505386757995 -6443.768672069089 0 0 0
V 1 0.00003 8.65405351115311 10213.61418184202 0 0 0
V 1 0.00003 16.45963030621368 17427.677048509984 0 0 0
V 1 0.00003 20.051482284357093 18876.366851946805 0 0 0
V 1 0.00003 21.17985670253671 2553.0452411849255 0 0 0
V 1 0.00003 27.754759057402644 1438.416680897333 0 0 0
V 1 0.00003 36.01594690414898 18429.860777957674 0 0 0
V 1 0.00003 -73.1707872862216 -714.9372608037716 0 0 0
V 1 0.00003 -74.31371820860875 -17038.25887156565 0 0 0
V 1 0.00003 -70.74077904332458 -16704.19762841642 0 0 0
V 1 0.00003 -59.56262190042392 -9490.134761748459 0 0 0
V 1 0.00003 -54.85151010389232 7167.24809216265 0 0 0
V 1 0.00003 -46.70639720093121 168.76816282433538 0 0 0
V 1 0.00003 -41.02839153821536 -1607.9494087820376 0 0 0
V 1 0.00003 -36.31727974168376 15049.43344512907 0 0 0
V 1 0.00003 -40.28818126309409 9284.060381897929 0 0 0
V 1 0.00003 -26.437033422694054 15383.4946882783 0 0 0
V 1 0.00003 -47.92273877230644 1323.8257068207618 0 0 0
V 1 0.00003 -33.64047197226444 -1324.5303384543608 0 0 0
V 1 0.00003 -46.75735530445474 -15367.952655819503 0 0 0
V 1 0.00003 -38.27707498525887 -7039.261228863948 0 0 0
V 1 0.00003 -38.974329983126566 1289.4301980916061 0 0 0
V 1 0.00003 -22.108966759539943 7388.864504471976 0 0 0
V 1 0.00003 -19.80666382381222 15717.555931427529 0 0 0
V 1 0.00003 -32.0915330895097 -6705.199985714718 0 0 0
V 1 0.00003 -24.524758801654325 8280.240027765001 0 0 0
V 1 0.00003 -17.483035567686738 9171.615551058028 0 0 0
V 1 0.00003 -17.345324019619873 -15480.397486659405 0 0 0
V 1 0.00003 -12.528190028813398 -8266.334619991441 0 0 0
V 1 0.00003 -5.917267944284518 16719.739660875217 0 0 0
V 1 0.00003 -16.765706475962045 -14031.707683222583 0 0 0
V 1 0.00003 -3.9607092141609623 9839.738037356488 0 0 0
V 1 0.00003 -4.307419544154577 18168.42946431204 0 0 0
V 1 0.00003 -2.723496908033038 848.9575990821519 0 0 0
V 1 0.00003 0.694931214917414 -7598.212133692982 0 0 0
V 1 0.00003 12.203555636944413 9393.231963367354 0 0 0
V 1 0.00003 1.355547352974261 -13029.523953774895 0 0 0
V 1 0.00003 -78.76496848622573 -16744.012529752727 0 0 0
V 1 0.00003 -76.4657247636109 -8415.32110279717 0 0 0
V 1 0.00003 -64.01453941741396 -9195.888419935534 0 0 0
V 1 0.00003 -64.5186760024765 -867.1969929799789 0 0 0
V 1 0.00003 -59.30342762088235 7461.494433975575 0 0 0
V 1 0.00003 -63.387650654116634 581.4928104568426 0 0 0
V 1 0.00003 -63.2924329698333 -8304.512896642507 0 0 0
V 1 0.00003 -53.45325786407737 -8527.765933637074 0 0 0
V 1 0.00003 -48.742146067545775 8129.616920274035 0 0 0
V 1 0.00003 -33.32880432095902 7349.049603135672 0 0 0
V 1 0.00003 -36.67980003586533 16.50843064812898 0 0 0
V 1 0.00003 -32.08290919407953 -193.0410317018409 0 0 0
V 1 0.00003 -29.705526194855914 7683.1108462849015 0 0 0
V 1 0.00003 -37.72130711396884 -14405.583827708118 0 0 0
V 1 0.00003 -32.22033855997941 -6076.892400752563 0 0 0
V 1 0.00003 -20.757614473071424 475.0814545966184 0 0 0
V 1 0.00003 -21.890991199249065 -15186.15114484648 0 0 0
V 1 0.00003 -19.75640044200398 -6857.459717890926 0 0 0
V 1 0.00003 -21.32740461346603 1471.2317090646288 0 0 0
V 1 0.00003 -13.917586150596215 809.1426977458482 0 0 0
V 1 0.00003 -6.627832735519053 2139.354195363088 0 0 0
V 1 0.00003 9.76028522887355 -6635.8433055815985 0 0 0
V 1 0.00003 11.335957355560337 10021.539548329509 0 0 0
V 1 0.00003 16.014148860436045 11470.229351766331 0 0 0
V 1 0.00003 18.8272973508522 10355.600791478739 0 0 0
V 1 0.00003 -67.44796675102127 -7452.952274685786 0 0 0
V 1 0.00003 -49.146614280945485 -9348.148152111738 0 0 0
V 1 0.00003 -56.16861173796629 -15113.52121534288 0 0 0
V 1 0.00003 -50.10092038338448 -6450.768545238097 0 0 0
V 1 0.00003 -44.19914718334717 2211.984124866687 0 0 0
V 1 0.00003 -36.29785723023893 9426.046991534651 0 0 0
V 1 0.00003 -24.7757844245033 107.23878509076303 0 0 0
V 1 0.00003 -21.458957072577714 16974.171101351843 0 0 0
V 1 0.00003 -26.28691728401111 1765.478050877554 0 0 0
V 1 0.00003 -21.996802787697437 -7677.841936365591 0 0 0
V 1 0.00003 -14.144098337576047 8979.540917545515 0 0 0
V 1 0.00003 -15.433828700356948 -11.239520728819798 0 0 0
V 1 0.00003 -23.26836462489132 -5114.523572641178 0 0 0
V 1 0.00003 -1.419769821174345 -6675.658206917902 0 0 0
V 1 0.00003 12.420324780908008 18644.47731709799 0 0 0
V 1 0.00003 23.88639023041943 10983.908376440893 0 0 0
V 1 0.00003 -102.29974614162778 -8829.012148619007 0 0 0
V 1 0.00003 -79.626921187197 -8941.456979458912 0 0 0
V 1 0.00003 -74.9158093906654 7715.925874452198 0 0 0
V 1 0.00003 -53.24159417217398 15598.111227418616 0 0 0
V 1 0.00003 -65.214876613297 -6824.644689723631 0 0 0
V 1 0.00003 -46.53103035935443 15932.172470567846 0 0 0
V 1 0.00003 -39.81636275386467 16266.233713717076 0 0 0
V 1 0.00003 -60.046169417155966 -14485.213630380726 0 0 0
V 1 0.00003 -52.23421124921871 2172.1692235303835 0 0 0
V 1 0.00003 -31.94401296281611 8605.664773059983 0 0 0
V 1 0.00003 -32.787647130496374 67.42388375445944 0 0 0
V 1 0.00003 -46.42059950799187 -13817.091144082267 0 0 0
V 1 0.00003 -39.55998852627758 11168.983136784394 0 0 0
V 1 0.00003 -7.083544543705056 1613.218318701347 0 0 0
V 1 0.00003 -87.53239070145135 -23855.90368812027 0 0 0
V 1 0.00003 -50.98182440790494 16226.418812380773 0 0 0
V 1 0.00003 -68.1017995702684 -14525.028531717031 0 0 0
V 1 0.00003 -49.516097892554455 8231.78862857445 0 0 0
V 1 0.00003 -44.27046071068921 16560.480055530003 0 0 0
V 1 0.00003 -64.02979938787263 -14190.967288567801 0 0 0
V 1 0.00003 -50.78590971370552 -8091.532982187428 0 0 0
V 1 0.00003 -37.55301349383271 16894.541298679233 0 0 0
V 1 0.00003 -36.34698603705952 8899.91111487291 0 0 0
V 1 0.00003 -51.324521696531676 -13522.844802269341 0 0 0
V 1 0.00003 -45.58194599245819 -5194.1533753137865 0 0 0
V 1 0.00003 -44.396765446402526 -13188.783559120111 0 0 0
V 1 0.00003 -38.87776292885101 -4860.0921321645565 0 0 0
V 1 0.00003 -35.55034674066326 -14303.412119407702 0 0 0
V 1 0.00003 -28.56026140098211 1239.3421742158134 0 0 0
V 1 0.00003 -15.863834680067065 9902.094844320598 0 0 0
V 1 0.00003 -5.594196946607042 10570.217330619058 0 0 0
V 1 0.00003 -117.91076376206746 -8574.580708142386 0 0 0
V 1 0.00003 -95.23889175740827 -8687.025538982289 0 0 0
V 1 0.00003 -89.79885317120474 -358.33411202673506 0 0 0
V 1 0.00003 -90.52777996087667 7970.3573149288195 0 0 0
V 1 0.00003 -88.92492085584865 -8352.96429583306 0 0 0
V 1 0.00003 -84.21380905931704 8304.418558078049 0 0 0
V 1 0.00003 -75.55298532606251 15518.48142474601 0 0 0
V 1 0.00003 -82.80198519251961 9753.10836151487 0 0 0
V 1 0.00003 -67.97032776510007 -18.23939389782663 0 0 0
V 1 0.00003 -72.14819803860502 -14230.782189904105 0 0 0
V 1 0.00003 -58.45187504002382 -8131.347883523732 0 0 0
V 1 0.00003 -68.91655486695569 -13896.720946754875 0 0 0
V 1 0.00003 -42.00381085850881 17188.78764049216 0 0 0
V 1 0.00003 -62.20921537539626 -13562.659703605645 0 0 0
V 1 0.00003 -50.0373438705096 -4899.90703350086 0 0 0
V 1 0.00003 -41.95259704926911 -7129.164154076043 0 0 0
V 1 0.00003 -37.24148525273751 9528.218699835064 0 0 0
V 1 0.00003 -48.85719266522649 -12894.537217307185 0 0 0
V 1 0.00003 -20.314953010792586 10196.341186133523 0 0 0
V 1 0.00003 -24.01273536395996 3316.339562614791 0 0 0
V 1 0.00003 -15.99137079661855 2201.7110023271985 0 0 0
V 1 0.00003 -120.00471857175319 48.3570606260937 0 0 0
V 1 0.00003 -105.37749524696716 -7278.150636881772 0 0 0
V 1 0.00003 -98.67107432219308 -6944.089393732542 0 0 0
V 1 0.00003 -97.44705321896353 -14938.719577538866 0 0 0
V 1 0.00003 -91.96847043249309 -6610.028150583313 0 0 0
V 1 0.00003 -83.76085983676244 604.0347160846495 0 0 0
V 1 0.00003 -78.79683212932403 7818.097582752611 0 0 0
V 1 0.00003 -73.37648676133793 -13602.474604941948 0 0 0
V 1 0.00003 -51.95481319562658 9154.342555349529 0 0 0
V 1 0.00003 -66.69452243724035 -13268.413361792718 0 0 0
V 1 0.00003 -46.04760015337666 17817.095225454315 0 0 0
V 1 0.00003 -54.488805507499 -4605.660691687935 0 0 0
V 1 0.00003 -43.273151461948196 -6834.917812263117 0 0 0
V 1 0.00003 -40.91400105808791 1493.7736146924353 0 0 0
V 1 0.00003 -41.70363231900639 9822.465041647989 0 0 0
V 1 0.00003 -39.770415273233155 2942.4634181292577 0 0 0
V 1 0.00003 -32.2613805405481 18485.217711752775 0 0 0
V 1 0.00003 -15.819675617133715 4278.708390726176 0 0 0
V 1 0.00003 1.27819060186237 20155.52392749892 0 0 0
V 1 0.00003 -118.89279754410464 -15646.65696517363 0 0 0
V 1 0.00003 -101.00184727933086 -8098.532855356438 0 0 0
V 1 0.00003 -96.29073548279928 8558.849998554671 0 0 0
V 1 0.00003 -87.96122175246465 -8545.03892934557 0 0 0
V 1 0.00003 -83.25010995593306 8112.343924565538 0 0 0
V 1 0.00003 -84.57852093212138 1232.342301046805 0 0 0
V 1 0.00003 -88.13018382075977 -13976.350749427482 0 0 0
V 1 0.00003 -76.70714615646037 3015.0933476328573 0 0 0
V 1 0.00003 -57.98252867754245 -7208.793956748651 0 0 0
V 1 0.00003 -53.27141688101085 9448.588897162455 0 0 0
V 1 0.00003 -64.46019817720199 -12640.105776830564 0 0 0
V 1 0.00003 -58.94335306113886 -4311.414349875009 0 0 0
V 1 0.00003 -46.16300082110611 10116.711383460915 0 0 0
V 1 0.00003 -36.7124335959596 18779.4640535657 0 0 0
V 1 0.00003 -116.51595634453184 -143.71757288641766 0 0 0
V 1 0.00003 -123.34472221694459 -15352.410623360705 0 0 0
V 1 0.00003 -113.01102951860524 190.34367026281143 0 0 0
V 1 0.00003 -94.40783735792604 8072.529023229234 0 0 0
V 1 0.00003 -90.0571215570688 77.89883942290817 0 0 0
V 1 0.00003 -82.56070721555645 -7916.731344383415 0 0 0
V 1 0.00003 -77.84959541902484 8740.651509527692 0 0 0
V 1 0.00003 -92.58127893860623 -13682.104407614557 0 0 0
V 1 0.00003 -82.32579863283897 1860.6498860089596 0 0 0
V 1 0.00003 -71.92648382355266 17403.404179632475 0 0 0
V 1 0.00003 -41.16336639818566 19073.710395378625 0 0 0
V 1 0.00003 -26.958059396612533 11413.14145472153 0 0 0
V 1 0.00003 -127.79696017638527 -15058.164281547779 0 0 0
V 1 0.00003 -109.67767528605458 2267.34105866179 0 0 0
V 1 0.00003 -100.48802511660556 -8290.607488868947 0 0 0
V 1 0.00003 -95.77691332007396 8366.775365042158 0 0 0
V 1 0.00003 -97.04355796669883 1486.773741523427 0 0 0
V 1 0.00003 -101.01887055879325 -13721.91930895086 0 0 0
V 1 0.00003 -83.08518826086089 17363.589278296175 0 0 0
V 1 0.00003 -97.03251979144525 -13387.85806580163 0 0 0
V 1 0.00003 -90.31940500539099 -13053.796822652403 0 0 0
V 1 0.00003 -62.178529119727344 10037.081580788306 0 0 0
V 1 0.00003 -66.73957610460648 3157.079957269575 0 0 0
V 1 0.00003 -56.267983371270745 18699.834250893095 0 0 0
V 1 0.00003 -53.08326623492579 3825.202443568034 0 0 0
V 1 0.00003 -45.61429885134584 19367.95673719155 0 0 0
V 1 0.00003 -132.24953725329965 -14763.917939734853 0 0 0
V 1 0.00003 -125.54497807123863 -14429.856696585623 0 0 0
V 1 0.00003 -112.1528682897432 -13761.734210287164 0 0 0
V 1 0.00003 -94.78557472145212 2115.0813264855824 0 0 0
V 1 0.00003 -87.53657729215341 17657.8356201091 0 0 0
V 1 0.00003 -101.48394756904716 -13093.611723988706 0 0 0
V 1 0.00003 -80.04243414759668 9663.205436302775 0 0 0
V 1 0.00003 -84.830392784791 2783.2038127840415 0 0 0
V 1 0.00003 -73.3360132228226 9997.266679452005 0 0 0
V 1 0.00003 -84.51996117871619 -12091.427994541016 0 0 0
V 1 0.00003 -50.06532083989666 19662.203079004477 0 0 0
V 1 0.00003 -38.2192686128731 3672.942711391827 0 0 0
V 1 0.00003 -129.99912210475543 -14135.610354772696 0 0 0
V 1 0.00003 -123.30063527222796 -13801.549111623466 0 0 0
V 1 0.00003 -105.93559560720067 -12799.365382175778 0 0 0
V 1 0.00003 -37.538857189016944 20958.63315026509 0 0 0
V 1 0.00003 -110.38749078397626 -12505.119040362853 0 0 0
V 1 0.00003 -89.73356746088405 18580.38954688418 0 0 0
V 1 0.00003 -103.67846076650336 -12171.057797213623 0 0 0
V 1 0.00003 -95.82575631638197 4486.325056697486 0 0 0
V 1 0.00003 -76.3317929186557 19248.51203318264 0 0 0
V 1 0.00003 -165.60560665967154 -8.73083641870835 0 0 0
V 1 0.00003 -114.83965683585176 -12210.872698549929 0 0 0
V 1 0.00003 -87.4844658471349 19208.697131846337 0 0 0
V 1 0.00003 -101.42891042860353 -11542.750212251469 0 0 0
V 1 0.00003 -96.71779863207193 5114.63264165964 0 0 0
V 1 0.00003 -99.18948003330553 -10914.442627289312 0 0 0
V 1 0.00003 -94.47836823677393 5742.940226621797 0 0 0
V 1 0.00003 -110.67072021784303 -152.15066315774584 0 0 0
V 1 0.00003 -94.9434330996332 29.650847815277302 0 0 0
V 1 0.00003 -151.66547858098494 -311.4102685029611 0 0 0
V 1 0.00003 -169.64117947354663 -8385.670254981891 0 0 0
V 1 0.00003 -182.9350024854818 197.4526124502827 0 0 0
V 1 0.00003 -241.00571773033528 -8330.31332118679 0 0 0
V 1 0.00003 -329.5967628117704 -25.894763108743064 0 0 0
V 1 0.00003 -18.867183920013908 -26619.962675730894 0 0 0
V 1 0.00003 -13.25581755500517 -1424.3389325142616 0 0 0
V 1 0.00003 -6.119269047662697 -2748.516955151823 0 0 0
V 1 0.00003 -7.885047090881967 -167.7237625899511 0 0 0
V 1 0.00003 1.0900233965296975 -1491.9017852275126 0 0 0
V 1 0.00003 -12.398948650000257 -16406.348493888876 0 0 0
V 1 0.00003 2.461455378053116 -10306.914187508502 0 0 0
V 1 0.00003 14.912542752228731 31336.54294726927 0 0 0
V 1 0.00003 -2.376509254287292 217.2529336656089 0 0 0
V 1 0.00003 1.5591186150522804 -25.737152953232908 0 0 0
V 1 0.00003 6.067371887624757 8093.404811652352 0 0 0
V 1 0.00003 11.094488347268474 15760.007227289128 0 0 0
V 1 0.00003 19.209740122526487 14192.839118032722 0 0 0
V 1 0.00003 23.920851919058087 30850.221971943833 0 0 0
V 1 0.00003 4.907904104577465 -59.51857930985727 0 0 0
V 1 0.00003 12.46244200099059 15935.775263282472 0 0 0
V 1 0.00003 -6.790792135775311 -22850.117165957963 0 0 0
V 1 0.00003 3.531212530980444 -6645.273861015664 0 0 0
V 1 0.00003 8.242324327512042 10012.108992895442 0 0 0
V 1 0.00003 8.956716835865969 8897.480432607852 0 0 0
V 1 0.00003 10.430247756579101 359.23954330232823 0 0 0
V 1 0.00003 -8.924042651827387 -30550.50100795136 0 0 0
V 1 0.00003 5.631221686352764 2311.725150902045 0 0 0
V 1 0.00003 7.96126861439852 2277.9437245454196 0 0 0
V 1 0.00003 13.542135747597134 18935.326578456526 0 0 0
V 1 0.00003 21.88808762160586 34478.08087208005 0 0 0
V 1 0.00003 19.741285996128685 18449.005603131092 0 0 0
V 1 0.00003 17.572392442111166 11863.250321425285 0 0 0
V 1 0.00003 21.166549595716404 11376.929346099847 0 0 0
V 1 0.00003 21.58512263879081 3676.545504106449 0 0 0
V 1 0.00003 -15.693687490109909 -19154.8654490407 0 0 0
V 1 0.00003 -16.490134436290347 -10826.174022085142 0 0 0
V 1 0.00003 -6.426088893478693 -19641.186424366133 0 0 0
V 1 0.00003 -1.7149770969470932 -2983.8035704550252 0 0 0
V 1 0.00003 -17.445267308080364 -26226.941706071942 0 0 0
V 1 0.00003 -8.001325930236014 -8941.251267198677 0 0 0
V 1 0.00003 -0.8462535932130546 -1727.1884005307143 0 0 0
V 1 0.00003 -4.995916798649243 -16013.32752422992 0 0 0
V 1 0.00003 -4.492681963785303 -8137.175646243177 0 0 0
V 1 0.00003 0.21842983274629457 8520.20720766793 0 0 0
V 1 0.00003 11.122100850650057 6743.4896360615585 0 0 0
V 1 0.00003 0.2510700865661084 819.8233656745324 0 0 0
V 1 0.00003 8.085689033649569 -504.3546569630289 0 0 0
V 1 0.00003 9.585216562012658 16362.577659298047 0 0 0
V 1 0.00003 8.550183541041317 -1166.4436682818096 0 0 0
V 1 0.00003 -7.841839025617924 -31414.095208216717 0 0 0
V 1 0.00003 -0.21240125815509225 -6428.020927350055 0 0 0
V 1 0.00003 -0.15474601426557788 1448.1309506366877 0 0 0
V 1 0.00003 12.39209907398336 123.95292799912636 0 0 0
V 1 0.00003 9.864870300667901 9290.501402266806 0 0 0
V 1 0.00003 12.217866361608046 299.72096399247005 0 0 0
V 1 0.00003 -2.7389414724643677 -13500.097184381299 0 0 0
V 1 0.00003 5.095200428331891 -6286.034317713336 0 0 0
V 1 0.00003 9.961030601597956 10371.348536197773 0 0 0
V 1 0.00003 14.679832680921177 1380.568097923437 0 0 0
V 1 0.00003 14.322584018142878 -7400.662878000927 0 0 0
V 1 0.00003 0.08723495654632063 -4543.0981724635885 0 0 0
V 1 0.00003 14.262834422250906 -6144.047708076616 0 0 0
V 1 0.00003 18.48878323445779 2184.643718878936 0 0 0
V 1 0.00003 22.835353023808956 -2.958468091782379 0 0 0
V 1 0.00003 -14.254350397846355 -18761.844479381743 0 0 0
V 1 0.00003 -5.0031462024779 -19248.16545470718 0 0 0
V 1 0.00003 -5.776835975074512 -10919.474027751627 0 0 0
V 1 0.00003 -11.357574001468697 -9176.537882501878 0 0 0
V 1 0.00003 -5.921796811166832 -847.8464555463243 0 0 0
V 1 0.00003 9.232392664402038 16579.830592963655 0 0 0
V 1 0.00003 17.76677063352192 32122.584886587174 0 0 0
V 1 0.00003 1.551127310282502 -15654.087980927592 0 0 0
V 1 0.00003 1.7159085813990265 -7325.3965539720375 0 0 0
V 1 0.00003 15.536922926109277 16093.509617638221 0 0 0
V 1 0.00003 1.3489670609472517 -15478.319944934248 0 0 0
V 1 0.00003 3.497565307170068 -7149.628517978694 0 0 0
V 1 0.00003 12.922120977279036 9683.522371925757 0 0 0
V 1 0.00003 5.172119445340514 -4778.384787766791 0 0 0
V 1 0.00003 1.5254710951177124 -4150.077202804636 0 0 0
V 1 0.00003 22.31768834997174 18606.739957486843 0 0 0
V 1 0.00003 19.678472119754257 10906.356115493443 0 0 0
V 1 0.00003 12.56596380414503 -4008.090593167917 0 0 0
V 1 0.00003 -12.81570410690075 -18368.82350972279 0 0 0
V 1 0.00003 -3.5800986171890656 -18855.144485048226 0 0 0
V 1 0.00003 0.34497642401854023 6130.929795818435 0 0 0
V 1 0.00003 -22.64265860262696 -32654.962633421994 0 0 0
V 1 0.00003 -14.789954152505567 -15997.579779510887 0 0 0
V 1 0.00003 -8.989914653829139 -245.27602353740167 0 0 0
V 1 0.00003 -10.799779501508432 -8783.516912842926 0 0 0
V 1 0.00003 -4.314102466729107 -454.82548588737063 0 0 0
V 1 0.00003 -2.7215571445451214 -1569.454046174963 0 0 0
V 1 0.00003 2.0365339592483824 -9269.837888168362 0 0 0
V 1 0.00003 6.747645755779979 7387.544965742746 0 0 0
V 1 0.00003 0.7847635156241246 349.25013506812866 0 0 0
V 1 0.00003 -4.536720648596701 -15227.285584912013 0 0 0
V 1 0.00003 -3.1099261783493404 -6898.594157956459 0 0 0
V 1 0.00003 0.9589340999988689 1430.0972689990958 0 0 0
V 1 0.00003 19.18535087405735 32515.605856246126 0 0 0
V 1 0.00003 6.932655969225142 2234.1728899545947 0 0 0
V 1 0.00003 2.5741215361962615 -15085.298975275295 0 0 0
V 1 0.00003 15.453405558636696 909.9948673170334 0 0 0
V 1 0.00003 4.597822553275983 3315.020023885562 0 0 0
V 1 0.00003 14.337746362058468 10529.082890553524 0 0 0
V 1 0.00003 21.284352883985036 9414.454330265933 0 0 0
V 1 0.00003 0.1231197955776211 -12714.055245063393 0 0 0
V 1 0.00003 13.509833602159784 -6614.6209386830205 0 0 0
V 1 0.00003 18.22094539869138 10042.761915228088 0 0 0
V 1 0.00003 21.10107202808996 11299.377085152399 0 0 0
V 1 0.00003 18.729784707537252 13042.313230402144 0 0 0
V 1 0.00003 23.266952458146545 -4101.390598834399 0 0 0
V 1 0.00003 24.836471601088352 12555.99225507671 0 0 0
V 1 0.00003 27.52472512842904 20884.68368203226 0 0 0
V 1 0.00003 -11.377905696905756 -17975.802540063836 0 0 0
V 1 0.00003 1.4820986572172608 113.96351976492679 0 0 0
V 1 0.00003 -1.4296704924384116 -14834.26461525306 0 0 0
V 1 0.00003 2.487916726497902 1370.5786896892378 0 0 0
V 1 0.00003 8.098536862894974 -8072.741297553906 0 0 0
V 1 0.00003 12.809648659426571 8584.6415563572 0 0 0
V 1 0.00003 11.63664382548435 222.16870304502027 0 0 0
V 1 0.00003 13.885626856909912 10293.796275250323 0 0 0
V 1 0.00003 16.67755681863166 1303.015836975987 0 0 0
V 1 0.00003 2.096083076683791 -21278.03328732215 0 0 0
V 1 0.00003 -0.4070078986205212 -12949.341860366594 0 0 0
V 1 0.00003 17.417142474350605 10922.103860212477 0 0 0
V 1 0.00003 2.064362791633507 -12321.034275404438 0 0 0
V 1 0.00003 19.634551974457406 10435.782884887041 0 0 0
V 1 0.00003 22.52396009028516 11692.398054811352 0 0 0
V 1 0.00003 31.041671965210178 20649.397066729063 0 0 0
V 1 0.00003 -9.941040514461807 -17582.781570404884 0 0 0
V 1 0.00003 -1.708608441315036 -297.0911315316189 0 0 0
V 1 0.00003 -4.204758412693145 -8554.789253668816 0 0 0
V 1 0.00003 0.6539470027107406 -783.4121068570566 0 0 0
V 1 0.00003 -3.741394510683101 -15697.858815518419 0 0 0
V 1 0.00003 3.206339542033774 -155.10452189490115 0 0 0
V 1 0.00003 -1.2314104810770399 -6740.859803600708 0 0 0
V 1 0.00003 8.385928046628894 20.663514098443557 0 0 0
V 1 0.00003 6.917892065651831 -188.88594825152632 0 0 0
V 1 0.00003 10.176741441122848 1101.5106480294098 0 0 0
V 1 0.00003 2.132725596450088 -13812.936060631951 0 0 0
V 1 0.00003 5.83526281753625 -6146.333644995178 0 0 0
V 1 0.00003 5.616323318977777 -6598.873193963989 0 0 0
V 1 0.00003 10.097658679759967 10058.50965994712 0 0 0
V 1 0.00003 14.257395938098378 2358.125817953721 0 0 0
V 1 0.00003 15.319358998813607 10686.817244909274 0 0 0
V 1 0.00003 -4.52204865241343 -28099.07518433116 0 0 0
V 1 0.00003 0.1890631441181707 -11441.692330420048 0 0 0
V 1 0.00003 20.974606731539318 18529.18769653939 0 0 0
V 1 0.00003 17.155924425278997 -4085.6428541153678 0 0 0
V 1 0.00003 24.22448866930899 11457.11143950815 0 0 0
V 1 0.00003 23.947015704088557 12085.419024470304 0 0 0
V 1 0.00003 16.846094803916245 -2829.0276841910572 0 0 0
V 1 0.00003 -2.6410715502643747 -8232.76158882822 0 0 0
V 1 0.00003 -15.236070270006323 -31475.89972444514 0 0 0
V 1 0.00003 0.3593299530760028 -8161.7682840098605 0 0 0
V 1 0.00003 13.599174277892534 6823.671729469859 0 0 0
V 1 0.00003 4.898252052071644 2156.620629007144 0 0 0
V 1 0.00003 9.147219525272554 -6834.159809267191 0 0 0
V 1 0.00003 17.42119382234935 379.9030574007711 0 0 0
V 1 0.00003 15.373005288751909 8708.594484356325 0 0 0
V 1 0.00003 6.174163334652382 -14082.00410229178 0 0 0
V 1 0.00003 32.46237711094865 33208.347789897554 0 0 0
V 1 0.00003 9.466785104196553 -13906.236066298436 0 0 0
V 1 0.00003 14.862436237026039 2089.0577762938938 0 0 0
V 1 0.00003 19.869629667362098 1636.518227325082 0 0 0
V 1 0.00003 -3.0988942529743735 -27706.054214672204 0 0 0
V 1 0.00003 1.612217543557227 -11048.671360761095 0 0 0
V 1 0.00003 15.968485687540149 4007.761957536985 0 0 0
V 1 0.00003 24.07528713691993 19550.5162511605 0 0 0
V 1 0.00003 18.57426677743738 -3692.621884456414 0 0 0
V 1 0.00003 23.285378573968977 12964.760969454695 0 0 0
V 1 0.00003 25.69088412456498 11850.132409167101 0 0 0
V 1 0.00003 14.6724470812267 14917.076541122213 0 0 0
V 1 0.00003 -13.81361051160956 -31082.878754786183 0 0 0
V 1 0.00003 -0.28577965510696757 -16654.75302145026 0 0 0
V 1 0.00003 -3.416471577394553 -6583.125449244955 0 0 0
V 1 0.00003 12.476195904245426 -31.151593895773658 0 0 0
V 1 0.00003 10.559687971833352 -6441.1388396082375 0 0 0
V 1 0.00003 15.270799768364952 10216.244014302873 0 0 0
V 1 0.00003 15.17071723966992 1225.4635760285364 0 0 0
V 1 0.00003 5.369248826303789 -13026.894121314044 0 0 0
V 1 0.00003 14.228409181807837 2515.8601723094725 0 0 0
V 1 0.00003 0.7044193246711252 -29055.969390262995 0 0 0
V 1 0.00003 8.019481405947731 -4069.895109396334 0 0 0
V 1 0.00003 13.45690870499181 -5184.5236696839265 0 0 0
V 1 0.00003 17.561074249674583 19801.550611182734 0 0 0
V 1 0.00003 -1.6758297379917941 -27313.033245013252 0 0 0
V 1 0.00003 -0.10631059504998674 -10655.650391102141 0 0 0
V 1 0.00003 16.543715301688977 -4556.216084721771 0 0 0
V 1 0.00003 11.987467220258319 -2813.279939472023 0 0 0
V 1 0.00003 16.79717326430123 4400.782927195939 0 0 0
V 1 0.00003 27.65893378594881 4542.769536832657 0 0 0
V 1 0.00003 32.370045582480415 21200.152390743766 0 0 0
V 1 0.00003 -6.725298537832977 -8703.334819434624 0 0 0
V 1 0.00003 7.6602994195101175 8096.034644113202 0 0 0
V 1 0.00003 -4.349266325808934 -23475.794918459265 0 0 0
V 1 0.00003 -2.0891954710575646 -15147.103491503713 0 0 0
V 1 0.00003 0.3618454707226668 -6818.412064548158 0 0 0
V 1 0.00003 3.509330430334572 -16261.732051791305 0 0 0
V 1 0.00003 5.261792000084736 -6676.425454911439 0 0 0
V 1 0.00003 9.972903796616336 9980.95739899967 0 0 0
V 1 0.00003 19.252363301778253 9494.63642367423 0 0 0
V 1 0.00003 24.751410073728316 17823.327850629787 0 0 0
V 1 0.00003 6.786246576806434 -12633.87315165509 0 0 0
V 1 0.00003 8.700372578927354 -4305.181724699537 0 0 0
V 1 0.00003 14.902280294330488 2908.8811419684253 0 0 0
V 1 0.00003 2.1285710052447726 -28662.948420604043 0 0 0
V 1 0.00003 24.981622302726386 11379.559178560696 0 0 0
V 1 0.00003 7.134717802110348 -10748.950396768625 0 0 0
V 1 0.00003 20.522857645617336 5422.111481817047 0 0 0
V 1 0.00003 26.349048332943653 12636.174348485009 0 0 0
V 1 0.00003 17.146065003320395 -535.3362149266045 0 0 0
V 1 0.00003 -3.0858250468453825 -8310.31384977567 0 0 0
V 1 0.00003 3.0521153071350113 -467.9433981455513 0 0 0
V 1 0.00003 1.8166933756556674 -16497.018667094504 0 0 0
V 1 0.00003 -0.6589417703530991 -14754.082521844759 0 0 0
V 1 0.00003 16.901501147722215 8631.042223408876 0 0 0
V 1 0.00003 22.6897161673982 17588.04123532659 0 0 0
V 1 0.00003 13.57989701691745 -5026.789315328175 0 0 0
V 1 0.00003 31.043498193769736 35502.039259162004 0 0 0
V 1 0.00003 8.30664775796729 -11612.544597033982 0 0 0
V 1 0.00003 10.619265589574301 -3283.853170078427 0 0 0
V 1 0.00003 10.35318737662772 5044.838256877128 0 0 0
V 1 0.00003 12.188784732516105 13373.52968383268 0 0 0
V 1 0.00003 8.91877123093023 -2655.5455851162715 0 0 0
V 1 0.00003 31.848962365204645 20101.27157517521 0 0 0
V 1 0.00003 8.557835375102188 -10355.92942710967 0 0 0
V 1 0.00003 35.16152748090101 21986.194330061677 0 0 0
V 1 0.00003 25.090046425420443 -16867.260951892007 0 0 0
V 1 0.00003 31.60166735890631 16866.60368063015 0 0 0
V 1 0.00003 11.179865462639789 553.3851564755569 0 0 0
V 1 0.00003 8.891839846652555 -7146.998685517843 0 0 0
V 1 0.00003 2.769122437522185 -13104.446382261494 0 0 0
V 1 0.00003 18.632958537608516 9652.370778029985 0 0 0
V 1 0.00003 11.862831037829782 4181.24405661177 0 0 0
V 1 0.00003 17.30928439228231 2404.5264850053964 0 0 0
V 1 0.00003 27.824616216082152 19237.67737490985 0 0 0
V 1 0.00003 12.132387597630842 -12334.152187662621 0 0 0
V 1 0.00003 13.225610692461032 -11253.305053731652 0 0 0
V 1 0.00003 14.168218087040431 -9334.600872488561 0 0 0
V 1 0.00003 14.865513952519784 -8706.293287526407 0 0 0
V 1 0.00003 9.057313147023109 318.0985411723541 0 0 0
V 1 0.00003 10.159705492897196 -7382.285300821046 0 0 0
V 1 0.00003 14.870817289428793 9275.097553090065 0 0 0
V 1 0.00003 20.555074636343512 8160.468992802471 0 0 0
V 1 0.00003 17.5695191331314 8788.776577764627 0 0 0
V 1 0.00003 -0.13239912119222197 -13339.732997564697 0 0 0
V 1 0.00003 12.238974676250852 -12116.89925399701 0 0 0
V 1 0.00003 23.018036571068397 4716.251635907442 0 0 0
V 1 0.00003 28.72267060277231 21549.402525811893 0 0 0
V 1 0.00003 35.19858554858146 20887.313514493115 0 0 0
V 1 0.00003 20.738933057030998 -10684.516048079357 0 0 0
V 1 0.00003 36.35751522044042 13815.23725746187 0 0 0
V 1 0.00003 38.07560392111516 22143.928684417428 0 0 0
V 1 0.00003 28.150567852685917 7229.481975756063 0 0 0
V 1 0.00003 10.19338426906068 82.81192586915313 0 0 0
V 1 0.00003 9.097634242275962 -13433.03300323118 0 0 0
V 1 0.00003 13.80874603880756 3224.3498506799297 0 0 0
V 1 0.00003 14.176515093743312 5595.593580891833 0 0 0
V 1 0.00003 13.551139201476587 5143.05403192302 0 0 0
V 1 0.00003 30.470311983814135 20023.719314227757 0 0 0
V 1 0.00003 15.136927348428603 -2104.790261101566 0 0 0
V 1 0.00003 23.965261325571323 5109.272605566396 0 0 0
V 1 0.00003 10.338081518451084 -18133.86553005052 0 0 0
V 1 0.00003 16.130004223378446 -10467.263114413745 0 0 0
V 1 0.00003 20.314571141866754 5737.580190528552 0 0 0
V 1 0.00003 27.72630300919553 5075.491179209772 0 0 0
V 1 0.00003 15.172769866231398 -8339.009470820685 0 0 0
V 1 0.00003 19.883881662762995 8318.373383090424 0 0 0
V 1 0.00003 12.369300754262412 2360.7556504145723 0 0 0
V 1 0.00003 28.424106824537517 19160.1251139624 0 0 0
V 1 0.00003 29.512055349120875 11459.741271968998 0 0 0
V 1 0.00003 11.717644503467127 -11330.857314679104 0 0 0
V 1 0.00003 14.973454970210064 5536.075001581972 0 0 0
V 1 0.00003 28.01733370111147 4211.896978944413 0 0 0
V 1 0.00003 29.66756924978879 12088.048856931153 0 0 0
V 1 0.00003 13.777786215238095 -10040.460718398168 0 0 0
V 1 0.00003 9.096654613886244 31.16685380713261 0 0 0
V 1 0.00003 13.57069969962171 -421.37269516167635 0 0 0
V 1 0.00003 13.680880326086776 -1083.461706480458 0 0 0
V 1 0.00003 19.776947573078406 -1745.5507177992386 0 0 0
V 1 0.00003 37.332749572630505 21673.355453811022 0 0 0
V 1 0.00003 17.305190913926204 173.15346344385216 0 0 0
V 1 0.00003 41.36130651503278 22929.97062373533 0 0 0
V 1 0.00003 28.477400302615557 -313.1675118815847 0 0 0
V 1 0.00003 11.439325263095952 -5574.914806882029 0 0 0
V 1 0.00003 16.50902131438109 5929.095971240929 0 0 0
V 1 0.00003 12.82378489756168 -9019.132163777058 0 0 0
V 1 0.00003 16.99978343377404 -690.4407368215034 0 0 0
V 1 0.00003 29.733807965828568 5861.533118527677 0 0 0
V 1 0.00003 21.456972666767303 8266.55827509621 0 0 0
V 1 0.00003 21.968579346210152 -724.2221631781285 0 0 0
V 1 0.00003 22.4893577619488 566.1744331028076 0 0 0
V 1 0.00003 42.23094719549435 23322.99159339429 0 0 0
V 1 0.00003 15.06439317668979 2518.490004770323 0 0 0
V 1 0.00003 7.961719791415547 -12395.956703891037 0 0 0
V 1 0.00003 12.136552609615343 -9882.726364042415 0 0 0
V 1 0.00003 18.38807769225727 6774.656489868692 0 0 0
V 1 0.00003 17.84388767549051 -925.7273521247062 0 0 0
V 1 0.00003 20.002142211830083 -87.87030481258262 0 0 0
V 1 0.00003 21.416954362626214 -121.65173116920596 0 0 0
V 1 0.00003 31.120989978678754 -155.43315752583203 0 0 0
V 1 0.00003 39.563108423228044 7058.62970914213 0 0 0
V 1 0.00003 11.05313741229714 -2417.62913735222 0 0 0
V 1 0.00003 22.573799541265885 5424.741314277899 0 0 0
V 1 0.00003 32.99442656604829 20967.495607901415 0 0 0
V 1 0.00003 12.33842490774321 -9489.705394383463 0 0 0
V 1 0.00003 26.27023444013382 -1647.3349427533449 0 0 0
V 1 0.00003 23.35614115938316 -8685.629773427965 0 0 0
V 1 0.00003 28.067252955914757 7971.753080483146 0 0 0
V 1 0.00003 26.95458190647231 7309.664069164364 0 0 0
V 1 0.00003 32.5782668902325 6647.575057845583 0 0 0
V 1 0.00003 25.012698327941862 -8266.871650815778 0 0 0
V 1 0.00003 25.97771044310391 61.81977613977506 0 0 0
V 1 0.00003 8.930386628697747 -10981.607179610977 0 0 0
V 1 0.00003 19.73226533165444 -9096.68442472451 0 0 0
V 1 0.00003 21.238018148196176 -767.9929977689553 0 0 0
V 1 0.00003 20.66237404074839 7108.1588802177885 0 0 0
V 1 0.00003 37.71221177020111 21988.82416252252 0 0 0
V 1 0.00003 24.361275172170757 -1254.313973094393 0 0 0
V 1 0.00003 15.263696211453528 -16168.760681755753 0 0 0
V 1 0.00003 27.100011405017327 -68.69210798844142 0 0 0
V 1 0.00003 34.00044634875139 7040.596027504536 0 0 0
V 1 0.00003 41.55471172741889 23245.439332446833 0 0 0
V 1 0.00003 7.96523737574417 -31083.207390417112 0 0 0
V 1 0.00003 49.5529713039637 31087.809784076948 0 0 0
V 1 0.00003 15.963496952288985 -23240.836938786997 0 0 0
V 1 0.00003 28.47114396575674 10073.928769035218 0 0 0
V 1 0.00003 42.25451246825434 16173.36307541559 0 0 0
V 1 0.00003 8.664593756382317 -12473.508964838486 0 0 0
V 1 0.00003 9.194205022441615 -11216.893794914175 0 0 0
V 1 0.00003 14.770880972395112 -12331.522355201767 0 0 0
V 1 0.00003 22.623585422516506 4325.860498709342 0 0 0
V 1 0.00003 22.0845210361432 7501.179849876744 0 0 0
V 1 0.00003 29.788201436649565 -861.2930034354358 0 0 0
V 1 0.00003 22.30175847128917 881.6431418143111 0 0 0
V 1 0.00003 23.697154642826078 9210.334568769864 0 0 0
V 1 0.00003 35.4225933441462 7433.616997163492 0 0 0
V 1 0.00003 30.6857640387651 -7933.369260466679 0 0 0
V 1 0.00003 32.25528318170691 8724.01359344443 0 0 0
V 1 0.00003 10.092294389456974 -12080.487995179532 0 0 0
V 1 0.00003 10.616201919520748 -10823.872825255223 0 0 0
V 1 0.00003 16.602882845110706 -9567.257655330912 0 0 0
V 1 0.00003 37.263458842573144 22146.558516878278 0 0 0
V 1 0.00003 37.41575697409427 22774.866101840435 0 0 0
V 1 0.00003 33.686771522603436 7860.4193931790705 0 0 0
V 1 0.00003 24.361990835849333 -7054.02731548229 0 0 0
V 1 0.00003 27.789903394344527 822.1245625044539 0 0 0
V 1 0.00003 31.453003306138797 160.03555118567238 0 0 0
V 1 0.00003 11.51964316415443 -11687.46702552058 0 0 0
V 1 0.00003 22.32748754624169 5111.902438027248 0 0 0
V 1 0.00003 13.566507200010491 -9802.544270634115 0 0 0
V 1 0.00003 19.514481128487063 6854.838583276993 0 0 0
V 1 0.00003 18.048047790326358 -845.5452587164036 0 0 0
V 1 0.00003 24.664123300392724 -9208.018112028583 0 0 0
V 1 0.00003 28.092159103179874 6996.825192913713 0 0 0
V 1 0.00003 33.83768543970042 7625.132777875868 0 0 0
V 1 0.00003 36.28909172170215 -109.03249047415557 0 0 0
V 1 0.00003 47.67302255499743 -0.8273071940602676 0 0 0
V 1 0.00003 12.946669751071958 -11294.446055861628 0 0 0
V 1 0.00003 16.345914893018573 -10666.138470899472 0 0 0
V 1 0.00003 18.70093183361135 -2337.4470439439174 0 0 0
V 1 0.00003 18.847946678953768 -1709.139458981761 0 0 0
V 1 0.00003 23.74948444332083 5504.923407686201 0 0 0
V 1 0.00003 14.44335085429504 -9409.523300975161 0 0 0
V 1 0.00003 29.514901081316687 7389.846162572667 0 0 0
V 1 0.00003 26.303470439453 142.0018695480776 0 0 0
V 1 0.00003 14.373401551878828 -10901.425086202677 0 0 0
V 1 0.00003 17.768578505871965 -10273.11750124052 0 0 0
V 1 0.00003 25.171453589664864 5897.944377345153 0 0 0
V 1 0.00003 23.283299916742862 568.8042655636564 0 0 0
V 1 0.00003 32.414743494488526 -22.291440936764047 0 0 0
V 1 0.00003 31.49716749951596 710.790875200375 0 0 0
V 1 0.00003 15.799860906789462 -10508.404116543721 0 0 0
V 1 0.00003 21.69166820174872 -923.0975196638574 0 0 0
V 1 0.00003 26.593396207004254 6290.965347004105 0 0 0
V 1 0.00003 24.469303163350737 333.5176502604554 0 0 0
V 1 0.00003 26.73654303247205 -781.1109100271369 0 0 0
V 1 0.00003 29.040316037842366 -152.80332506498235 0 0 0
V 1 0.00003 36.78437022732185 8175.888101890572 0 0 0
V 1 0.00003 25.93898722291273 -7400.64761808957 0 0 0
V 1 0.00003 35.21053545969255 8804.195686852727 0 0 0
V 1 0.00003 17.226071726814617 -10115.383146884766 0 0 0
V 1 0.00003 17.692417425482986 -8858.767976960457 0 0 0
V 1 0.00003 28.01531299347073 6683.98631666306 0 0 0
V 1 0.00003 22.704278905824864 -7602.152807036144 0 0 0
V 1 0.00003 31.747815993995758 -388.0899403681833 0 0 0
V 1 0.00003 30.99849398481672 7940.601486587373 0 0 0
V 1 0.00003 35.472393721956145 30.66818224400413 0 0 0
V 1 0.00003 37.071335881458175 9197.216656511684 0 0 0
V 1 0.00003 37.79640976745517 206.43621823734975 0 0 0
V 1 0.00003 43.495883962590916 10453.831826435995 0 0 0
V 1 0.00003 18.652050941648028 -9722.362177225814 0 0 0
V 1 0.00003 29.437204821728898 7077.007286322016 0 0 0
V 1 0.00003 24.217902444180638 -7837.439422339348 0 0 0
V 1 0.00003 29.700188309057395 38.712455647393654 0 0 0
V 1 0.00003 24.775835688750426 -7209.131837377192 0 0 0
V 1 0.00003 31.08796284223242 -8323.760397664784 0 0 0
V 1 0.00003 36.87653393026216 8333.622456246325 0 0 0
V 1 0.00003 20.077817575378546 -9329.341207566858 0 0 0
V 1 0.00003 31.642921200484146 -858.6631709745889 0 0 0
V 1 0.00003 30.85907221537753 7470.0282559809675 0 0 0
V 1 0.00003 21.42366401472431 -8308.01265294575 0 0 0
V 1 0.00003 31.36449528122577 -13.10265234682447 0 0 0
V 1 0.00003 34.98163925074142 8020.783579995674 0 0 0
V 1 0.00003 38.25407679775268 8649.09116495783 0 0 0
V 1 0.00003 24.992306504651566 571.4340980245106 0 0 0
V 1 0.00003 29.148348900963498 -7128.949743968891 0 0 0
V 1 0.00003 35.36923465857957 7.560861751619086 0 0 0
V 1 0.00003 43.593201216344575 -923.4261552947901 0 0 0
V 1 0.00003 52.03543029503655 64.12097296970023 0 0 0
V 1 0.00003 24.753610437417393 23.308606470651284 0 0 0
V 1 0.00003 48.55247159019878 -372.6708312800838 0 0 0
V 1 0.00003 41.075981209902935 54.13156473550407 0 0 0
V 1 0.00003 46.612734334533855 178.08449273462247 0 0 0
V 1 0.00003 60.229411249379766 7.232226120690029 0 0 0
V 1 0.00003 51.571405070513535 -54.57229010773153 0 0 0
V 1 0.00003 64.69929012743474 9.862058581544261 0 0 0
V 1 0.00003 12.80174858699227 301.1075399385254 0 0 0
V 1 0.00003 6.31115275991648 18123.536226598055 0 0 0
V 1 0.00003 -4.840487337155974 -14772.476988405644 0 0 0
V 1 0.00003 1.9857814544926313 -9723.857124617807 0 0 0
V 1 0.00003 10.695615292883033 16100.068573767312 0 0 0
V 1 0.00003 20.691444190858327 39272.224664153204 0 0 0
V 1 0.00003 18.406980925537546 48438.76750862722 0 0 0
V 1 0.00003 6.471858440847281 -9443.319987243145 0 0 0
V 1 0.00003 16.794336602387617 32409.686609884593 0 0 0
V 1 0.00003 4.699316756629901 -8396.265539256141 0 0 0
V 1 0.00003 14.352530343705567 25337.599093266013 0 0 0
V 1 0.00003 18.823243237088374 22057.527530098298 0 0 0
V 1 0.00003 16.955042283318416 4842.830396043395 0 0 0
V 1 0.00003 24.092802611060833 47324.13894833962 0 0 0
V 1 0.00003 26.436563469424932 30599.181982127924 0 0 0
V 1 0.00003 28.792119367690734 38927.87340908348 0 0 0
V 1 0.00002 -1.8170911645053165 1290.4209780292895 0 0 0
V 1 0.00002 -2.7173457329824533 -7247.819911276234 0 0 0
V 1 0.00002 6.22428641928377 8504.483844697252 0 0 0
V 1 0.00002 10.935398215815368 25161.866698608363 0 0 0
V 1 0.00002 10.03514364733823 16623.625809302837 0 0 0
V 1 0.00002 7.192163277640504 8328.691426955555 0 0 0
V 1 0.00002 6.602323373230183 -9443.319987243145 0 0 0
V 1 0.00002 7.0813084156016135 -1114.6285602875923 0 0 0
V 1 0.00002 16.61352318172427 32200.137147534624 0 0 0
V 1 0.00002 1.6187324415393345 -53.68045120952797 0 0 0
V 1 0.00002 4.240881455278869 -609.1199148093086 0 0 0
V 1 0.00002 -4.334955327807343 1113.9172055875363 0 0 0
V 1 0.00002 7.036655405582217 -1115.3399149876484 0 0 0
V 1 0.00002 -3.6838935144841107 -15436.816100604572 0 0 0
V 1 0.00002 -0.8371227267590653 -7108.124673649018 0 0 0
V 1 0.00002 14.818844111769204 7320.001059686906 0 0 0
V 1 0.00002 16.594687328188762 15648.692486642462 0 0 0
V 1 0.00002 -3.6172740521045785 -31866.075904385394 0 0 0
V 1 0.00002 5.706675635832424 1448.6898034368219 0 0 0
V 1 0.00002 5.0147138725201765 9777.381230392375 0 0 0
V 1 0.00002 7.3615884683254125 996.1502544680103 0 0 0
V 1 0.00002 3.858611798886095 -14874.631807325057 0 0 0
V 1 0.00002 12.913537310912417 -15989.26036761265 0 0 0
V 1 0.00002 14.242102118045423 -8322.657951975874 0 0 0
V 1 0.00002 18.95321391457702 8334.724901935233 0 0 0
V 1 0.00002 18.048585468430616 -8775.197500944685 0 0 0
V 1 0.00002 23.20264857954832 -6992.446454358636 0 0 0
V 1 0.00002 27.91376037607992 9664.936399552473 0 0 0
V 1 0.00002 35.54954334708867 -7773.013771496997 0 0 0
V 1 0.00002 44.616224006995616 889.7388986077856 0 0 0
V 1 0.00002 48.828875637439396 2338.4287020446077 0 0 0
V 1 0.00002 53.53998743397099 18995.811555955715 0 0 0
V 1 0.00002 56.86372062837119 9552.49156871257 0 0 0
V 1 0.00002 56.08577836105209 17881.182995668125 0 0 0
V 1 0.00002 65.93093972235236 18215.244238817355 0 0 0
V 1 0.00002 -62.95574861556296 -1597.6762862425485 0 0 0
V 1 0.00002 -60.9570743179897 -17920.99789700443 0 0 0
V 1 0.00002 -48.56595186000626 -18701.565214142793 0 0 0
V 1 0.00002 -49.35198861533026 -10372.873787187236 0 0 0
V 1 0.00002 -44.64087681879865 6284.509066723872 0 0 0
V 1 0.00002 -45.97069138877143 -595.4925567948599 0 0 0
V 1 0.00002 -36.64579869080989 8067.2601133099215 0 0 0
V 1 0.00002 -24.440491838975394 7286.692796171561 0 0 0
V 1 0.00002 -25.373204559678364 406.6911726528292 0 0 0
V 1 0.00002 -21.80766087803368 740.7524158020589 0 0 0
V 1 0.00002 -8.50476274352157 16283.506709425577 0 0 0
V 1 0.00002 -5.18099359533878 6840.186722182429 0 0 0
V 1 0.00002 -22.47960704636821 -23911.260621915375 0 0 0
V 1 0.00002 -12.86652506734827 9403.50508590684 0 0 0
V 1 0.00002 -13.198680084273096 622.2741099824768 0 0 0
V 1 0.00002 2.9906942909640666 23831.630819242768 0 0 0
V 1 0.00002 8.592302369347841 32160.322246198317 0 0 0
V 1 0.00002 -8.510798426208552 1408.8749021005183 0 0 0
V 1 0.00002 2.139185607657252 8622.93776876848 0 0 0
V 1 0.00002 4.172690679373306 -34.9448882005849 0 0 0
V 1 0.00002 6.749167957340746 629.0189396622112 0 0 0
V 1 0.00002 -7.280240808366885 -14967.415805170835 0 0 0
V 1 0.00002 7.686712614175398 -86.75052286609733 0 0 0
V 1 0.00002 -12.125944720563346 -15021.096256380362 0 0 0
V 1 0.00002 -8.889171186448152 -14978.436437292763 0 0 0
V 1 0.00002 -13.003704513104536 -30457.201002284877 0 0 0
V 1 0.00002 -0.8143304182429547 -7038.2948306746175 0 0 0
V 1 0.00002 3.896781378288644 9619.088023236489 0 0 0
V 1 0.00002 10.675300312124854 17285.690438873266 0 0 0
V 1 0.00002 4.548744632935691 -8152.923390962208 0 0 0
V 1 0.00002 19.588573204823582 32828.44473249678 0 0 0
V 1 0.00002 18.73039011227048 7180.281440311336 0 0 0
V 1 0.00002 -10.522902494717538 -14968.12715987089 0 0 0
V 1 0.00002 -2.652457200646178 -6532.786185196334 0 0 0
V 1 0.00002 8.66394670494185 -8603.136016243103 0 0 0
V 1 0.00002 13.375058501473447 8054.246837668006 0 0 0
V 1 0.00002 20.680071966130903 -8146.889915982531 0 0 0
V 1 0.00002 23.458790976359868 9959.182741365397 0 0 0
V 1 0.00002 31.174723306344557 -7478.767429684072 0 0 0
V 1 0.00002 49.63291866565878 34498.75094824292 0 0 0
V 1 0.00002 61.479667104520956 18509.490580630278 0 0 0
V 1 0.00002 -57.13173823246878 -635.3074581311635 0 0 0
V 1 0.00002 -53.01671658702533 -18407.318872329866 0 0 0
V 1 0.00002 -53.80275334234933 -10078.62744537431 0 0 0
V 1 0.00002 -49.09164154581772 6578.755408536799 0 0 0
V 1 0.00002 -46.30475895426515 -18073.257629180636 0 0 0
V 1 0.00002 -39.59708418495642 -17739.196386031406 0 0 0
V 1 0.00002 -28.976772644189943 -2196.4420924078895 0 0 0
V 1 0.00002 -27.181002539636705 700.9375144657552 0 0 0
V 1 0.00002 -24.828054861405086 9029.628941421308 0 0 0
V 1 0.00002 -30.526914417706866 248.39796549694324 0 0 0
V 1 0.00002 -26.77382235190566 8367.539930102526 0 0 0
V 1 0.00002 -29.10383015534191 -17071.073899732946 0 0 0
V 1 0.00002 -24.690294378281468 -413.6910458218374 0 0 0
V 1 0.00002 -33.54393891302724 -23951.075523251682 0 0 0
V 1 0.00002 -22.996389162713854 582.4592086461728 0 0 0
V 1 0.00002 -12.882840964913308 16577.7530512385 0 0 0
V 1 0.00002 -17.681542288900975 916.5204517954024 0 0 0
V 1 0.00002 -12.957592005580562 1703.121243913444 0 0 0
V 1 0.00002 -8.607524077244241 -16068.890170285258 0 0 0
V 1 0.00002 -2.671652911839182 17245.87553753696 0 0 0
V 1 0.00002 -3.9920152340171295 -8854.827303617294 0 0 0
V 1 0.00002 3.087447120460789 16131.246977249368 0 0 0
V 1 0.00002 -3.0517316836199786 -7406.137500180474 0 0 0
V 1 0.00002 1.6593801129116201 9251.245353730636 0 0 0
V 1 0.00002 5.065396320341528 991.7696873769505 0 0 0
V 1 0.00002 12.883113546848264 -16.209325191641796 0 0 0
V 1 0.00002 15.018795829516888 -5.9000477697697775 0 0 0
V 1 0.00002 -0.4789209106359129 -14391.365962018093 0 0 0
V 1 0.00002 16.460312770724034 7197.1421867762665 0 0 0
V 1 0.00002 21.18221733428412 23854.525040687375 0 0 0
V 1 0.00002 3.0336581958164697 -7178.014450050187 0 0 0
V 1 0.00002 9.932991626334905 36.04841661777431 0 0 0
V 1 0.00002 6.15706720786197 -17.632034591753666 0 0 0
V 1 0.00002 11.358934499049965 3.697874952046334 0 0 0
V 1 0.00002 -2.2438850310970833 -14339.108220208678 0 0 0
V 1 0.00002 8.069988929987094 1203.6460734148386 0 0 0
V 1 0.00002 9.692565770211921 541.5570620960581 0 0 0
V 1 0.00002 7.12241921028484 -8239.673913828306 0 0 0
V 1 0.00002 -6.287449930776818 -14392.788671418206 0 0 0
V 1 0.00002 -8.901324609301088 -14350.128852330607 0 0 0
V 1 0.00002 1.4961282827391895 1192.6254412929106 0 0 0
V 1 0.00002 3.942461024038352 -15400.767683986798 0 0 0
V 1 0.00002 21.720707365913373 25128.06089050338 0 0 0
V 1 0.00002 12.602097399621666 -14.593756203778497 0 0 0
V 1 0.00002 -9.004254789326886 -14286.850478399261 0 0 0
V 1 0.00002 6.006631101070067 -13618.016637400746 0 0 0
V 1 0.00002 13.859335551191457 3039.3662165103624 0 0 0
V 1 0.00002 17.406838281654473 -6403.9537707327845 0 0 0
V 1 0.00002 24.14179097637554 -6069.8925275835545 0 0 0
V 1 0.00002 37.92129821880416 19250.24299643234 0 0 0
V 1 0.00002 45.182211359972094 34792.99729005586 0 0 0
V 1 0.00002 57.02770647789842 18803.736922443204 0 0 0
V 1 0.00002 57.45246995672012 19137.798165592434 0 0 0
V 1 0.00002 -67.50256162503244 -9003.813786423023 0 0 0
V 1 0.00002 -53.18763470568764 202.54958918096054 0 0 0
V 1 0.00002 -57.562905962864136 -8335.691300124563 0 0 0
V 1 0.00002 -52.48635345372886 -16330.32148393089 0 0 0
V 1 0.00002 -45.02588120973128 327.0613699802211 0 0 0
V 1 0.00002 -46.13041665324787 -125.47817898859057 0 0 0
V 1 0.00002 -43.83022081013526 661.1226131294507 0 0 0
V 1 0.00002 -39.77664853616053 -7333.507570676875 0 0 0
V 1 0.00002 -28.90410256395316 876.7055504590985 0 0 0
V 1 0.00002 -18.249226139144078 8333.758503745901 0 0 0
V 1 0.00002 -18.085868218793696 -447.4724721784628 0 0 0
V 1 0.00002 -11.7277458976793 -113.41122902923325 0 0 0
V 1 0.00002 -9.733280655474218 -565.9507779980449 0 0 0
V 1 0.00002 -3.9982246961803725 17540.121879349885 0 0 0
V 1 0.00002 -1.571520219700897 17874.183122499115 0 0 0
V 1 0.00002 2.0890115621266627 1550.8615117372365 0 0 0
V 1 0.00002 -3.6079008847418237 -13869.707924774939 0 0 0
V 1 0.00002 6.906123944302557 1673.046368848578 0 0 0
V 1 0.00002 -4.537805609497553 -13816.738828265467 0 0 0
V 1 0.00002 3.4868731876072276 -6602.675961597505 0 0 0
V 1 0.00002 3.4612937489429365 -5329.140111781497 0 0 0
V 1 0.00002 11.527318272811122 770.2941945988737 0 0 0
V 1 0.00002 18.05590933650819 560.7447322489047 0 0 0
V 1 0.00002 30.089843988871802 9767.108107852888 0 0 0
V 1 0.00002 25.62114970509854 2887.106484334155 0 0 0
V 1 0.00002 33.65926404678517 10101.169351002116 0 0 0
V 1 0.00002 -82.2375002347197 -9377.689930908557 0 0 0
V 1 0.00002 -64.3490009446381 162.7346878446565 0 0 0
V 1 0.00002 -58.540454482840204 -8041.444958311637 0 0 0
V 1 0.00002 -43.02058089041991 14715.37220197984 0 0 0
V 1 0.00002 -57.3389579008052 -16036.075142117961 0 0 0
V 1 0.00002 -61.57548272110426 -31085.860903063833 0 0 0
V 1 0.00002 -56.86437162270436 -14428.478049152724 0 0 0
V 1 0.00002 -24.698838947333588 14427.773417519125 0 0 0
V 1 0.00002 -19.987728023466616 31085.156271430234 0 0 0
V 1 0.00002 -31.059268310975785 16832.184491715125 0 0 0
V 1 0.00002 -29.953381593846064 -9268.518349439131 0 0 0
V 1 0.00002 -18.563304472470577 7722.925747621206 0 0 0
V 1 0.00002 -14.61519824098658 32709.000028487866 0 0 0
V 1 0.00002 -33.49061932991413 -14699.830169521043 0 0 0
V 1 0.00002 -27.71941708451529 -6371.138742565488 0 0 0
V 1 0.00002 -22.17089992764762 -7485.767302853081 0 0 0
V 1 0.00002 -17.942325705998122 180.8351127836927 0 0 0
V 1 0.00002 -7.903204479910869 33043.061271637096 0 0 0
V 1 0.00002 -6.023182877120071 -147.19265538585842 0 0 0
V 1 0.00002 -11.019284340815638 -15146.336243510175 0 0 0
V 1 0.00002 -8.51778014672696 1511.0466104009324 0 0 0
V 1 0.00002 -7.566927313766946 -7932.273376842212 0 0 0
V 1 0.00002 -0.7601117910157669 396.4180501133402 0 0 0
V 1 0.00002 0.2857771363544437 8725.109477068896 0 0 0
V 1 0.00002 -10.018159136292738 -13697.646440073355 0 0 0
V 1 0.00002 15.622016476964358 1798.1722320203687 0 0 0
V 1 0.00002 22.47824940608485 34713.36748738324 0 0 0
V 1 0.00002 12.104336301894675 -5481.399843957703 0 0 0
V 1 0.00002 31.567997044147525 18724.107119770597 0 0 0
V 1 0.00002 -87.47459021998812 -754.7521621400756 0 0 0
V 1 0.00002 -74.9211928014382 8242.061751113935 0 0 0
V 1 0.00002 -70.4832101889154 247.43156730761302 0 0 0
V 1 0.00002 -57.299679476640605 -8861.827176786304 0 0 0
V 1 0.00002 -52.58856768010901 7795.555677124805 0 0 0
V 1 0.00002 -56.29471559496088 -7413.137373349482 0 0 0
V 1 0.00002 -39.32900164665972 -8312.182996307423 0 0 0
V 1 0.00002 -32.15572470983943 8956.64669610091 0 0 0
V 1 0.00002 -26.328076197567256 17460.49207667728 0 0 0
V 1 0.00002 -25.46797771723091 -311.51933752142304 0 0 0
V 1 0.00002 -21.94585313903362 -8306.149521327747 0 0 0
V 1 0.00002 -17.181118322359893 -187.00755672216224 0 0 0
V 1 0.00002 -14.988355656206476 9799.923136020183 0 0 0
V 1 0.00002 -14.15483627144997 -7972.088278178517 0 0 0
V 1 0.00002 -24.31022420724082 -13737.461341409658 0 0 0
V 1 0.00002 -13.125213679966361 -6523.398474741696 0 0 0
V 1 0.00002 -7.216964616575037 -7638.027035029287 0 0 0
V 1 0.00002 -14.552040456549063 -13403.400098260428 0 0 0
V 1 0.00002 -13.080366689981467 -14518.02865854802 0 0 0
V 1 0.00002 -6.263422847048039 -6189.337231592467 0 0 0
V 1 0.00002 -3.089598668260308 3588.04399879991 0 0 0
V 1 0.00002 0.9405646501691125 -5521.214745294008 0 0 0
V 1 0.00002 5.65167644670071 11136.168108617101 0 0 0
V 1 0.00002 11.142598885515666 19464.859535572657 0 0 0
V 1 0.00002 18.404165827021394 35007.613829196176 0 0 0
V 1 0.00002 5.972422942352249 -13515.844929100333 0 0 0
V 1 0.00002 17.750202433681245 28127.61220567744 0 0 0
V 1 0.00002 13.343062989684132 -6301.782062432369 0 0 0
V 1 0.00002 23.4050602329449 27012.98364538985 0 0 0
V 1 0.00002 25.682603578837984 35341.6750723454 0 0 0
V 1 0.00002 -87.49710498852521 -8455.136004133474 0 0 0
V 1 0.00002 -79.64440053840381 8202.246849777634 0 0 0
V 1 0.00002 -78.31757964229735 -9235.703321271838 0 0 0
V 1 0.00002 -76.02055685115567 -907.0118943162834 0 0 0
V 1 0.00002 -73.60646784576575 7421.679532639272 0 0 0
V 1 0.00002 -76.5108740090854 -16115.70494479057 0 0 0
V 1 0.00002 -68.95428119793567 -15.636371023257198 0 0 0
V 1 0.00002 -66.11184857538908 -572.9506511670534 0 0 0
V 1 0.00002 -68.2346873263462 875.7391522697685 0 0 0
V 1 0.00002 -64.85580678903781 -8567.580834973378 0 0 0
V 1 0.00002 -60.14469499250622 8089.802018937731 0 0 0
V 1 0.00002 -64.44770118017712 -7118.8910315365565 0 0 0
V 1 0.00002 -42.08303424812779 15637.926128754923 0 0 0
V 1 0.00002 -47.670320918639106 -7899.458348674919 0 0 0
V 1 0.00002 -42.9592091221075 8757.924505236191 0 0 0
V 1 0.00002 -47.98037516329481 1877.9228817174576 0 0 0
V 1 0.00002 -46.898243924034304 -15894.088532481244 0 0 0
V 1 0.00002 -32.9377482459669 435.26655326031414 0 0 0
V 1 0.00002 -31.53751719809726 -8345.96442266405 0 0 0
V 1 0.00002 -42.14884552290115 -14111.337485895192 0 0 0
V 1 0.00002 -37.485181898348415 2546.0453680159167 0 0 0
V 1 0.00002 -34.31447568210458 -6897.27461922723 0 0 0
V 1 0.00002 -29.60336388557298 9760.10823468388 0 0 0
V 1 0.00002 -24.064147313690718 18088.799661639434 0 0 0
V 1 0.00002 -20.776000684606984 8645.479674396285 0 0 0
V 1 0.00002 -25.276416375628763 -14891.904803033556 0 0 0
V 1 0.00002 -19.2127075373809 -14557.843559884326 0 0 0
V 1 0.00002 -22.098518018044903 -13109.153756447502 0 0 0
V 1 0.00002 -10.676194374245071 -5895.090889779542 0 0 0
V 1 0.00002 -11.58314073336315 2433.6005371760134 0 0 0
V 1 0.00002 -2.6232408941921364 1318.971976888421 0 0 0
V 1 0.00002 6.692028413642337 19759.10587738558 0 0 0
V 1 0.00002 7.662480222857933 1987.0944631868804 0 0 0
V 1 0.00002 10.016895897523408 10315.785890142433 0 0 0
V 1 0.00002 13.953489762728324 35301.860171009095 0 0 0
V 1 0.00002 5.552681001275383 3435.7842666237025 0 0 0
V 1 0.00002 13.405385451396773 20093.16712053481 0 0 0
V 1 0.00002 -64.3772990125257 14929.988741120158 0 0 0
V 1 0.00002 -80.96211276752932 -15821.458602977644 0 0 0
V 1 0.00002 -75.71212771519447 -7158.70593287286 0 0 0
V 1 0.00002 -60.30826186697138 -9387.963053448042 0 0 0
V 1 0.00002 -55.59715007043978 7269.419800463064 0 0 0
V 1 0.00002 -59.42581346653049 -7939.273250011223 0 0 0
V 1 0.00002 -56.5284682730704 389.41817694433166 0 0 0
V 1 0.00002 -54.71470166999889 8718.109603899886 0 0 0
V 1 0.00002 -52.57362613328833 -7605.212006861993 0 0 0
V 1 0.00002 -47.86251433675673 9052.170847049116 0 0 0
V 1 0.00002 -47.664794114378395 -391.14914019403113 0 0 0
V 1 0.00002 -45.31512521167957 7937.542286761523 0 0 0
V 1 0.00002 -54.551782499775804 -6156.522203425171 0 0 0
V 1 0.00002 -47.238423285829754 1057.5406632427912 0 0 0
V 1 0.00002 -41.149029366368126 9386.232090198346 0 0 0
V 1 0.00002 -41.93474916989995 17714.9235171539 0 0 0
V 1 0.00002 -40.559249027330225 -57.08789704480114 0 0 0
V 1 0.00002 -34.22282741707116 -14597.65846122063 0 0 0
V 1 0.00002 -20.87665436735463 945.0958324028875 0 0 0
V 1 0.00002 -22.587590702452115 2393.7856358397094 0 0 0
V 1 0.00002 -13.904772179477785 1279.1570755521172 0 0 0
V 1 0.00002 -15.122057518592843 -5600.844547966615 0 0 0
V 1 0.00002 21.345036498547017 19606.846145209372 0 0 0
V 1 0.00002 27.961285685648516 19940.907388358602 0 0 0
V 1 0.00002 -84.08348686505092 -8647.210637645985 0 0 0
V 1 0.00002 -79.37237506851932 8010.172216265122 0 0 0
V 1 0.00002 -79.63942125648613 -16641.840821452308 0 0 0
V 1 0.00002 -70.21694982666915 16672.92488636991 0 0 0
V 1 0.00002 -79.50083407906065 -6864.459591059935 0 0 0
V 1 0.00002 -71.64812962893926 9792.92326285117 0 0 0
V 1 0.00002 -61.173745681966665 -8759.655468485887 0 0 0
V 1 0.00002 -53.32104123184527 7897.727385425221 0 0 0
V 1 0.00002 -56.81976747691045 355.6367505877065 0 0 0
V 1 0.00002 -50.93899751008983 -8425.594225336657 0 0 0
V 1 0.00002 -57.30673992294987 2466.415565343309 0 0 0
V 1 0.00002 -45.90974143168112 8565.84987172368 0 0 0
V 1 0.00002 -49.8855121727042 -6642.843178750608 0 0 0
V 1 0.00002 -45.1744003761726 10014.5396751605 0 0 0
V 1 0.00002 -38.690941429919015 571.2196879173543 0 0 0
V 1 0.00002 -37.52791731511864 -7423.410495888969 0 0 0
V 1 0.00002 -31.44103790925454 2353.9707345034058 0 0 0
V 1 0.00002 -37.669103690098744 -12854.722315970883 0 0 0
V 1 0.00002 -32.18735714529323 -4526.0308890153265 0 0 0
V 1 0.00002 -22.201848133481406 1573.403417365043 0 0 0
V 1 0.00002 -17.04875079380879 3022.093220801865 0 0 0
V 1 0.00002 -13.866583698498808 -6421.22676644128 0 0 0
V 1 0.00002 -105.27865670664158 422.2332051116273 0 0 0
V 1 0.00002 -97.70174822285607 -7238.335735545468 0 0 0
V 1 0.00002 -89.88471777041698 -15232.965919351793 0 0 0
V 1 0.00002 -85.14695249460297 -14898.904676202563 0 0 0
V 1 0.00002 -83.39449511936381 -6570.213249247008 0 0 0
V 1 0.00002 -56.573931458626 197.34354343182076 0 0 0
V 1 0.00002 -48.721227008504606 16854.72639734293 0 0 0
V 1 0.00002 -56.744786860093654 -5233.96827665009 0 0 0
V 1 0.00002 -34.85683129102016 2648.2170763163317 0 0 0
V 1 0.00002 -25.39168214724817 18190.97136993985 0 0 0
V 1 0.00002 -37.83576603243173 -13675.104534445549 0 0 0
V 1 0.00002 -8.832688556124666 2869.833488625658 0 0 0
V 1 0.00002 -4.114579560088899 19527.21634253677 0 0 0
V 1 0.00002 -4.660984793393631 4318.52329206248 0 0 0
V 1 0.00002 -4.4741772421633925 -5124.796695180665 0 0 0
V 1 0.00002 3.3785272079579975 11532.586158730443 0 0 0
V 1 0.00002 -112.08560181073281 -7612.211880031001 0 0 0
V 1 0.00002 -109.73004591246702 716.4795469245537 0 0 0
V 1 0.00002 -107.37449001420123 9045.170973880107 0 0 0
V 1 0.00002 -96.4931564707015 -8392.779197169364 0 0 0
V 1 0.00002 -91.78204467416991 8264.603656741747 0 0 0
V 1 0.00002 -92.74041819196329 1718.6632763722419 0 0 0
V 1 0.00002 -86.28264874696981 -7724.656710870905 0 0 0
V 1 0.00002 -81.57153695043822 8932.726143040205 0 0 0
V 1 0.00002 -70.07177627445333 -8171.162784860036 0 0 0
V 1 0.00002 -63.138233893661784 -52.02082025445179 0 0 0
V 1 0.00002 -56.662934545017805 -7503.0402985615765 0 0 0
V 1 0.00002 -58.812723173955284 3388.9694921183905 0 0 0
V 1 0.00002 -35.97232392205275 3276.524661278487 0 0 0
V 1 0.00002 -24.765859109481074 10490.587527946449 0 0 0
V 1 0.00002 -39.98146972169709 -11932.168389195798 0 0 0
V 1 0.00002 -22.52847664740875 3944.6471475769463 0 0 0
V 1 0.00002 -15.362754112710434 19487.401441200465 0 0 0
V 1 0.00002 -110.85482666848252 -8432.594098505668 0 0 0
V 1 0.00002 -109.74762380089098 -103.90267155011315 0 0 0
V 1 0.00002 -106.14371487195092 8224.788755405441 0 0 0
V 1 0.00002 -116.45733843995573 -15540.718772154685 0 0 0
V 1 0.00002 -95.66347479197154 15544.78981509235 0 0 0
V 1 0.00002 -109.82984228948608 -6983.904295068845 0 0 0
V 1 0.00002 -101.82481781962093 230.15857159911684 0 0 0
V 1 0.00002 -103.12461988230935 -6649.843051919616 0 0 0
V 1 0.00002 -67.5239845152501 3349.1545907820864 0 0 0
V 1 0.00002 -58.75974925121584 1119.8974702069017 0 0 0
V 1 0.00002 -40.68177874774081 18445.40281041647 0 0 0
V 1 0.00002 -52.24902936247618 -3977.353106725779 0 0 0
V 1 0.00002 -46.41254175616187 3236.709759942183 0 0 0
V 1 0.00002 -27.21785232408755 -5538.487741002502 0 0 0
V 1 0.00002 -22.506740527555948 11118.895112908605 0 0 0
V 1 0.00002 -6.320734452721759 20449.77026931185 0 0 0
V 1 0.00002 -118.8696655099161 -8472.408999841973 0 0 0
V 1 0.00002 -114.15855371338449 8184.973854069137 0 0 0
V 1 0.00002 -111.92654093128886 1639.0334736996338 0 0 0
V 1 0.00002 -96.55407704977958 -14016.165650763785 0 0 0
V 1 0.00002 -91.84296525324798 2641.217203147323 0 0 0
V 1 0.00002 -83.34512064014315 411.96008257213816 0 0 0
V 1 0.00002 -85.85979006280091 -13348.043164465327 0 0 0
V 1 0.00002 -81.16459462184994 3309.339689445782 0 0 0
V 1 0.00002 -69.92385007203833 1080.0825688705972 0 0 0
V 1 0.00002 -65.22177524130771 17737.46542278171 0 0 0
V 1 0.00002 -62.01856469627416 -6580.486371786496 0 0 0
V 1 0.00002 -57.307452899742565 10076.896482124612 0 0 0
V 1 0.00002 -68.91853676051008 -12345.859435017639 0 0 0
V 1 0.00002 -63.398741863478165 -4017.1680080620836 0 0 0
V 1 0.00002 -58.52843676607553 3196.8948586058787 0 0 0
V 1 0.00002 -49.8407353354529 2082.2662983182863 0 0 0
V 1 0.00002 -62.20624594439569 -12011.798191868409 0 0 0
V 1 0.00002 -39.1670235114272 2750.3887846167454 0 0 0
V 1 0.00002 -24.196481539565877 20075.894124826315 0 0 0
V 1 0.00002 -7.633282516523174 20744.016611124774 0 0 0
V 1 0.00002 -126.46290602712651 -8178.162658029047 0 0 0
V 1 0.00002 -124.10965954852693 150.52876892650784 0 0 0
V 1 0.00002 -121.7517942305949 8479.220195882062 0 0 0
V 1 0.00002 -116.38021896189537 1933.2798155125602 0 0 0
V 1 0.00002 -69.67006491691453 18031.711764594635 0 0 0
V 1 0.00002 -72.24547893564744 2823.018714120345 0 0 0
V 1 0.00002 -62.96502105692026 18365.77300774386 0 0 0
V 1 0.00002 -61.76489368568344 10371.142823937536 0 0 0
V 1 0.00002 -36.91864620931763 3378.696369578901 0 0 0
V 1 0.00002 -30.985468078318714 12041.449039683685 0 0 0
V 1 0.00002 -132.12540229598014 110.71386759020425 0 0 0
V 1 0.00002 -118.84447136916785 -14095.795453436394 0 0 0
V 1 0.00002 -114.13335957263625 2561.5874004747147 0 0 0
V 1 0.00002 -86.75054053682942 9329.144193153545 0 0 0
V 1 0.00002 -74.1235045355452 18325.95810640756 0 0 0
V 1 0.00002 -91.22424686768338 -12425.489237690246 0 0 0
V 1 0.00002 -83.37154241756198 4231.893616220863 0 0 0
V 1 0.00002 -66.6334091585897 10331.327922601233 0 0 0
V 1 0.00002 -69.5255829592203 3451.3262990825006 0 0 0
V 1 0.00002 -65.43770043742015 2336.697738794908 0 0 0
V 1 0.00002 -58.22898319644423 4119.44878538096 0 0 0
V 1 0.00002 -48.07220349612883 3338.8814682425973 0 0 0
V 1 0.00002 -40.219499046007435 19996.264322153707 0 0 0
V 1 0.00002 -33.50588439765541 20330.325565302937 0 0 0
V 1 0.00002 -29.944598970319717 20664.386808452167 0 0 0
V 1 0.00002 -136.70247718416547 -14469.671597921926 0 0 0
V 1 0.00002 -116.61303091665255 -13467.487868474238 0 0 0
V 1 0.00002 -91.98821730179236 17952.081961922024 0 0 0
V 1 0.00002 -85.2808179454396 18286.143205071254 0 0 0
V 1 0.00002 -83.28670716026153 1962.8215943093755 0 0 0
V 1 0.00002 -76.58627027136083 2296.8828374586055 0 0 0
V 1 0.00002 -88.96872750374172 -11797.18165272809 0 0 0
V 1 0.00002 -65.18706926678763 19288.32693451894 0 0 0
V 1 0.00002 -82.26712874915796 -11463.12040957886 0 0 0
V 1 0.00002 -54.51650025714601 19956.4494208174 0 0 0
V 1 0.00002 -42.25073762855112 4301.250296353983 0 0 0
V 1 0.00002 -134.45379811462823 -13841.364012959772 0 0 0
V 1 0.00002 -127.7576100552586 -13507.302769810543 0 0 0
V 1 0.00002 -83.02971845329569 18914.45079003341 0 0 0
V 1 0.00002 -100.1178825465806 -11836.996554064393 0 0 0
V 1 0.00002 -86.72477653114814 -11168.874067765935 0 0 0
V 1 0.00002 -94.18675034158176 18874.635888697107 0 0 0
V 1 0.00002 -119.29211488131111 -11916.626356737 0 0 0
V 1 0.00002 -61.16487945716915 21173.249689405406 0 0 0
V 1 0.00002 -47.7631049149408 21841.372175703866 0 0 0
V 1 0.00002 -103.64810467607802 -10620.196285476388 0 0 0
V 1 0.00002 -102.07858553313622 6037.186568434721 0 0 0
V 1 0.00002 -67.4475244185572 7.108942187471257 0 0 0
V 1 0.00002 -134.86044984895034 -10111.333404523144 0 0 0
V 1 0.00002 -98.79235788687461 -112.33576182144134 0 0 0
V 1 0.00002 -88.90151432223855 -1.5275556667775163 0 0 0
V 1 0.00002 -106.32333622648105 181.91057999148416 0 0 0
V 1 0.00002 -121.46767008655748 -191.96556449404852 0 0 0
V 1 0.00002 -115.34919107105279 142.09567865518147 0 0 0
V 1 0.00002 -125.99387492516475 102.28077731887606 0 0 0
V 1 0.00002 -129.84668931957958 28.68444962594549 0 0 0
V 1 0.00002 -122.01090648867917 -89.79385619363529 0 0 0
V 1 0.00002 -158.4121373947184 -8345.85535364559 0 0 0
V 1 0.00002 -144.71448604092728 -169.42365886624066 0 0 0
V 1 0.00002 -189.5672196899098 -136.6086306989473 0 0 0
V 1 0.00002 -210.53887925212317 -6.688971021587349 0 0 0
V 1 0.00002 -215.0047178890669 -216.2384333715563 0 0 0
V 1 0.00002 -180.18942080286757 8334.069405893324 0 0 0
V 1 0.00002 -224.50105441122417 38.19300710506832 0 0 0
V 1 0.00002 -219.0272687727404 4.411580748443157 0 0 0
V 1 0.00002 -207.97416225218922 10.445055728121588 0 0 0
V 1 0.00002 -270.35584985713 -18.89488993973282 0 0 0
V 1 0.00002 -304.14912023540194 53.73503956386776 0 0 0
V 1 0.00002 -17.095806657805156 -19547.88641869965 0 0 0
V 1 0.00002 -17.930835503364328 -11219.194991744096 0 0 0
V 1 0.00002 -21.118382568045682 -34948.65410268645 0 0 0
V 1 0.00002 -0.513189435735308 5580.174471803731 0 0 0
V 1 0.00002 -4.378288677798679 -18777.59222410078 0 0 0
V 1 0.00002 9.499823251440326 13422.54492343385 0 0 0
V 1 0.00002 -11.705255673416598 -17034.65607885103 0 0 0
V 1 0.00002 -5.61770195465089 -18149.284639138623 0 0 0
V 1 0.00002 -4.582860088781176 -9820.593212183066 0 0 0
V 1 0.00002 1.520668229141564 6836.789641728041 0 0 0
V 1 0.00002 -1.201629238596726 8579.725786977788 0 0 0
V 1 0.00002 10.377007912808349 6350.468666402605 0 0 0
V 1 0.00002 -3.303859179949626 -16230.580457895532 0 0 0
V 1 0.00002 -3.1085767093581733 -7901.889030939975 0 0 0
V 1 0.00002 -5.87994501275747 -16440.129920245497 0 0 0
V 1 0.00002 1.6025350871734259 8755.493822971132 0 0 0
V 1 0.00002 0.8793012124556445 17084.18524992669 0 0 0
V 1 0.00002 -0.6596130691680497 -8354.428579908785 0 0 0
V 1 0.00002 3.1368321159204435 -687.8261642720126 0 0 0
V 1 0.00002 9.784185306544071 15969.556689639094 0 0 0
V 1 0.00002 8.650904663068854 -1349.9151755907942 0 0 0
V 1 0.00002 7.1265153166704724 -1559.4646379407632 0 0 0
V 1 0.00002 10.24139428603922 15307.467678320316 0 0 0
V 1 0.00002 15.050514174051937 31964.850532231427 0 0 0
V 1 0.00002 0.6918545375552128 1507.649529946546 0 0 0
V 1 0.00002 11.227018085653663 8269.172847645697 0 0 0
V 1 0.00002 6.051278462864634 10464.648541864253 0 0 0
V 1 0.00002 10.597880225777843 18340.800419851 0 0 0
V 1 0.00002 14.217373520458644 17016.62239721344 0 0 0
V 1 0.00002 9.917626916728539 -8421.991432622037 0 0 0
V 1 0.00002 15.344084969582898 16564.082848244627 0 0 0
V 1 0.00002 4.9338972374223244 -15007.746714327846 0 0 0
V 1 0.00002 7.4434746024522696 -6679.05528737229 0 0 0
V 1 0.00002 12.154586398983868 9978.327566538817 0 0 0
V 1 0.00002 16.776259173436728 535.0075792956719 0 0 0
V 1 0.00002 9.85673193726727 -6050.7477024101345 0 0 0
V 1 0.00002 12.989634893605205 1163.3151642578273 0 0 0
V 1 0.00002 15.216836543845368 3534.55889446973 0 0 0
V 1 0.00002 20.038589548517244 10748.621761137692 0 0 0
V 1 0.00002 30.246850071437365 35734.696042004354 0 0 0
V 1 0.00002 16.954568777625536 20820.249333342996 0 0 0
V 1 0.00002 26.33057989700778 20333.928358017558 0 0 0
V 1 0.00002 -12.252641709717636 -17898.250279116386 0 0 0
V 1 0.00002 -4.696615208653111 -2355.4959854928697 0 0 0
V 1 0.00002 0.9094090763369884 5973.195441462685 0 0 0
V 1 0.00002 10.93147618260612 13815.565893092804 0 0 0
V 1 0.00002 -3.815830428420842 225.29720706900207 0 0 0
V 1 0.00002 -0.8341957086167797 8344.439171674587 0 0 0
V 1 0.00002 -4.05029973367917 -9427.572242524113 0 0 0
V 1 0.00002 4.1338148665485335 -10542.200802811703 0 0 0
V 1 0.00002 9.378247073098205 -2213.5093758561516 0 0 0
V 1 0.00002 14.089358869629802 14443.873478054958 0 0 0
V 1 0.00002 -1.0894326662824154 191.5157807123769 0 0 0
V 1 0.00002 -4.593627198015212 -8346.725108593148 0 0 0
V 1 0.00002 -16.850874225369353 -22599.08280593573 0 0 0
V 1 0.00002 -3.6634399049868804 -7508.86806128102 0 0 0
V 1 0.00002 1.0476718915447183 9148.514792630087 0 0 0
V 1 0.00002 3.404898852927251 -8380.50653494977 0 0 0
V 1 0.00002 8.11601064945885 8276.876318961336 0 0 0
V 1 0.00002 8.480765764346799 25143.808635222413 0 0 0
V 1 0.00002 6.066019258666496 -294.80519461305903 0 0 0
V 1 0.00002 5.224356453708734 -9285.585632887392 0 0 0
V 1 0.00002 8.478395808129378 -956.8942059318406 0 0 0
V 1 0.00002 17.309362214962256 24029.180074934822 0 0 0
V 1 0.00002 19.60503097967022 32357.871501890375 0 0 0
V 1 0.00002 0.26682032675060174 -15871.340914593202 0 0 0
V 1 0.00002 2.818731176386444 -7542.649487637647 0 0 0
V 1 0.00002 5.100008889882098 -8204.738498956427 0 0 0
V 1 0.00002 9.811120686413695 8452.64435495468 0 0 0
V 1 0.00002 1.4609213208627174 2528.9780845676546 0 0 0
V 1 0.00002 3.712185418741446 10857.669511523209 0 0 0
V 1 0.00002 12.0205532634092 18733.82138950995 0 0 0
V 1 0.00002 9.404932956890741 -7576.430913994272 0 0 0
V 1 0.00002 16.272419067745105 17619.192829222357 0 0 0
V 1 0.00002 14.116044753422338 9080.951939916837 0 0 0
V 1 0.00002 13.930682199986064 -8028.970462963082 0 0 0
V 1 0.00002 19.87776882711768 16957.10381790358 0 0 0
V 1 0.00002 0.5819499264271135 -5171.405757425744 0 0 0
V 1 0.00002 12.732246115238427 -6772.355293038771 0 0 0
V 1 0.00002 23.6193934447728 10513.335145834491 0 0 0
V 1 0.00002 23.762112357880717 18842.026572790044 0 0 0
V 1 0.00002 31.66952328360164 36127.717011663306 0 0 0
V 1 0.00002 22.98965542230864 4069.5664737654024 0 0 0
V 1 0.00002 27.700767218840237 20726.949327676513 0 0 0
V 1 0.00002 -1.1370158170320508 5737.9088261594825 0 0 0
V 1 0.00002 -2.4585020283223376 -10291.166442789472 0 0 0
V 1 0.00002 -3.217308505722565 -1962.4750158339166 0 0 0
V 1 0.00002 2.331974950752274 6366.216411121638 0 0 0
V 1 0.00002 -7.010244740868657 -16876.921724495278 0 0 0
V 1 0.00002 -1.544576094665132 -17991.55028478287 0 0 0
V 1 0.00002 0.6611478251730105 -9662.858857827316 0 0 0
V 1 0.00002 1.0260164342649674 -1334.167430871761 0 0 0
V 1 0.00002 5.3722596217046075 6994.5239960837935 0 0 0
V 1 0.00002 -5.941933391204747 -7919.922712577568 0 0 0
V 1 0.00002 -3.6825875091364146 -16910.703150851903 0 0 0
V 1 0.00002 10.285202044349552 6508.203020758357 0 0 0
V 1 0.00002 -4.834513576326776 1037.0762993401418 0 0 0
V 1 0.00002 16.9209355338055 23793.893459631618 0 0 0
V 1 0.00002 -14.804294873415838 -30534.75326323233 0 0 0
V 1 0.00002 -2.0326095893826395 -16106.627529896405 0 0 0
V 1 0.00002 7.371632923594812 17208.13817792581 0 0 0
V 1 0.00002 5.6208448183405055 -8440.02511425963 0 0 0
V 1 0.00002 10.331956614872105 8217.357739651477 0 0 0
V 1 0.00002 10.258727125436543 16650.82389778202 0 0 0
V 1 0.00002 11.090503924210786 -563.8732362728874 0 0 0
V 1 0.00002 18.726658067701145 24422.201044593774 0 0 0
V 1 0.00002 9.543141887142514 9507.754335932415 0 0 0
V 1 0.00002 10.986378781580925 -8264.257078266284 0 0 0
V 1 0.00002 16.41897046878144 -145.1151136607009 0 0 0
V 1 0.00002 -2.636577379170109 -13735.383799684501 0 0 0
V 1 0.00002 7.9187174201851676 2469.459505257796 0 0 0
V 1 0.00002 4.690248258353183 -6068.781384047727 0 0 0
V 1 0.00002 14.183228850080102 1354.8309449702049 0 0 0
V 1 0.00002 12.893298459234547 -7183.409944335319 0 0 0
V 1 0.00002 14.751220646895174 18012.213798881316 0 0 0
V 1 0.00002 17.604410255766144 9473.972909575788 0 0 0
V 1 0.00002 12.412806013367303 -7635.94949330413 0 0 0
V 1 0.00002 19.068041856827268 483.19247130145436 0 0 0
V 1 0.00002 18.47463634511156 17350.124787562534 0 0 0
V 1 0.00002 21.34679051638739 30.652922332641765 0 0 0
V 1 0.00002 9.286750016312904 -4636.398178130073 0 0 0
V 1 0.00002 17.296781240596268 12649.292260743192 0 0 0
V 1 0.00002 20.60643294405845 3205.972273500045 0 0 0
V 1 0.00002 28.381095171209843 19863.355127411152 0 0 0
V 1 0.00002 27.673100638855853 28192.046554366705 0 0 0
V 1 0.00002 29.950614314151647 36520.737981322265 0 0 0
V 1 0.00002 25.631836479299658 20491.66271237331 0 0 0
V 1 0.00002 -5.076957611302344 -1083.1330708495261 0 0 0
V 1 0.00002 -2.549643337749007 7245.558356106026 0 0 0
V 1 0.00002 -11.462285415175051 -25440.89976675403 0 0 0
V 1 0.00002 -12.434014032804027 -17112.208339798482 0 0 0
V 1 0.00002 -6.819602668159014 -18226.83690008607 0 0 0
V 1 0.00002 2.0396397755127076 -8641.530303206207 0 0 0
V 1 0.00002 9.09027475168898 -1427.4674365382443 0 0 0
V 1 0.00002 0.977939516683012 2058.404853961251 0 0 0
V 1 0.00002 2.7668465118393613 1605.8653049924392 0 0 0
V 1 0.00002 11.74187228173393 17601.159147584767 0 0 0
V 1 0.00002 9.458330625355838 -8047.004144600676 0 0 0
V 1 0.00002 14.169442421887435 8610.378709310431 0 0 0
V 1 0.00002 12.220850752989207 16939.070136265986 0 0 0
V 1 0.00002 14.551834522823516 -380.40172896390277 0 0 0
V 1 0.00002 20.33870411603024 15371.902027009584 0 0 0
V 1 0.00002 28.191408566151633 32029.28488092069 0 0 0
V 1 0.00002 2.158254181407485 -5641.978988032148 0 0 0
V 1 0.00002 1.8155991239308777 2686.7124389234064 0 0 0
V 1 0.00002 7.542319609368165 -6756.60754831974 0 0 0
V 1 0.00002 12.25343140589976 9900.775305591367 0 0 0
V 1 0.00002 22.94323622480129 34400.52861113259 0 0 0
V 1 0.00002 12.504253527042536 2828.6990485601245 0 0 0
V 1 0.00002 4.09050818082485 -12085.747660101237 0 0 0
V 1 0.00002 14.399125011622333 -4871.6847934332745 0 0 0
V 1 0.00002 16.26088328792259 4713.621803446591 0 0 0
V 1 0.00002 22.029105981689806 3598.9932431589987 0 0 0
V 1 0.00002 29.80377902988256 20256.376097070108 0 0 0
V 1 0.00002 29.09577367648721 28585.067524025664 0 0 0
V 1 0.00002 34.51489082641416 36913.75895098121 0 0 0
V 1 0.00002 -10.035610665448361 -17347.494955101683 0 0 0
V 1 0.00002 -3.5589443896240702 -61.804516228417015 0 0 0
V 1 0.00002 -6.348538037707215 -16090.87978517737 0 0 0
V 1 0.00002 -0.9525888637764908 8895.194495689291 0 0 0
V 1 0.00002 2.0565621227299005 9.188788589942305 0 0 0
V 1 0.00002 -2.3077915200897277 -7133.880773259661 0 0 0
V 1 0.00002 -2.6510731507678003 1194.810653695894 0 0 0
V 1 0.00002 1.9924715051372726 742.2711047270823 0 0 0
V 1 0.00002 7.4389471864718555 -581.906917910479 0 0 0
V 1 0.00002 8.64726898564213 -9363.137893834843 0 0 0
V 1 0.00002 16.404915850290063 16251.243971993976 0 0 0
V 1 0.00002 -5.175401232390451 -30863.33988420201 0 0 0
V 1 0.00002 -3.3087959838985253 -14205.957030290905 0 0 0
V 1 0.00002 2.021332973500753 1998.8862746513933 0 0 0
V 1 0.00002 3.530141977530164 -5248.958018373194 0 0 0
V 1 0.00002 8.799167806434987 2627.1938596135483 0 0 0
V 1 0.00002 5.362231621108508 -14692.278005616341 0 0 0
V 1 0.00002 11.335334728548311 12036.732420500068 0 0 0
V 1 0.00002 5.785842232049704 -14063.970420654186 0 0 0
V 1 0.00002 12.612664911596482 -6849.907553986222 0 0 0
V 1 0.00002 17.544770448501772 1478.7838729693308 0 0 0
V 1 0.00002 18.43635338592103 2559.631006900298 0 0 0
V 1 0.00002 5.503547000985199 -11692.726690442283 0 0 0
V 1 0.00002 15.712923537849658 -4478.663823774321 0 0 0
V 1 0.00002 18.668897207878413 -5593.292384061911 0 0 0
V 1 0.00002 22.89576742749095 19392.781896804754 0 0 0
V 1 0.00002 13.056577078417185 -11550.740080805565 0 0 0
V 1 0.00002 32.79597138498865 37306.77992064017 0 0 0
V 1 0.00002 36.990285781811146 19534.76850644147 0 0 0
V 1 0.00002 38.55980492475295 36192.15136035258 0 0 0
V 1 0.00002 30.446071334277388 5248.629382742263 0 0 0
V 1 0.00002 32.01559047721919 21906.012236653372 0 0 0
V 1 0.00002 -8.629028690855764 -16954.473985442728 0 0 0
V 1 0.00002 0.8295434542285598 8031.600295423934 0 0 0
V 1 0.00002 -16.65856598218568 -31868.92069410409 0 0 0
V 1 0.00002 -11.94745418565408 -15211.537840192981 0 0 0
V 1 0.00002 12.176678565713175 6430.650759810906 0 0 0
V 1 0.00002 -0.011597378164132977 9288.215465348243 0 0 0
V 1 0.00002 3.8696840142656974 -8483.795948850457 0 0 0
V 1 0.00002 8.580795810797298 8173.586905060653 0 0 0
V 1 0.00002 0.953208991913364 -7855.4883638883 0 0 0
V 1 0.00002 13.80588760168138 16015.95735669077 0 0 0
V 1 0.00002 -1.0673505757267225 -6112.552218638552 0 0 0
V 1 0.00002 4.556383229449887 1763.5996593481905 0 0 0
V 1 0.00002 1.4302795373951636 -15555.8722058817 0 0 0
V 1 0.00002 14.077945537841247 -222.66737460815148 0 0 0
V 1 0.00002 16.30511008160581 16644.264941652924 0 0 0
V 1 0.00002 14.02961970794636 -7260.962205282769 0 0 0
V 1 0.00002 10.450013315203371 1067.7292216727847 0 0 0
V 1 0.00002 18.740731504477957 9396.420648628338 0 0 0
V 1 0.00002 20.058169067648407 17272.57252661508 0 0 0
V 1 0.00002 22.400449679645938 8281.792088340746 0 0 0
V 1 0.00002 26.328769427704778 16157.94396632749 0 0 0
V 1 0.00002 31.039881224236375 32815.326820238595 0 0 0
V 1 0.00002 4.949211259322004 -4855.937048714241 0 0 0
V 1 0.00002 7.442619944582093 -14299.257035957387 0 0 0
V 1 0.00002 16.39565421683568 1696.0368066349401 0 0 0
V 1 0.00002 18.233621544600965 1243.4972576661285 0 0 0
V 1 0.00002 18.527989252280886 19643.816256826984 0 0 0
V 1 0.00002 20.973844262493525 10862.58528090262 0 0 0
V 1 0.00002 31.351077874929683 35186.5705504505 0 0 0
V 1 0.00002 21.733186048810527 12571.739999795742 0 0 0
V 1 0.00002 21.921269908902126 20900.431426751296 0 0 0
V 1 0.00002 14.47918518980037 -11157.71911114661 0 0 0
V 1 0.00002 34.21862522399824 37699.80089029913 0 0 0
V 1 0.00002 -8.467368607021324 -17189.76060074593 0 0 0
V 1 0.00002 -7.214913351612786 -16561.453015783773 0 0 0
V 1 0.00002 -5.022033156393501 -15933.145430821618 0 0 0
V 1 0.00002 -0.053567251200206556 -8719.082564153658 0 0 0
V 1 0.00002 1.9112635327508762 -390.3911371981021 0 0 0
V 1 0.00002 4.657544545331394 7938.300289757453 0 0 0
V 1 0.00002 4.358768516345755 9681.236435007198 0 0 0
V 1 0.00002 2.697032557428013 -8090.774979191502 0 0 0
V 1 0.00002 9.174119081629023 237.91644776405246 0 0 0
V 1 0.00002 -6.02501353149524 -31333.913114808416 0 0 0
V 1 0.00002 8.28699874491586 -7462.467394229347 0 0 0
V 1 0.00002 12.998110541447456 9194.915459681764 0 0 0
V 1 0.00002 10.20189678063231 -8577.095954516937 0 0 0
V 1 0.00002 18.054601230753704 8080.286899394169 0 0 0
V 1 0.00002 15.243552843054445 16408.978326349727 0 0 0
V 1 0.00002 2.8359167652636543 -15162.851236222747 0 0 0
V 1 0.00002 13.855253957267035 9823.223044643919 0 0 0
V 1 0.00002 26.615503944106717 33694.66876522299 0 0 0
V 1 0.00002 6.824519415947703 2784.9282139692996 0 0 0
V 1 0.00002 7.257828517418611 -5753.312675336224 0 0 0
V 1 0.00002 18.174837605641088 18327.682507592814 0 0 0
V 1 0.00002 17.141854727045917 -7320.480784592626 0 0 0
V 1 0.00002 14.095645562854854 1008.2106423629266 0 0 0
V 1 0.00002 18.8080538137107 798.6611800129576 0 0 0
V 1 0.00002 6.384384020037054 3865.7753479002677 0 0 0
V 1 0.00002 12.412198260099647 2751.1467876126744 0 0 0
V 1 0.00002 18.956845808420816 20036.83722648594 0 0 0
V 1 0.00002 21.189798972026658 2717.3653612560493 0 0 0
V 1 0.00002 10.248569045499774 -12649.620896374125 0 0 0
V 1 0.00002 15.809919037198362 4636.069542499141 0 0 0
V 1 0.00002 22.25232821255765 3521.440982211548 0 0 0
V 1 0.00002 36.03354302840322 36836.20669003377 0 0 0
V 1 0.00002 17.304393340394427 5264.3771274612955 0 0 0
V 1 0.00002 25.157097790515817 21921.759981372405 0 0 0
V 1 0.00002 15.901777942286135 -10764.698141487659 0 0 0
V 1 0.00002 25.24431957554708 22550.06756633456 0 0 0
V 1 0.00002 30.285172114755458 21435.43900604697 0 0 0
V 1 0.00002 -10.235041552173271 -16796.739631086977 0 0 0
V 1 0.00002 -7.11157446788453 -8468.048204131423 0 0 0
V 1 0.00002 3.323427413636395 -1253.9853374634604 0 0 0
V 1 0.00002 -8.28775017475413 -32825.814900035926 0 0 0
V 1 0.00002 -6.354341576477498 -16168.43204612482 0 0 0
V 1 0.00002 -2.261876394081007 488.95080778628835 0 0 0
V 1 0.00002 -7.28030857901693 -23868.81588811822 0 0 0
V 1 0.00002 0.7853155919190193 1117.2583927484438 0 0 0
V 1 0.00002 9.918712776425469 -1111.9987278267408 0 0 0
V 1 0.00002 -1.5156881149927166 -5954.817864282801 0 0 0
V 1 0.00002 9.391178864655533 -7069.446424570393 0 0 0
V 1 0.00002 14.102290661187133 9587.936429340716 0 0 0
V 1 0.00002 15.149243578357598 597.1559910663809 0 0 0
V 1 0.00002 1.77161352859315 -5326.510279320645 0 0 0
V 1 0.00002 4.216171793932698 3002.1811476349094 0 0 0
V 1 0.00002 6.425721639309753 2549.641598666097 0 0 0
V 1 0.00002 14.495947431953589 18544.935441258425 0 0 0
V 1 0.00002 12.742494745862636 -7555.767399895828 0 0 0
V 1 0.00002 10.549458025928416 11959.180159552618 0 0 0
V 1 0.00002 7.7478261783813025 3177.9491836282523 0 0 0
V 1 0.00002 10.877489054784327 2968.3997212782833 0 0 0
V 1 0.00002 6.941782552350258 -14141.522681601637 0 0 0
V 1 0.00002 17.989640791773393 9729.923038977435 0 0 0
V 1 0.00002 33.88483669481249 33601.368759556506 0 0 0
V 1 0.00002 2.1108220901166437 -12398.58653635189 0 0 0
V 1 0.00002 16.108896993651697 2482.0787459528474 0 0 0
V 1 0.00002 0.8432607931264506 -28427.66180530084 0 0 0
V 1 0.00002 6.992071353473094 -3441.5875244341787 0 0 0
V 1 0.00002 10.688543121160961 4887.103902521376 0 0 0
V 1 0.00002 20.563391900743653 20429.85819614489 0 0 0
V 1 0.00002 21.085898486384302 3110.386330915003 0 0 0
V 1 0.00002 11.359797153824852 -12256.599926715171 0 0 0
V 1 0.00002 25.594766606842406 19943.537220819457 0 0 0
V 1 0.00002 14.085898597986834 6143.719072445687 0 0 0
V 1 0.00002 18.61850410316453 5029.0905121580945 0 0 0
V 1 0.00002 27.020300131537628 21686.4733660692 0 0 0
V 1 0.00002 23.837742381896117 3914.4619518705017 0 0 0
V 1 0.00002 25.2006441427192 -3785.9218901228955 0 0 0
V 1 0.00002 29.911755939250796 12871.460963788211 0 0 0
V 1 0.00002 17.324349401755025 -10371.677171828704 0 0 0
V 1 0.00002 29.808510741209176 22943.088535993513 0 0 0
V 1 0.00002 37.9278123891779 30157.151402661475 0 0 0
V 1 0.00002 14.944970933369763 -300.04959962340195 0 0 0
V 1 0.00002 33.61041984619998 22456.76756066808 0 0 0
V 1 0.00002 -0.3218268541676359 881.9717774452401 0 0 0
V 1 0.00002 -12.391187056061238 -30689.857785127228 0 0 0
V 1 0.00002 2.905531356192938 -7933.04062483575 0 0 0
V 1 0.00002 11.653658457373592 1023.9583870819597 0 0 0
V 1 0.00002 10.39265430755071 -8419.361600161184 0 0 0
V 1 0.00002 15.103766104082315 8238.021253749921 0 0 0
V 1 0.00002 5.505382816929227 2766.8945323317075 0 0 0
V 1 0.00002 8.959581792330194 -15005.116881866994 0 0 0
V 1 0.00002 14.105836894222758 990.1769607253354 0 0 0
V 1 0.00002 16.22538083225292 8866.328838712076 0 0 0
V 1 0.00002 11.99892069340763 -6048.117869949285 0 0 0
V 1 0.00002 16.71003248993923 10609.264983961824 0 0 0
V 1 0.00002 15.768514648997645 18937.95641091738 0 0 0
V 1 0.00002 16.584062888712765 1618.48454568749 0 0 0
V 1 0.00002 9.041023398805109 -13748.501711942685 0 0 0
V 1 0.00002 13.726657252028701 11237.57256892398 0 0 0
V 1 0.00002 14.923083307932622 2246.7921306496455 0 0 0
V 1 0.00002 7.509322875199921 -12005.565566692936 0 0 0
V 1 0.00002 17.309742872144778 2875.099715611801 0 0 0
V 1 0.00002 28.625756879274302 19079.9430205541 0 0 0
V 1 0.00002 20.089944800015218 12494.18773884829 0 0 0
V 1 0.00002 18.616645870647915 3712.9567629239255 0 0 0
V 1 0.00002 26.881923466660496 20370.33961683503 0 0 0
V 1 0.00002 29.13207689813826 19708.250605516252 0 0 0
V 1 0.00002 13.99798914110994 -2420.2589698130705 0 0 0
V 1 0.00002 32.55069606744663 20336.55819047841 0 0 0
V 1 0.00002 25.34850615071229 22079.49433572816 0 0 0
V 1 0.00002 16.53810137214342 -1163.64379988876 0 0 0
V 1 0.00002 21.888579488259435 -9978.656202169752 0 0 0
V 1 0.00002 34.25837980064752 22849.78853032703 0 0 0
V 1 0.00002 40.93148440648658 23478.096115289187 0 0 0
V 1 0.00002 4.232603208586827 1274.9927471041956 0 0 0
V 1 0.00002 9.151420581166509 160.36418681660325 0 0 0
V 1 0.00002 9.8273553619307 788.6717717787578 0 0 0
V 1 0.00002 9.147347009599514 9117.363198734314 0 0 0
V 1 0.00002 14.279272632199035 2045.2869417030697 0 0 0
V 1 0.00002 9.009798057957166 -13531.248778277071 0 0 0
V 1 0.00002 10.79908864225526 3963.9911229461613 0 0 0
V 1 0.00002 17.731104560701006 2849.362562658569 0 0 0
V 1 0.00002 18.875498697125934 2639.813100308598 0 0 0
V 1 0.00002 19.300623703642813 19506.745416569676 0 0 0
V 1 0.00002 20.835565443683137 10515.964978295342 0 0 0
V 1 0.00002 25.54667724021474 27173.347832206447 0 0 0
V 1 0.00002 11.197286772776891 -12727.173157321573 0 0 0
V 1 0.00002 18.23064806152763 3268.1206852707537 0 0 0
V 1 0.00002 6.827686596921936 -27641.61986598293 0 0 0
V 1 0.00002 10.803370662518773 -11646.326023390606 0 0 0
V 1 0.00002 15.514482459050374 5011.0568305205015 0 0 0
V 1 0.00002 21.45721044067984 12887.208708507247 0 0 0
V 1 0.00002 24.735701059723677 11772.580148219653 0 0 0
V 1 0.00002 15.383702737435216 -2027.238000154116 0 0 0
V 1 0.00002 17.550252546493063 -1398.9304151919605 0 0 0
V 1 0.00002 25.39461691518563 -3628.1875357671433 0 0 0
V 1 0.00002 30.13352288147555 4700.503891188409 0 0 0
V 1 0.00002 11.751662151206771 -3.759087736038964 0 0 0
V 1 0.00002 27.23537242000576 5328.811476150565 0 0 0
V 1 0.00002 18.3173498912066 -142.31524526764997 0 0 0
V 1 0.00002 30.375905936198468 15400.439048355869 0 0 0
V 1 0.00002 12.4517748582529 -23871.77435621 0 0 0
V 1 0.00002 37.4264152543894 23871.117084948142 0 0 0
V 1 0.00002 7.753094907592903 -74.92242848659953 0 0 0
V 1 0.00002 -4.646663599711847 -22689.75297914136 0 0 0
V 1 0.00002 11.318671675444225 1181.6927414377114 0 0 0
V 1 0.00002 3.660524789068951 2924.6288866874584 0 0 0
V 1 0.00002 13.580944942852724 2438.3079113620224 0 0 0
V 1 0.00002 16.27231884429751 1323.67935107443 0 0 0
V 1 0.00002 10.433266267595737 -13138.227808618118 0 0 0
V 1 0.00002 22.688343607167734 1951.9869360365856 0 0 0
V 1 0.00002 22.10095918010818 10280.678362992141 0 0 0
V 1 0.00002 9.620830428302579 -11847.831212337183 0 0 0
V 1 0.00002 11.953199976521486 -3519.139785381629 0 0 0
V 1 0.00002 5.995288878794895 -12300.370761305996 0 0 0
V 1 0.00002 11.481144687926314 -12962.459772624776 0 0 0
V 1 0.00002 16.877769454763726 3694.9230812863334 0 0 0
V 1 0.00002 19.713694766516877 12023.614508241886 0 0 0
V 1 0.00002 19.02661416552368 20352.305935197444 0 0 0
V 1 0.00002 19.53178107957869 3032.834069967552 0 0 0
V 1 0.00002 8.941187177664549 -11219.523627375029 0 0 0
V 1 0.00002 10.716833174739033 -2262.5246154573188 0 0 0
V 1 0.00002 19.57579201001888 5613.627262529425 0 0 0
V 1 0.00002 16.933119422786497 5404.077800179454 0 0 0
V 1 0.00002 22.58917165354083 4498.998702241833 0 0 0
V 1 0.00002 26.944952065947696 4289.449239891862 0 0 0
V 1 0.00002 16.96475759790098 -1634.2170304951633 0 0 0
V 1 0.00002 25.848534500708386 4465.217275885207 0 0 0
V 1 0.00002 31.536382192885952 22865.536275046063 0 0 0
V 1 0.00002 34.71671093289481 13422.216287802916 0 0 0
V 1 0.00002 35.21212580671281 21750.90771475847 0 0 0
V 1 0.00002 17.028638751500274 250.7057243913032 0 0 0
V 1 0.00002 37.48418738011852 14678.831457727229 0 0 0
V 1 0.00002 40.83684709038228 23635.830469644934 0 0 0
V 1 0.00002 1.0131273284675615 -6895.964325495608 0 0 0
V 1 0.00002 9.3317972416203 946.4061261345087 0 0 0
V 1 0.00002 -0.8732364136527764 -13968.040582526852 0 0 0
V 1 0.00002 4.626181764362109 -5639.349155571297 0 0 0
V 1 0.00002 10.313759425645827 -6753.9777158588895 0 0 0
V 1 0.00002 10.635939454508293 3317.649856346412 0 0 0
V 1 0.00002 9.62701697666833 3945.9574413085666 0 0 0
V 1 0.00002 8.132586137891451 4574.265026270723 0 0 0
V 1 0.00002 11.856653843022862 -12745.206838959166 0 0 0
V 1 0.00002 18.73259430055772 2797.547454664349 0 0 0
V 1 0.00002 6.082168225960558 -11454.810242678232 0 0 0
V 1 0.00002 12.931922238903756 -12569.438802965822 0 0 0
V 1 0.00002 20.951065211401446 3425.8550396265045 0 0 0
V 1 0.00002 24.365926348236396 2973.3154906576938 0 0 0
V 1 0.00002 23.680542207276137 11302.00691761325 0 0 0
V 1 0.00002 10.60338309318723 -10826.502657716075 0 0 0
V 1 0.00002 11.691916176630592 -1869.503645798366 0 0 0
V 1 0.00002 15.511528465050688 -10860.2840840727 0 0 0
V 1 0.00002 21.822960392756613 -2984.1322060859584 0 0 0
V 1 0.00002 20.75574833949777 -11974.912644360295 0 0 0
V 1 0.00002 18.531241228040614 -1241.1960608362106 0 0 0
V 1 0.00002 23.256664449840095 5972.866805831752 0 0 0
V 1 0.00002 34.8364155944861 21515.62109945527 0 0 0
V 1 0.00002 19.601525299311295 -612.8884758740551 0 0 0
V 1 0.00002 14.21816356691866 -7198.643757579862 0 0 0
V 1 0.00002 25.976298384763474 86.41241390645973 0 0 0
V 1 0.00002 30.615449459444065 -52.14374362514991 0 0 0
V 1 0.00002 42.755120157218514 24028.851439303893 0 0 0
V 1 0.00002 7.833620556501245 -8245.879501086401 0 0 0
V 1 0.00002 12.544732353032842 8411.503352824708 0 0 0
V 1 0.00002 6.084159044643933 -15317.955758117645 0 0 0
V 1 0.00002 8.439714942909731 -6989.2643311620905 0 0 0
V 1 0.00002 13.150826739441328 9668.118522749019 0 0 0
V 1 0.00002 26.99346443900863 18767.10414430345 0 0 0
V 1 0.00002 30.442868423795368 19395.4117292656 0 0 0
V 1 0.00002 15.493723892051456 4933.504569573051 0 0 0
V 1 0.00002 15.268345127657156 -12176.417833306868 0 0 0
V 1 0.00002 12.021886015636792 -10433.48168805712 0 0 0
V 1 0.00002 14.415844396294627 -1476.4826761394106 0 0 0
V 1 0.00002 18.361892548566157 -2138.5716874581913 0 0 0
V 1 0.00002 22.91354371020594 6190.119739497362 0 0 0
V 1 0.00002 22.828792587083854 -9663.187493458248 0 0 0
V 1 0.00002 22.042755831759862 -1334.4960665026929 0 0 0
V 1 0.00002 24.39831173002566 6994.195360452862 0 0 0
V 1 0.00002 38.30646875611253 22536.94965407638 0 0 0
V 1 0.00002 20.906248290821576 408.44007874705494 0 0 0
V 1 0.00002 42.60680889323413 23793.56482400069 0 0 0
V 1 0.00002 17.96876947679568 -10.488079797331011 0 0 0
V 1 0.00002 8.888105871749069 11175.768052695561 0 0 0
V 1 0.00002 12.218371659006557 1732.448065452416 0 0 0
V 1 0.00002 0.40556560691108245 -29839.381497120055 0 0 0
V 1 0.00002 12.668589544207741 4103.691795664319 0 0 0
V 1 0.00002 31.86632197266822 19788.432698924553 0 0 0
V 1 0.00002 19.682146182643557 -3454.705436692362 0 0 0
V 1 0.00002 32.024907827352585 20416.74028388671 0 0 0
V 1 0.00002 8.34570102282892 -8297.524573148421 0 0 0
V 1 0.00002 17.889485838604838 -10074.242144754793 0 0 0
V 1 0.00002 21.612077457943723 6792.690171506284 0 0 0
V 1 0.00002 25.002298433267494 -2198.0902667680502 0 0 0
V 1 0.00002 26.125510682488812 6130.601160187504 0 0 0
V 1 0.00002 28.999272175566322 5468.512148868725 0 0 0
V 1 0.00002 15.601586697853367 -8783.845548473857 0 0 0
V 1 0.00002 23.861349976514884 -9898.47410876145 0 0 0
V 1 0.00002 28.572461773046488 6758.90874514966 0 0 0
V 1 0.00002 30.335647587132105 5644.2801848620675 0 0 0
V 1 0.00002 38.188352037253495 22301.66303877318 0 0 0
V 1 0.00002 26.861766628537474 139.372037087227 0 0 0
V 1 0.00002 40.811584177649806 23558.278208697488 0 0 0
V 1 0.00002 33.70997177802785 8643.831500036125 0 0 0
V 1 0.00002 38.42108357455945 25301.214353947238 0 0 0
V 1 0.00002 40.965312431960015 24186.585793659644 0 0 0
V 1 0.00002 48.81801688208141 40843.96864757075 0 0 0
V 1 0.00002 7.6629246899081735 2611.790010436809 0 0 0
V 1 0.00002 13.641411215780828 2125.4690351113713 0 0 0
V 1 0.00002 1.8284285363650596 -29446.360527461096 0 0 0
V 1 0.00002 6.539540332896657 -12788.97767354999 0 0 0
V 1 0.00002 13.791123467482208 2753.776620073526 0 0 0
V 1 0.00002 16.15043705962755 11082.468047029082 0 0 0
V 1 0.00002 30.935094731362227 11852.762241627956 0 0 0
V 1 0.00002 33.28968406628827 20181.453668583512 0 0 0
V 1 0.00002 11.538435593413329 -10275.747333701369 0 0 0
V 1 0.00002 29.439580005740712 4604.917948603366 0 0 0
V 1 0.00002 23.423524564593592 -2433.376882071252 0 0 0
V 1 0.00002 16.3856292119518 -28.35172550272182 0 0 0
V 1 0.00002 17.654796799448008 7638.250690134053 0 0 0
V 1 0.00002 17.90110695082273 -9681.221175095838 0 0 0
V 1 0.00002 22.612218747354333 6976.16167881527 0 0 0
V 1 0.00002 38.3345106302705 22066.376423469977 0 0 0
V 1 0.00002 23.968103425252142 -1176.7617121469402 0 0 0
V 1 0.00002 22.548138791008473 -95.91457821597305 0 0 0
V 1 0.00002 29.48314387658951 8408.544884732924 0 0 0
V 1 0.00002 32.77978667281821 708.1610427395253 0 0 0
V 1 0.00002 37.37204228250895 46.07203142074559 0 0 0
V 1 0.00002 7.813667871431598 -13024.264288853194 0 0 0
V 1 0.00002 31.570863235965497 20574.47463824246 0 0 0
V 1 0.00002 27.799632338930437 -3783.2920576620436 0 0 0
V 1 0.00002 22.216609253012155 7402.964074830847 0 0 0
V 1 0.00002 17.904119398177688 -9916.50779039904 0 0 0
V 1 0.00002 25.75682384829908 6740.875063512069 0 0 0
V 1 0.00002 24.84692051760113 -2040.3559124122985 0 0 0
V 1 0.00002 16.415296330503615 364.66924415623 0 0 0
V 1 0.00002 16.417532682009202 -8626.111194118106 0 0 0
V 1 0.00002 20.12922768722911 8240.82112214297 0 0 0
V 1 0.00002 18.13134113722635 -297.4197671625516 0 0 0
V 1 0.00002 24.270237132130596 8031.271659793001 0 0 0
V 1 0.00002 19.62006056627981 330.8878177996048 0 0 0
V 1 0.00002 23.110982176568506 -331.20119351917674 0 0 0
V 1 0.00002 23.390675716342272 -9112.432169443542 0 0 0
V 1 0.00002 31.24338016646366 7544.950684467567 0 0 0
V 1 0.00002 28.43600965253164 297.10639144297875 0 0 0
V 1 0.00002 41.01709270380729 23716.01256305324 0 0 0
V 1 0.00002 39.02115873799631 8315.24487906644 0 0 0
V 1 0.00002 16.48732103239194 2911.5109744292768 0 0 0
V 1 0.00002 6.231900419745479 -12002.935734232085 0 0 0
V 1 0.00002 8.602400001599783 -3674.244307276531 0 0 0
V 1 0.00002 11.061236980082818 4654.4471196790255 0 0 0
V 1 0.00002 13.321590713193622 -1789.3215523900635 0 0 0
V 1 0.00002 16.8936711197626 6539.369874565493 0 0 0
V 1 0.00002 19.2401945822295 6715.137910558835 0 0 0
V 1 0.00002 33.93289130538977 13267.111765908016 0 0 0
V 1 0.00002 36.289916770885746 21595.803192863572 0 0 0
V 1 0.00002 19.327220390541633 -9523.486820740087 0 0 0
V 1 0.00002 24.038332187073237 7133.896033171019 0 0 0
V 1 0.00002 13.672645128183138 -24890.47307837026 0 0 0
V 1 0.00002 21.525349578304525 -8233.090224459153 0 0 0
V 1 0.00002 22.37138390527036 -566.4878088223795 0 0 0
V 1 0.00002 25.172255315480374 -1019.0273577911903 0 0 0
V 1 0.00002 31.79661095830945 237.58781213312068 0 0 0
V 1 0.00002 34.048549499213784 28.038349783151716 0 0 0
V 1 0.00002 37.72185920359611 7451.650678801083 0 0 0
V 1 0.00002 43.58503225373454 8708.265848725394 0 0 0
V 1 0.00002 42.6847776852574 170.02495941987036 0 0 0
V 1 0.00002 7.23650880180638 -12866.529934497443 0 0 0
V 1 0.00002 11.947620598337977 3790.8529194136645 0 0 0
V 1 0.00002 15.08555627212727 5675.77567430013 0 0 0
V 1 0.00002 12.49280629165149 -2024.6081676932663 0 0 0
V 1 0.00002 19.822620001018997 -1396.3005827311117 0 0 0
V 1 0.00002 18.318654275191903 6932.390844224441 0 0 0
V 1 0.00002 37.55943768739297 21360.516577560367 0 0 0
V 1 0.00002 13.945657900524623 -105.90398645017376 0 0 0
V 1 0.00002 21.837846625196683 -139.68541280680074 0 0 0
V 1 0.00002 21.629101081914712 8189.006014148752 0 0 0
V 1 0.00002 25.339285065959118 -801.7744241255823 0 0 0
V 1 0.00002 25.299364662862644 -9583.005400049948 0 0 0
V 1 0.00002 21.63340818425643 488.62217215535566 0 0 0
V 1 0.00002 27.570619415788272 -626.0063881322367 0 0 0
V 1 0.00002 20.603508942911706 -24078.69398609912 0 0 0
V 1 0.00002 22.216697048600405 1116.9297571175102 0 0 0
V 1 0.00002 32.80095156192087 8540.542086135441 0 0 0
V 1 0.00002 31.00044242496659 -8535.939692475606 0 0 0
V 1 0.00002 43.197885043975745 24083.296379758955 0 0 0
V 1 0.00002 39.90130456143125 7844.6716484600365 0 0 0
V 1 0.00002 41.789786070600414 8472.979233422193 0 0 0
V 1 0.00002 43.359305213542214 25130.3620873333 0 0 0
V 1 0.00002 46.65436798724585 25758.669672295455 0 0 0
V 1 0.00002 17.15105030483018 6068.796643959087 0 0 0
V 1 0.00002 19.7485054760637 -1631.5871980343109 0 0 0
V 1 0.00002 17.84468200489154 -1003.2796130721545 0 0 0
V 1 0.00002 22.33321961731825 7325.411813883398 0 0 0
V 1 0.00002 35.84067445293551 21753.537547219323 0 0 0
V 1 0.00002 14.043143452354116 287.1169832087817 0 0 0
V 1 0.00002 20.784863990680684 -8703.663455065554 0 0 0
V 1 0.00002 24.794084359274905 -1037.0610394287814 0 0 0
V 1 0.00002 26.525463707442434 -9818.292015353147 0 0 0
V 1 0.00002 28.883140529815257 -1489.6005883975922 0 0 0
V 1 0.00002 35.99424021709237 22381.84513218148 0 0 0
V 1 0.00002 25.50010802089531 -199.20399211665426 0 0 0
V 1 0.00002 24.08125559277238 -408.75345446662504 0 0 0
V 1 0.00002 26.073743017397128 219.55413049552953 0 0 0
V 1 0.00002 24.549154620900246 -8561.676845428836 0 0 0
V 1 0.00002 35.04634553739708 -895.074429792061 0 0 0
V 1 0.00002 27.670789188353588 1509.9507267764675 0 0 0
V 1 0.00002 30.110675456285847 395.32216648887515 0 0 0
V 1 0.00002 36.14353717521284 -266.7668448299046 0 0 0
V 1 0.00002 10.358642806278915 -11452.180410217377 0 0 0
V 1 0.00002 15.855625900921424 -3123.488983261823 0 0 0
V 1 0.00002 18.577175603721983 6461.817613618045 0 0 0
V 1 0.00002 16.92069857811302 -8938.950070368757 0 0 0
V 1 0.00002 24.773403028234405 7718.432783542354 0 0 0
V 1 0.00002 16.556928931244066 -7196.0139251190085 0 0 0
V 1 0.00002 22.645688709902032 -434.49060741985704 0 0 0
V 1 0.00002 23.906989108954775 1274.6641114732647 0 0 0
V 1 0.00002 27.067658409848555 9603.355538428821 0 0 0
V 1 0.00002 30.467478221716583 55.260820010687894 0 0 0
V 1 0.00002 34.442364574494675 -49.51391116429659 0 0 0
V 1 0.00002 31.801952130126608 -502.05346013310736 0 0 0
V 1 0.00002 14.923213231987482 -11059.159440558424 0 0 0
V 1 0.00002 17.2781549488895 -2730.468013602869 0 0 0
V 1 0.00002 16.46964845738352 -1473.85284367856 0 0 0
V 1 0.00002 18.802181326047695 -8545.929100709804 0 0 0
V 1 0.00002 26.226951466792727 8739.761338163458 0 0 0
V 1 0.00002 25.603600866467957 -146.24436893589154 0 0 0
V 1 0.00002 29.70384602970168 -703.5586490796868 0 0 0
V 1 0.00002 34.1240225099675 6510.504217588277 0 0 0
V 1 0.00002 23.868780695055236 -7289.313930785493 0 0 0
V 1 0.00002 29.695516263702046 1005.596069813435 0 0 0
V 1 0.00002 31.365852745327842 553.0565208446242 0 0 0
V 1 0.00002 50.9208098460949 26937.732581272314 0 0 0
V 1 0.00002 21.820546437176603 -452.5242890574518 0 0 0
V 1 0.00002 24.332101950526784 -276.7562530641062 0 0 0
V 1 0.00002 28.92901775052089 -486.305715414077 0 0 0
V 1 0.00002 24.7812564782217 -7977.140095057508 0 0 0
V 1 0.00002 29.492368274753296 8680.242758853603 0 0 0
V 1 0.00002 27.529793075690712 8470.69329650363 0 0 0
V 1 0.00002 32.765559188191084 8018.153747534821 0 0 0
V 1 0.00002 40.25713120357823 23560.90804115834 0 0 0
V 1 0.00002 31.04530591185206 -7382.613936451977 0 0 0
V 1 0.00002 36.9519300603774 -8044.702947770758 0 0 0
V 1 0.00002 38.521449203319214 8612.67990614035 0 0 0
V 1 0.00002 16.44942637434429 -9016.502331316207 0 0 0
V 1 0.00002 20.971880097460378 -687.8109043606528 0 0 0
V 1 0.00002 18.45397838742344 -8388.194746354053 0 0 0
V 1 0.00002 26.306682837544834 8269.188107557055 0 0 0
V 1 0.00002 24.586993347787327 8897.49569251921 0 0 0
V 1 0.00002 25.404655657022772 116.2647165948456 0 0 0
V 1 0.00002 29.67677614448185 -8874.51572167949 0 0 0
V 1 0.00002 27.256871575584867 -545.824294723936 0 0 0
V 1 0.00002 26.733905365000318 -6503.271991467587 0 0 0
V 1 0.00002 31.445017161531915 10154.11086244352 0 0 0
V 1 0.00002 26.882357838047596 -5874.964406505433 0 0 0
V 1 0.00002 32.37950621537027 2453.727020450122 0 0 0
V 1 0.00002 38.75531720231372 677.0094488437499 0 0 0
V 1 0.00002 19.685877161107612 -8623.481361657256 0 0 0
V 1 0.00002 27.538581611229006 8033.901492253855 0 0 0
V 1 0.00002 27.818313725639634 -119.02189870835355 0 0 0
V 1 0.00002 26.606326737900567 9290.516662178166 0 0 0
V 1 0.00002 32.091475490105246 299.73622390382843 0 0 0
V 1 0.00002 34.38331086692516 -8515.276178377164 0 0 0
V 1 0.00002 28.304295568465086 -5481.943436846479 0 0 0
V 1 0.00002 33.0154073649967 11175.439417064632 0 0 0
V 1 0.00002 22.438017975231546 7798.614876950654 0 0 0
V 1 0.00002 24.15429992982692 -8264.241818354923 0 0 0
V 1 0.00002 27.159637196221226 64.44960860062929 0 0 0
V 1 0.00002 28.865411726358516 8393.141035556182 0 0 0
V 1 0.00002 36.56638524792533 8568.90907154953 0 0 0
V 1 0.00002 27.216157709255498 8191.635846609606 0 0 0
V 1 0.00002 25.2754766999588 491.25200461620625 0 0 0
V 1 0.00002 30.254771751047812 8819.943431571759 0 0 0
V 1 0.00002 28.787794265623006 -66.06227552759083 0 0 0
V 1 0.00002 24.045996964544322 1119.5595895783626 0 0 0
V 1 0.00002 26.0531231849236 9448.251016533915 0 0 0
V 1 0.00002 27.32114341590124 -5952.516667452879 0 0 0
V 1 0.00002 32.03225521243284 10704.866186458228 0 0 0
V 1 0.00002 26.63171412581844 255.9653893130053 0 0 0
V 1 0.00002 27.64360526109028 8584.656816268562 0 0 0
V 1 0.00002 22.900397067260215 20.67877400980433 0 0 0
V 1 0.00002 27.567544747300033 -8794.33362827119 0 0 0
V 1 0.00002 35.42024919742143 7863.049225639919 0 0 0
V 1 0.00002 21.840245270506088 -5.058378943431308 0 0 0
V 1 0.00002 28.047209358341235 9370.698755586469 0 0 0
V 1 0.00002 35.2829790917492 -1.6279268383223098 0 0 0
V 1 0.00002 26.44869892765236 -449.8944565965976 0 0 0
V 1 0.00002 22.63745659206819 -7757.257328931044 0 0 0
V 1 0.00002 29.290975814033473 -6500.642159006735 0 0 0
V 1 0.00002 42.27255801139728 -1474.181479309491 0 0 0
V 1 0.00002 41.40016891635973 -44.084210310393246 0 0 0
V 1 0.00002 47.10315504813256 97.90239932632176 0 0 0
V 1 0.00002 45.225314119486725 -1393.9993859011956 0 0 0
V 1 0.00002 46.455161950561255 -765.6918009390392 0 0 0
V 1 0.00002 59.32571580990328 4.602393659835798 0 0 0
V 1 0.00002 55.12960063757885 -13.43128797774989 0 0 0
V 1 0.00002 45.64650399167425 -214.93647692433296 0 0 0
V 1 0.00002 55.15371673358429 -248.7179032809545 0 0 0
V 1 0.00002 44.014751799170796 -23.420696211953327 0 0 0
V 1 0.00002 55.880289817266174 -90.98354892520365 0 0 0
V 1 0.00002 51.53104626742223 -326.2701642284046 0 0 0
V 1 0.00002 58.03292587059316 302.0374207337518 0 0 0
V 1 0.00002 51.33725390973751 728.8398167493287 0 0 0
V 1 0.00002 58.58868932804245 66.75080543055083 0 0 0
V 1 0.00002 47.28206220767868 -134.75438351603225 0 0 0
V 1 0.00002 51.91652922734484 -370.04099881922957 0 0 0
V 1 0.00002 51.07236478369559 258.2665861429268 0 0 0
V 1 0.00002 50.61561107745676 -605.3276141224378 0 0 0
V 1 0.00002 53.32640622716433 -447.59325976668333 0 0 0
V 1 0.00002 56.171003556177936 338.44867955122754 0 0 0
V 1 0.00002 67.39563076464331 1.817785178151098 0 0 0
V 1 0.00002 52.32275171573011 -132.12455105518166 0 0 0
V 1 0.00002 -10.823411911994206 -8375.118062283484 0 0 0
V 1 0.00002 2.3980227868221844 95.55997430878915 0 0 0
V 1 0.00002 14.147106406190797 -422.7600193324183 0 0 0
V 1 0.00002 6.397403120332729 16866.932316261078 0 0 0
V 1 0.00002 -7.224010688158666 -41224.70464195925 0 0 0
V 1 0.00002 -2.5560240718351923 -23939.019832879658 0 0 0
V 1 0.00002 -3.342060827159186 -15610.328405924101 0 0 0
V 1 0.00002 6.980417334381148 26242.67819120364 0 0 0
V 1 0.00002 8.46943493524161 5886.471281306294 0 0 0
V 1 0.00002 0.5304801247039688 -9514.307662267838 0 0 0
V 1 0.00002 0.48735494449584404 -8886.00570709935 0 0 0
V 1 0.00002 10.766707925828054 33595.30284519688 0 0 0
V 1 0.00002 15.363601909206508 33385.75338284691 0 0 0
V 1 0.00002 3.542697237669387 -7629.401796762375 0 0 0
V 1 0.00002 2.756660482345393 699.2896301931796 0 0 0
V 1 0.00002 18.37901347280065 30315.231282029163 0 0 0
V 1 0.00002 4.8718174774624 -10909.473359930093 0 0 0
V 1 0.00002 16.09455020747987 39481.77412650317 0 0 0
V 1 0.00002 23.003874908916004 48229.218046277245 0 0 0
V 1 0.00002 14.438780704121815 24080.99518292904 0 0 0
V 1 0.00002 14.950702285225216 15961.506786442038 0 0 0
V 1 0.00002 10.97053878696698 5400.144676187188 0 0 0
V 1 0.00002 8.485607348076805 -1043.6408852628992 0 0 0
V 1 0.00002 15.43805722972106 7075.5010793426845 0 0 0
V 1 0.00002 20.722774331164754 13590.274315817467 0 0 0
V 1 0.00002 19.93673757584076 21918.965742773024 0 0 0
V 1 0.00002 25.461853580433242 48371.193396326635 0 0 0
V 1 0.00002 13.64094890889612 7356.038216717348 0 0 0
V 1 0.00002 21.324347088813738 21571.2009249792 0 0 0
V 1 0.00002 27.351975765373307 20385.58468966691 0 0 0
V 1 0.00002 5.685821685523287 -1114.6285602875923 0 0 0
V 2 0.00487 -0.04312518020812495 628.301955168488 0 0 0
V 2 0.0015 11.226095417587004 6585.760911499474 0 0 0
V 2 0.0012 13.581651315852804 14914.452338455028 0 0 0
V 2 0.00108 -2.398681078473924 -7700.389471787066 0 0 0
V 2 0.0008 2.3124307180576746 8956.993382124043 0 0 0
V 2 0.00021 7.998252403580961 7842.364821836451 0 0 0
V 2 0.00018 10.35380830184676 16171.056248792005 0 0 0
V 2 0.00013 8.29693421440911 8399.679101980246 0 0 0
V 2 0.00012 13.624776496060928 14286.15038328654 0 0 0
V 2 0.00011 -0.0862503604162499 1256.603910336976 0 0 0
V 2 0.00011 11.26922059779513 5957.4589563309855 0 0 0
V 2 0.00011 15.937207214118605 23243.143765410583 0 0 0
V 2 0.00007 -4.7542369767397235 -16029.08089874262 0 0 0
V 2 0.00006 4.667986616323474 17285.684809079597 0 0 0
V 2 0.00006 8.870539519321206 -1742.9305154560807 0 0 0
V 2 0.00004 -2.4418062586820493 -7072.087516618579 0 0 0
V 2 0.00004 7.955127223372837 8470.666777004937 0 0 0
V 2 0.00003 10.396933482054886 15542.754293623517 0 0 0
V 2 0.00003 21.62302889964189 22128.51520512299 0 0 0
V 2 0.00002 2.2693055378495495 9585.295337292531 0 0 0
V 2 0.00002 10.325840849109868 -1952.4799778060496 0 0 0
V 2 0.00002 8.041377583789085 7214.062866667962 0 0 0
V 2 0.00002 8.784289158904954 -486.326605119104 0 0 0
V 2 0.00002 12.70936420011256 24499.74767574756 0 0 0
V 2 0.00002 19.26747300137609 13799.823778167436 0 0 0
V 2 0.00001 15.980332394326727 22614.841810242095 0 0 0
V 2 0.00001 7.097997835103824 -695.876067469073 0 0 0
V 2 0.00001 23.97858479790769 30457.206632078545 0 0 0
U 0 18461.238680000977 1.627905233371468 8433.466158130539 -0.0000593921000043237 -4.949947684128362e-9 2.021673050226763e-11
U 0 1010.1670684572065 3.9834611316372674 16762.157585086094 0.00009763565761128724 2.4546116674575806e-7 -1.1661223471727668e-9
U 0 999.6935757428375 0.7276506648943313 -104.77473117498448 0.00021641985761993463 2.553610621140148e-7 -1.2065558081773021e-9
U 0 623.6524283434268 8.769028248683417 7109.288135492978 0.000002493396761946341 6.889687222247615e-8 -3.2894608263282014e-10
U 0 199.48374400255545 9.669282817160553 15647.529024798501 -0.000273318560862312 -1.91414137575667e-7 8.978264560467495e-10
U 0 166.5741021708 6.413472350417617 -1219.4032914625768 -0.0001545343608536646 -1.8151424220741028e-7 8.573929950422142e-10
U 0 117.26068633236684 12.024838715426354 23976.220451754056 -0.00011629080324670106 5.899697685421943e-8 -2.8851262162828493e-10
U 0 61.911945225502166 6.339017029903067 25090.849012041646 0.0002546634152268982 4.958722811756445e-7 -2.3524614248478012e-9
U 0 33.35720017106566 11.124584146949218 15437.979562448532 0.00015952115437755727 3.1930798665236256e-7 -1.5152851603078547e-9
U 0 31.759668197533784 3.0832065631601306 8223.91669578057 0.00037344761523554556 5.057721765439012e-7 -2.3928948858523366e-9
U 0 29.57657874739885 8.812153428891543 6480.986180324489 0.000005173931604800965 6.818419611124513e-8 -3.2967330315448447e-10
U 0 15.566264146094996 4.057916452151819 -9548.094718418131 -0.00031156211846927555 -4.319253566372967e-7 2.043732072717249e-9
U 0 15.121553091067174 14.380394613692154 32304.91187870961 0.00004073695436890988 3.0940809128410583e-7 -1.4748516993033194e-9
U 0 -12.094142301993864 8.725903068475292 7737.590090661466 -1.871380809082831e-7 6.960954833370717e-8 -3.282188621111558e-10
U 0 8.868136128797962 9.712407997368679 15019.227069630013 -0.0002706380260194574 -1.9212681368689803e-7 8.970992355250853e-10
U 0 8.04508 6.95194947601579 8399.709113522267 0 0 0
U 0 7.958548354542698 12.06796389563448 23347.918496585567 -0.00011361026840384644 5.828430074298841e-8 -2.8923984214994926e-10
U 0 7.43454958873235 6.456597530625743 -1847.7052466310652 -0.00015185382601080996 -1.822269183186413e-7 8.5666577452055e-10
U 0 -6.731431333340867 -4.026586311845392 -16133.855629917605 -0.00010031619245414186 -2.4474849063452704e-7 1.166849567694431e-9
U 0 6.5795744852210385 16.810405832472505 14323.351002160942 -0.00021143306409604197 -1.1756731766906248e-7 5.486636429116617e-10
U 0 -6.460067402607056 1.5847800531633431 9061.768113299027 -0.00006207263484717832 -4.237271572897344e-9 2.0943951023931935e-11
U 0 -6.296475881117304 4.883715700114404 25300.398474391615 -0.00017817630001297111 -1.4849843052385087e-8 6.065019150680289e-11
U 0 -5.632349625361227 -0.770775845102456 733.0766863434728 -0.00021910039246278928 -2.5464838600278376e-7 1.2072830286989663e-9
U 0 -5.368395688849232 6.826371974398911 16204.843304942297 -0.00008784145162551238 2.7023514585045533e-8 -1.3414794556300864e-10
U 0 -5.311274506945692 3.9403359514291427 17390.459540254582 0.00009495512276843261 2.461738428569891e-7 -1.1653951266511026e-9
U 0 -5.075914192200714 0.6845254846862066 523.5272239935039 0.00021373932277708003 2.560737382252458e-7 -1.2058285876556379e-9
U 0 -4.839610797611041 -1.671030413579593 -7805.164202962051 0.000056711565161469076 5.66262379535938e-9 -1.9489509980603326e-11
U 0 -4.805739774801292 3.5705615076559747 -662.0890113187806 0.00003094274838313502 3.692340995330226e-8 -1.745814065675439e-10
U 0 3.9840541785107315 8.694572928168867 33419.5404389972 0.00041169117284250913 7.462833956055309e-7 -3.538800502522836e-9
U 0 3.674461638876316 19.165961730738303 22652.042429116496 -0.00005440530648043102 1.3284379676082394e-7 -6.376754347633727e-10
U 0 2.998481220661874 20.06621629921544 31190.28331842202 -0.00033021726410468934 -1.274672130373192e-7 5.89097103916197e-10
U 0 2.798640690590698 -2.528159801848605 -16971.70704743606 0.00033520405762858205 2.652609574822715e-7 -1.2469892691818374e-9
U 0 2.4138771780692565 17.71066040094964 22861.591891466465 -0.0004872450217203003 -3.7787832746720565e-7 1.7754361815912314e-9
U 0 2.1863126913266306 5.513217781940481 -9757.644180768099 0.00012127759677059375 7.879676759073288e-8 -3.6937954363735545e-10
U 0 2.146168997223952 13.480140045215016 23766.670989404083 0.0003165489119931682 5.69719101082249e-7 -2.701624237982889e-9
U 0 1.7659818785902839 11.167709327157343 14809.677607280044 0.00016220168922041192 3.1859531054113154e-7 -1.516012380829519e-9
U 0 -1.6244210192935056 7.313726918894755 7318.837597842947 -0.0004303463184779229 -4.4182525200555343e-7 2.084165533721784e-9
U 0 1.5813034543096383 5.43876246142593 16552.60812273612 0.0005304753728511565 7.561832909737876e-7 -3.5792339635273712e-9
U 0 1.5197526556358836 16.735950511957952 40633.603305665165 0.00019776471198452083 5.598192057139923e-7 -2.6611907769783536e-9
U 0 1.5156340039346252 1.7023605538860194 -17876.786145373684 -0.0004685898760848865 -6.823364710671831e-7 3.2300711503922835e-9
U 0 1.37497 11.753900899631194 8399.684731773914 0 0 0
U 0 -1.3178213396953622 9.626157636952428 16275.83097996699 -0.00027599909570516664 -1.9070146146443599e-7 8.98553676568414e-10
U 0 -1.264272974442855 11.981713535218228 24604.522406922544 -0.00011897133808955568 5.970965296545045e-8 -2.877854011066206e-10
U 0 1.1918722470239156 22.42177219748124 39518.97474537757 -0.0001731895064890784 1.2294390139256722e-7 -5.972419737588374e-10
U 0 1.134610152680881 14.42351979390028 31676.609923541124 0.000043417489211764504 3.086954151728748e-7 -1.4755789198249836e-9
U 0 1.0857794666193619 8.855278609099667 5852.684225156001 0.000007854466447655589 6.747152000001411e-8 -3.304005236761488e-10
U 0 -1.0193849686234684 7.239271598380204 33629.08990134717 -0.000021148542397360175 2.3556127137750133e-7 -1.1256888861682315e-9
U 0 -0.8227134671120412 11.081458966741092 16066.28151761702 0.00015684061953470267 3.200206627635936e-7 -1.5145579397861903e-9
U 0 0.8042231949825923 3.52743632744785 -33.78705615029321 0.000028262213540280396 3.763608606453328e-8 -1.738541860458796e-10
U 0 0.8025932817907606 6.783246794190786 16833.145260110785 -0.000090521986468367 2.7736190696276553e-8 -1.3342072504134434e-10
U 0 -0.7931860578992775 -6.3821422101111915 -24462.54705687316 -0.0002573439500697528 -4.951596050644135e-7 2.3531886453694655e-9
U 0 -0.7910146977975804 6.3703471702094925 -591.1013362940885 -0.0001572148956965192 -1.8080156609617926e-7 8.581202155638786e-10
U 0 -0.6674055906423221 9.18192787266471 24533.534731897853 0.00006918630599009856 2.7743462901493195e-7 -1.320487023238043e-9
U 0 0.6502221050679999 4.101041632359944 -10176.39667358662 -0.0003088815836264209 -4.326380327485277e-7 2.0430048521955842e-9
U 0 -0.6388126752200219 6.295891849694942 25719.15096721014 0.0002519828803840436 4.965849572868754e-7 -2.351734204326137e-9
U 0 0.6337065552264189 14.454849934206702 5994.659575205385 -0.0003684608217116529 -3.679784320989489e-7 1.735002720586696e-9
U 0 0.63037 28.850724863460666 8435.767354960457 0 0 0
U 0 0.63014 25.59491177872385 -8431.164961300621 0 0 0
U 0 0.595773592773338 16.85353101268063 13695.04904699245 -0.00020875252925318732 -1.182799937802935e-7 5.479364223899974e-10
U 0 -0.588925840557543 5.926117405921774 7666.602415636773 0.00018797050599874597 2.8733452438318867e-7 -1.3609204842425783e-9
U 0 0.4733771244402667 21.5215176290041 30980.733856072045 0.00010262245113517992 3.8325491119071034e-7 -1.824014512438407e-9
U 0 0.45586 1.4548016222918982 71.01768656671265 0 0 0
U 0 -0.42988724661750677 1.2150056093901753 -8990.780438274334 -0.0001260850092324759 -2.1348770447658417e-7 1.0117576711074906e-9
U 0 0.41571 9.30750502521574 16728.40054047782 0 0 0
U 0 0.41494120965053316 19.20908691094643 22023.740473948004 -0.000051724771637576394 1.3213112064959292e-7 -6.384026552850371e-10
U 0 0.3834982031391505 12.111089075842603 22719.61654141708 -0.00011092973356099181 5.7571624631757386e-8 -2.899670626716135e-10
U 0 -0.3518270352520293 13.967494989710861 14880.665282304735 -0.00002595595485924234 1.0087033449165005e-7 -4.833107586980964e-10
U 0 0.3388051731948818 20.109341479423566 30561.98136325353 -0.0003275367292618347 -1.2817988914855022e-7 5.883698833945327e-10
U 0 0.32906188659450036 3.157661883674681 -18086.335607723653 -0.000035750160845017184 -1.7161434683915356e-7 8.16959534037679e-10
U 0 0.32622 0.5545489736769387 -8467.22320273881 0 0 0
U 0 0.3147142643365984 9.755533177576805 14390.925114461525 -0.00026795749117660274 -1.9283948979812905e-7 8.96372015003421e-10
U 0 -0.3129065654745452 3.040081382952006 8852.218650949058 0.00037076708039269097 5.064848526551322e-7 -2.3921676653306723e-9
U 0 -0.3051679045592289 11.611939091445063 6551.973855349181 -0.00018298371247485326 -1.4954077993823637e-7 7.03028318976938e-10
U 0 -0.30127706666588727 -3.1263317433682554 -7595.614740612082 -0.00037612815007840016 -5.050595004326702e-7 2.3936221063740008e-9
U 0 0.29854 -6.586576485095963 -7143.04518010125 0 0 0
U 0 -0.29115281957063105 7.8687736802062815 -1428.952753812544 0.0002783053543862047 3.292078820206193e-7 -1.55571862131239e-9
U 0 0.2686280229569365 6.499722710833868 -2476.0072017995535 -0.00014917329116795536 -1.8293959442987232e-7 8.559385539988857e-10
U 0 0.26324937564948425 11.050128826434666 41748.23186595276 0.00056871893045812 9.966945100354173e-7 -4.72513958019787e-9
U 0 0.2540789585470581 4.9581710206289555 -1009.853829112606 -0.0005873740760935339 -6.922363664354398e-7 3.270504611396819e-9
U 0 -0.24483403135052215 12.92509328390349 32514.461341059578 -0.0003921027608709594 -2.0131403294392373e-7 9.382599170512848e-10
U 0 -0.2370096472308161 14.337269433484028 32933.2138338781 0.000038056419526055256 3.1012076739533686e-7 -1.474124478781655e-9
U 0 0.21375087241805898 17.753785581157768 22233.289936297973 -0.0004845644868774457 -3.785910035784366e-7 1.7747089610695672e-9
U 0 0.21258887871021664 24.777328095747038 47847.66617233313 -0.00001616174887346748 3.733550158224536e-7 -1.7835810514338718e-9
U 0 -0.20592870889021603 14.867749558187999 23418.90617161026 -0.0003017679124835007 -1.594406753064931e-7 7.434617799814733e-10
U 0 -0.171902324885903 16.76728065226438 14951.652957329426 -0.00021411359893889662 -1.1685464155783146e-7 5.49390863433326e-10
U 0 0.15790302720979735 22.464897377689365 38890.672790209086 -0.0001705089716462238 1.222312252813362e-7 -5.979691942805017e-10
U 0 0.1464195085902976 15.835695943480815 32095.36241635964 0.00047357666960877914 8.201302155121354e-7 -3.887963315657924e-9
U 0 -0.14452642033530635 15.28064918216929 40843.152768015134 -0.00023507500325534847 4.90970814859627e-8 -2.480791606237496e-10
U 0 0.14073 12.047984340736184 8399.684731773914 0 0 0
U 0 0.1392788703575699 4.4708160761331115 7876.151877986743 -0.00024486920924112333 -2.233875998448409e-7 1.052191132112026e-9
U 0 0.13794955454887314 19.09150641022375 48962.29473262072 0.00035479246960013177 8.102303201438787e-7 -3.847529854653389e-9
U 0 -0.13413879963718953 8.682777888267168 8365.892045829953 -0.000002867672923762907 7.032222444493819e-8 -3.274916415894916e-10
U 0 0.13380968796906262 -0.65319534437978 -26205.47757232924 -0.0006256176337004974 -9.327475854970695e-7 4.416410228067317e-9
U 0 -0.13034698026749608 -0.17260390358280553 -8643.015620480506 0.000492231815244193 5.156720719121579e-7 -2.433328346856872e-9
U 0 0.12896452294148794 13.523265225423142 23138.3690342356 0.00031922944683602286 5.69006424971018e-7 -2.7023514585045536e-9
U 0 0.12386475055329171 16.779075692166078 40005.30135049668 0.00020044524682737548 5.591065296027613e-7 -2.6619179975000183e-9
U 0 -0.11786728928883108 9.594827496646003 41957.78132830272 0.00013587921521825076 4.859723858073878e-7 -2.312027963843266e-9
U 0 -0.11334073811726099 -4.069711492053518 -15505.553674749117 -0.00010299672729699649 -2.44035814523296e-7 1.1675767882160955e-9
U 0 -0.11329072330774588 9.583032456744306 16904.132935135476 -0.00027867963054802123 -1.8998878535320497e-7 8.992808970900782e-10
U 0 -0.11307487794267482 19.122836550530177 23280.34438428498 -0.00005708584132328564 1.3355647287205496e-7 -6.369482142417084e-10
U 0 -0.10963942564411915 -1.140550288875624 -17319.47186522989 -0.0002831127668480869 -4.638988189064706e-7 2.198096748782525e-9
U 0 -0.10534137055687365 6.327221990001369 37.20061887439806 -0.00015989543053937386 -1.8008888998494824e-7 8.588474360855429e-10
U 0 0.1017555079437212 9.138802692456586 25161.836687066338 0.00006650577114724394 2.7814730512616297e-7 -1.3197598027163788e-9
U 0 -0.09510222464961493 -0.8139010253105812 1361.3786415119603 -0.00022178092730564387 -2.5393570989155274e-7 1.2080102492206308e-9
U 0 0.09402942771680872 27.207339314527392 29866.10529578445 -0.00026833176733841933 -5.3620393130714676e-8 2.3993429078110924e-10
U 0 0.09156976212432366 7.794318359691729 24881.299549691677 0.0006875031304667675 0.000001006594405403674 -4.7655730412024055e-9
U 0 0.08814439092219056 5.556342962148607 -10385.946135936587 0.00012395813161344838 7.808409147950186e-8 -3.701067641590198e-10
U 0 0.0835 14.993327408870726 15613.77198019023 0 0 0
U 0 0.08095958493294239 24.851783416261593 21537.413868828902 -0.00042535952495403027 -3.040315075606011e-7 1.4262733684561437e-9
U 0 0.08042 5.992783627805148 8365.952068913995 0 0 0
U 0 0.07912663455528067 4.014791271943693 -8919.792763249643 -0.0003142426533121302 -4.312126805260657e-7 2.044459293238913e-9
U 0 -0.0784595574203263 2.115260177867312 -452.5395489688108 -0.00040189696685673427 -4.737987142747273e-7 2.23853020978706e-9
U 0 0.07755 6.2567537440390035 70.9933048183592 0 0 0
U 0 -0.07478691908132629 -8.737698108376991 -32791.23848382871 -0.0004143717076853638 -7.455707194942999e-7 3.5395277230445e-9
U 0 0.07332 -4.231020761363089 1185.646246854305 0 0 0
U 0 0.07245 14.109455227100666 16728.37615872947 0 0 0
U 0 0.06965 23.23936111644581 -16759.856388256172 0 0 0
U 0 0.06914435931260178 11.210834507365465 14181.375652111556 0.00016488222406326651 3.178826344299005e-7 -1.5167396013511831e-9
U 0 0.06747 31.206303276473815 16764.458781916008 0 0 0
U 0 0.06663 18.881575423654347 8446.085398825591 0 0 0
U 0 -0.06560848184424974 10.569537385637691 24185.76991410402 -0.0005491305184865704 -4.5172514737381015e-7 2.1245989947263195e-9
U 0 -0.0638296882750927 11.53748377093051 32862.22615885341 0.00022621406360570948 5.278457434448184e-7 -2.5068261009130776e-9
U 0 -0.062827319414148 13.43701486500689 24394.972944572575 0.00031386837715031355 5.704317771934801e-7 -2.7008970174612247e-9
U 0 0.06256837666765727 15.910151263995367 5785.110112855418 0.0000643788935282164 1.4274369212908067e-7 -6.781088957679079e-10
U 0 -0.06207733289135549 7.3568520991028805 6690.535642674458 -0.00042766578363506827 -4.4253792811678445e-7 2.0834383132001195e-9
U 0 -0.06186493544888985 0.6414003044780814 1151.8291791619922 0.00021105878793422538 2.567864143364768e-7 -1.2051013671339735e-9
U 0 -0.0617574566504726 8.651447747960741 34047.84239416569 0.0004090106379996545 7.469960717167619e-7 -3.5380732820011717e-9
U 0 0.059629731307917454 28.10759388300453 38404.34618508998 -0.0005441437249626776 -3.139314029288578e-7 1.466706829460679e-9
U 0 0.058475244105182476 14.466644974108402 31048.307968372632 0.00004609802405461913 3.079827390616438e-7 -1.4763061403466478e-9
U 0 -0.057285297765117975 1.5416548729552182 9690.070068467516 -0.00006475316969003295 -3.5245954616663264e-9 2.167117154559624e-11
U 0 0.056857521579167174 21.564642809212227 30352.43190090356 0.00010530298597803454 3.8254223507947937e-7 -1.8247417329600715e-9
U 0 -0.055897481678740916 4.427690895924987 8504.45383315523 -0.00024754974408397793 -2.2267492373360987e-7 1.0529183526336901e-9
U 0 -0.05503550224140248 3.8972107712210176 18018.76149542307 0.00009227458792557799 2.468865189682201e-7 -1.1646679061294381e-9
U 0 0.055017725765814714 1.745485734094145 -18505.088100542172 -0.0004659093412420319 -6.830491471784141e-7 3.229343929870619e-9
U 0 -0.05456652997919215 5.470092601732356 -9129.34222559961 0.00011859706192773913 7.95094437019639e-8 -3.6865232311569113e-10
U 0 0.054287681534841654 7.270601738686629 7947.139553011435 -0.0004330268533207776 -4.411125758943224e-7 2.0848927542434484e-9
U 0 0.05250775219785864 14.497975114414832 5366.357620036897 -0.0003657802868687983 -3.686911082101799e-7 1.7342755000650318e-9
U 0 0.05223 11.86500028384969 -68.72631455721017 0 0 0
U 0 -0.05096776276161888 20.023091119007315 31818.585273590506 -0.000332897798947544 -1.2675453692608818e-7 5.898243244378614e-10
U 0 0.05069 15.120841642920388 16798.206001703868 0 0 0
U 0 0.04964 7.5070312364148055 8293.74653875497 0 0 0
U 0 -0.048519738913999334 12.512193659922199 15090.214744654704 -0.0004587956700991116 -4.0985178973637954e-7 1.9298008576565078e-9
U 0 0.04834 -1.7846252360134838 -7143.069561849603 0 0 0
U 0 0.048339792756893894 23.877073527269904 39309.4252830276 0.00025965020875079085 6.336660256205968e-7 -3.0103535901134417e-9
U 0 0.04638 17.34888278353775 23942.463407145784 0 0 0
U 0 0.04216978932741134 30.463149781270328 46733.03761204553 -0.0003871159673470667 -6.35202884989714e-8 2.8036775178564455e-10
U 0 0.04216 13.038048656969359 8288.351044469839 0 0 0
U 0 0.03977 -1.8010029103315808 -16795.914629694365 0 0 0
U 0 -0.039409784606434066 9.256383193179262 -1776.717571606374 -0.0003400114700904642 -3.999518943681228e-7 1.8893673966519725e-9
U 0 0.03884 20.463408359560702 8439.499633110217 0 0 0
U 0 0.03712 11.759435738805998 8479.866825182216 0 0 0
U 0 0.03673976905123171 29.56289521279319 38194.79672274001 -0.00011130400972280838 1.9679072129917174e-7 -9.464047868939252e-10
U 0 0.0364656014073262 8.898403789307793 5224.3822699875145 0.000010535001290510213 6.67588438887831e-8 -3.311277441978131e-10
U 0 -0.03635979942713299 8.281673304187574 15995.29384259233 0.00034499826361435686 5.377456388130751e-7 -2.547259561917613e-9
U 0 -0.03610975911290336 16.32305088797666 23209.35670926029 0.00013107180275636861 3.5128144892153645e-7 -1.6696498363731309e-9
U 0 0.0348 8.869356043407688 8452.653828283386 0 0 0
U 0 0.03464847577765305 5.882992225713649 8294.904370805261 0.00018528997115589132 2.880472004944197e-7 -1.360193263720914e-9
U 0 0.034617170207734006 16.896656192888756 13066.747091823965 -0.00020607199441033272 -1.1899266989152452e-7 5.472092018683331e-10
U 0 0.03435842663403383 13.924369809502736 15508.967237473224 -0.000028636489702096963 1.0158301060288107e-7 -4.825835381764321e-10
U 0 -0.032259159198359554 0.3147510409130385 -17529.021327579856 0.00014972694839178243 4.682330532155898e-8 -2.1501486757207916e-10
U 0 -0.03141867768889243 16.692825331749827 41261.90526083366 0.00019508417714166618 5.605318818252233e-7 -2.6604635564566894e-9
U 0 0.031179882291110614 25.752037984738728 30075.654758134428 -0.0007011714825782886 -5.643425173587443e-7 2.6530459071357137e-9
U 0 0.03094 13.822873106594919 -40.34038248571642 0 0 0
U 0 0.03056 -7.584038065834709 -6533.949647040295 0 0 0
U 0 -0.030379283750658456 17.63620508043509 49171.84419497069 -0.00007804724563973753 2.995081959158491e-7 -1.434418238298784e-9
U 0 0.03008870870623988 24.820453275955163 47219.36421716464 -0.000013481214030612856 3.7264233971122264e-7 -1.7843082719555362e-9
U 0 -0.02956872028388639 17.667535220741517 23489.89384663495 -0.0004899255565631549 -3.771656513559746e-7 1.7761634021128958e-9
U 0 0.028987600948148076 19.252212091154554 21395.43851877952 -0.00004904423679472177 1.314184445383619e-7 -6.391298758067014e-10
U 0 0.02884 10.471130018092481 8715.153440485417 0 0 0
U 0 0.02862 17.07858461316927 16826.591933775362 0 0 0
U 0 -0.028399989464081118 17.223305456453797 31747.597598565815 -0.00014474015486788975 9.097043912339333e-8 -4.428772976935611e-10
U 0 0.028279896584106023 27.13288399401284 56176.35759928868 0.00014086600874214347 6.2376613025234e-7 -2.9699201291089064e-9
U 0 0.02736 10.178198115169508 8792.705701432867 0 0 0
U 0 -0.025718816050415413 14.010620169918987 14252.363327136247 -0.000023275420016387715 1.0015765838041903e-7 -4.840379792197608e-10
U 0 -0.0254888785378384 22.378647017273114 40147.27670054606 -0.00017587004133193306 1.2365657750379824e-7 -5.965147532371731e-10
U 0 0.02495993884214148 2.602615122363156 -9338.54525606816 -0.0007444018337091449 -9.426474808653263e-7 4.456843689071853e-9
U 0 0.02492 28.33283692235436 -8433.79479376147 0 0 0
U 0 0.02491 31.589395262681776 8433.137522499608 0 0 0
U 0 -0.024188998798003365 5.395637281217805 17180.910077904613 0.0005277948380083019 7.568959670850186e-7 -3.578506743005707e-9
U 0 0.02403 11.663060399882763 25057.091967433378 0 0 0
U 0 0.023798063029962558 20.152466659631692 29933.679408085045 -0.0003248561944189801 -1.2889256525978124e-7 5.876426628728684e-10
U 0 -0.023649017971540856 -5.481887641634055 -15924.306167567634 -0.0005331559076940112 -7.554706148625567e-7 3.5799611840490354e-9
U 0 0.02359 17.602000014392225 8681.372014128792 0 0 0
U 0 0.02348 -27.04267345146536 7108.935819676179 0 0 0
U 0 0.02346 -44.58077201126717 -7109.640451309777 0 0 0
U 0 0.022848167931385607 4.144166812568068 -10804.698628755108 -0.0003062010487835663 -4.3335070885975874e-7 2.04227763167392e-9
U 0 0.02254 -5.917390785066038 -6323.2461961750705 0 0 0
U 0 0.02194 11.077421006532784 8259.965112398344 0 0 0
U 0 0.02181 18.453783178358297 -7106.98693866306 0 0 0
U 0 0.02178 35.99184037385683 7111.5893323228975 0 0 0
U 0 0.02173990685139259 15.35510450268384 14532.90046451091 -0.0006442727793359113 -6.282894418970921e-7 2.961775259266266e-9
U 0 -0.021039063254930736 11.655064271653188 5923.671900180692 -0.00018030317763199867 -1.502534560494674e-7 7.023010984552737e-10
U 0 0.020829083573661377 14.824624377979873 24047.208126778747 -0.0003044484473263553 -1.5872799919526207e-7 7.441890005031377e-10
U 0 0.020449524967629036 0.8021059854088826 -26415.02703467921 -0.00019277791846062812 -4.2202546126904e-7 2.0032986117127136e-9
U 0 0.02012 11.553605004215534 16745.236905194397 0 0 0
U 0 -0.020119107679315115 5.969242586129899 7038.300460468285 0.00019065104084160057 2.8662184827195765e-7 -1.3616477047642427e-9
U 0 0.02008 -4.205016677401356 -6716.267165834024 0 0 0
U 0 0.01993 11.61439369710083 7895.330074810885 0 0 0
U 0 0.01917 8.29771303059653 -121.69541106668223 0 0 0
U 0 -0.01828917777585103 6.869497154607036 15576.541349773808 -0.00008516091678265776 2.6310838473814512e-8 -1.3487516608467294e-10
U 0 0.01817925033385909 1.6592353736778938 -17248.484190205196 -0.0004712704109277411 -6.81623794955952e-7 3.2307983709139478e-9
U 0 -0.018008547089206565 -1.714155593787718 -7176.862247793563 0.00005403103031861445 6.375299906590398e-9 -1.876228945893902e-11
U 0 0.017679987133064217 13.405684724700464 50076.923292908315 0.000725746688073731 0.0000012471056244653037 -5.911478657872904e-9
U 0 0.01745 -0.9007556722373025 -8257.673740388842 0 0 0
U 0 -0.01691926105545369 21.478392448795976 31609.035811240537 0.0000999419162923253 3.839675873019414e-7 -1.8232872919167429e-9
U 0 0.016799273649312576 2.0721349976591874 175.76240619967575 -0.00040457750169958887 -4.730860381634963e-7 2.2392574303087244e-9
U 0 -0.01668896450061568 7.911898860414407 -2057.2547089810323 0.0002809858892290593 3.2849520590938826e-7 -1.5564458418340542e-9
U 0 0.01647 -8.942131859762988 -15471.736607056804 0 0 0
U 0 0.01638 7.192221226789549 8357.024912686315 0 0 0
U 0 0.01602807005073243 12.154214256050729 22091.31458624859 -0.00010824919871813719 5.685894852052638e-8 -2.906942831932778e-10
U 0 0.01596931486802827 -1.1836754690837488 -16691.169910061402 -0.0002857933016909415 -4.6318614279523957e-7 2.198823969304189e-9
U 0 -0.015708742594635918 -6.425267390319316 -23834.24510170467 -0.00026002448491260744 -4.944469289531824e-7 2.3539158658911297e-9
U 0 0.01504 19.79527883248613 15613.747598441874 0 0 0
U 0 0.014859351786676396 27.250464494735517 29237.803340615967 -0.00026565123249556473 -5.4333069241945697e-8 2.392070702594449e-10
U 0 -0.014818809383686982 11.938588355010104 25232.82436209103 -0.00012165187293241031 6.042232907668147e-8 -2.870581805849563e-10
U 0 0.014649925710091877 32.81870567953612 55061.72903900109 -0.00023008820973145576 1.8689082593091502e-7 -9.059713258893899e-10
U 0 0.01409 9.93088042710551 7684.626623945661 0 0 0
U 0 0.01408 17.553509760325237 -15645.227827968583 0 0 0
U 0 0.01404 -6.629701665304088 -6514.743224932761 0 0 0
U 0 0.01398 7.95331906154055 8398.973377073859 0 0 0
U 0 0.01388 10.768384349529661 7929.11150116751 0 0 0
U 0 0.01365 36.89209389513641 15649.83022162842 0 0 0
U 0 -0.01355940421512513 14.910874738396124 22790.60421644177 -0.00029908737764064604 -1.601533514177241e-7 7.42734559459809e-10
U 0 0.0135093955516099 17.18018027624567 32375.8995537343 -0.00014742068971074435 9.168311523462435e-8 -4.421500771718968e-10
U 0 0.0135 11.600181573213403 9185.726671091821 0 0 0
U 0 -0.01345938234256086 3.6136866878640994 -1290.390966487269 0.000033623283225989645 3.621073384207124e-8 -1.753086270892082e-10
U 0 0.013209414988021643 11.568813911236937 7180.275810517669 -0.00018566424731770792 -1.4882810382700535e-7 7.037555394986023e-10
U 0 0.01283 10.517043678557926 8421.014641317714 0 0 0
U 0 0.012698962639543001 22.50802255789749 38262.370835040594 -0.00016782843680336916 1.2151854917010518e-7 -5.986964148021661e-10
U 0 -0.012618987543121853 3.9716660917355693 -8291.490808081157 -0.0003169231881549848 -4.3050000441483466e-7 2.0451865137605773e-9
U 0 -0.012549954232758405 -3.4961061871414234 -25648.16329218544 -0.0004401405244636978 -7.14309933336357e-7 3.3844358264575595e-9
U 0 0.0123 -3.3035315725830086 -5958.611158587611 0 0 0
U 0 0.012299015560126391 17.79691076136589 21604.98798112949 -0.00048188395203459103 -3.793036796896677e-7 1.773981740547903e-9
U 0 0.01216 15.19797480601046 -23973.919254924134 0 0 0
U 0 0.012109509451245426 19.134631590431876 48333.99277745223 0.00035747300444298637 8.095176440326477e-7 -3.8482570751750525e-9
U 0 0.01209 0.5709303131864647 1185.6218651059517 0 0 0
U 0 0.01205 39.24765747285092 23978.52164858397 0 0 0
U 0 0.011859977233838637 21.447062308489553 57290.98615957628 0.0005118202272157426 0.000001060641434573765 -5.033868932328423e-9
U 0 -0.011809747447104757 11.950383394911803 50286.47275525828 0.0002929069728338617 7.363835002372742e-7 -3.4983670415183006e-9
U 0 -0.01176927479776785 12.968218464111615 31886.15938589109 -0.0003894222260281048 -2.0202670905515475e-7 9.375326965296206e-10
U 0 0.01156927152644841 4.8405905199062795 25928.700429560104 -0.00018085683485582574 -1.413716694115407e-8 6.137741202846719e-11
U 0 0.011269991558434344 -3.0087512426455785 -34534.1689992848 -0.0007826453913161084 -0.000001183158699926956 5.602749305742352e-9
U 0 0.01107 12.244666447917378 8402.314564234764 0 0 0
U 0 0.010909534950554581 24.894908596469715 20909.111913660417 -0.0004226789901111756 -3.047441836718321e-7 1.4255461479344795e-9
U 0 -0.01048993143434228 22.008872573499946 22094.728148972696 -0.00023988241571723062 -8.559385539988859e-8 3.9429896684638543e-10
U 0 0.010418758910186602 9.79865835778493 13762.623159293038 -0.00026527695633374814 -1.9355216590936004e-7 8.956447944817566e-10
U 0 0.0103393577932252 3.2007870638828066 -18714.63756289214 -0.00003306962600216256 -1.7232702295038458e-7 8.162323135160148e-10
U 0 0.010309540272323673 1.2581307895983 -9619.082393442823 -0.0001234044743896213 -2.142003805878152e-7 1.0110304505858262e-9
U 0 0.010269979876276477 18.191251841746617 40424.053843315196 0.0006306044272243901 0.0000010705413299420218 -5.074302393332958e-9
U 0 0.01018 12.186577825102848 8322.132470826462 0 0 0
U 0 0.010159566041243776 11.494358590722385 33490.528114021894 0.0002235335287628549 5.285584195560494e-7 -2.5060988803914134e-9
U 0 -0.010089734072084015 10.711684522967925 -1986.267033956341 0.00009282824514940508 1.1077022985990678e-7 -5.237442197026316e-10
U 0 0.01005 10.951485248258628 7075.531090884706 0 0 0
U 0 -0.009949765302123855 10.22432957847208 6899.738673143009 0.00043533311200181563 5.796189964505057e-7 -2.7420576989874243e-9
U 0 0.00986 -2.940291053013981 -6951.553781137225 0 0 0
U 0 0.009849597176923141 15.87882112368894 31467.060461191148 0.00047625720445163374 8.194175394009044e-7 -3.888690536179588e-9
U 0 -0.009439413502331859 15.323774362377415 40214.85081284664 -0.00023239446841249385 4.838440537473168e-8 -2.4880638114541395e-10
U 0 0.009389605050104204 28.15071906321265 37776.04422992149 -0.000541463190119823 -3.1464407904008884e-7 1.4659796089390148e-9
U 0 0.009349612446672779 5.001296200837081 -1638.1557842810944 -0.0005846935412506793 -6.929490425466708e-7 3.269777390875154e-9
U 0 0.00928 11.891540759947402 9108.174410144373 0 0 0
U 0 0.00917 5.356547346649222 -8467.247584487164 0 0 0
U 0 0.00916 -8.486663489567754 -15072.190536345819 0 0 0
U 0 0.009138912517098884 6.542847891041994 -3104.30915696804 -0.0001464927563251007 -1.8365227054110332e-7 8.552113334772213e-10
U 0 -0.009109431041475023 2.48503462164048 17600.00900260455 -0.0003378845924714367 -2.645482813710405e-7 1.2477164897035016e-9
U 0 0.009 11.288178833817785 8557.419086129665 0 0 0
U 0 0.0085 -11.409807381345889 -6520.795451867126 0 0 0
U 0 0.00849 22.150833334488528 23942.43902539743 0 0 0
U 0 -0.008449629794236958 9.225053052872834 23905.23277672936 0.00007186684083295318 2.767219529037009e-7 -1.3212142437597074e-9
U 0 0.00837 -1.9757660358296665 -7056.319038983505 0 0 0
U 0 0.00834 7.066167289168933 25266.641429783347 0 0 0
U 0 0.00833 13.022759490400528 9578.747640750773 0 0 0
U 0 0.0083 6.192056430993688 8826.487127789493 0 0 0
U 0 0.00812 13.333627646857549 7502.309105151931 0 0 0
U 0 0.00804 -10.83957137429243 -23400.88196330137 0 0 0
U 0 0.00804 -39.82278301626471 -16762.509900902893 0 0 0
U 0 0.00804 -31.855856040601193 16761.805269269295 0 0 0
U 0 0.00802 8.042093752061746 8346.715635264442 0 0 0
U 0 0.00796 19.02514376732285 9074.392983787746 0 0 0
U 0 0.00779 15.409961789614531 7162.25723200245 0 0 0
U 0 0.00778 4.6068613435278 -15611.480608180727 0 0 0
U 0 0.00777 6.550413942800384 70.9933048183592 0 0 0
U 0 0.00776 14.401367653149101 16728.37615872947 0 0 0
U 0 -0.007709969931594283 12.099294035940904 -2334.0318517501673 -0.0005254885793272638 -6.183895465288353e-7 2.9213417982617307e-9
U 0 0.00765 -5.231296336454824 1794.7417799152602 0 0 0
U 0 0.00762 -37.43013468260383 -8433.81847394734 0 0 0
U 0 0.00762 -34.174320550669464 8433.113842313738 0 0 0
U 0 0.00756967723561297 30.506274961478454 46104.73565687705 -0.0003844354325042121 -6.423296461020242e-8 2.796405312639802e-10
U 0 0.00753 9.347269716387405 7536.0905315085565 0 0 0
U 0 0.00744 2.9228358191546167 -6750.048592190649 0 0 0
U 0 0.00724 0.580974903718878 -16369.13661542714 0 0 0
U 0 0.0071 -36.57139119958905 104.4224153581849 0 0 0
U 0 0.0071 -35.11608847353699 -105.12704699178406 0 0 0
U 0 0.00708 2.9361504947406676 -8040.445188471585 0 0 0
U 0 -0.007029565234585507 -2.5712849820567296 -16343.405092267572 0.0003325235227857274 2.6597363359350253e-7 -1.2462620486601732e-9
U 0 0.00701997427656259 22.49622751799579 13208.722441873348 -0.0005823872825696412 -5.544426219904876e-7 2.6126124461311784e-9
U 0 0.00695 -6.8187904640654065 -14861.487085480594 0 0 0
U 0 0.00683 -1.531243102721242 -6558.532811478273 0 0 0
U 0 0.00681 5.941224428378464 -8450.386838022236 0 0 0
U 0 -0.006799984691872836 9.743738137675106 -10662.723278705724 -0.0006825163369428747 -8.688006609587218e-7 4.107680875936765e-9
U 0 0.006789580160738434 -7.282396778588328 -33000.78794617868 0.00001846800755450555 -2.3484859526627031e-7 1.1264161066898957e-9
U 0 0.006769458986707825 16.822200872374204 39376.99939532819 0.00020312578167023008 5.583938534915302e-7 -2.6626452180216825e-9
U 0 0.00672 -1.8754657357619156 9514.33767380986 0 0 0
U 0 0.006679585539765538 7.196146418172079 34257.39185651566 -0.0000238290772402148 2.3627394748873235e-7 -1.1249616656465673e-9
U 0 -0.0066398443980509566 23.322026765958377 48057.215634683096 -0.00044900146411333677 -1.3736710840557593e-7 6.295305649207322e-10
U 0 0.00663 -2.8742373026534933 -6586.918743549766 0 0 0
U 0 -0.006579990676571802 19.578861354719596 40076.28902552137 0.0000122876027477212 3.413815535532797e-7 -1.6292163753685956e-9
U 0 0.00657 -2.8073866142065222 -16186.819096633411 0 0 0
U 0 0.00657 7.862772166702726 1255.4517080803512 0 0 0
U 0 0.006539964306097862 31.91845111105899 46523.488149695564 0.00004572374789280256 4.4720183572905817e-7 -2.1327438645689595e-9
U 0 0.006519712119469701 29.606020393001316 37566.49476757152 -0.00010862347487995375 1.9607804518794072e-7 -9.471320074155894e-10
U 0 0.00649 -1.050585474045456 -8006.66376211496 0 0 0
U 0 -0.00645974249623623 -11.093254006642791 -41119.92991078427 -0.0005713994653009746 -9.959818339241864e-7 4.725866800719535e-9
U 0 0.006449833570178715 10.082182441141846 33071.77562120337 -0.0002066256516341598 1.7123619216788808e-8 -9.371448455847338e-11
U 0 0.00643 -9.17270802176236 -23190.17851243615 0 0 0
U 0 0.00642 20.88380661444341 -25088.54781521173 0 0 0
U 0 0.00635 14.573978002911574 7267.02248984873 0 0 0
U 0 0.006349765211896771 1.1718804291820506 -8362.478483105848 -0.00012876554407533056 -2.1277502836535315e-7 1.0124848916291548e-9
U 0 0.00634 3.70201298928934 7069.473234156674 0 0 0
U 0 -0.006319856559999554 20.966470867692575 39728.52420772754 -0.0006060292217289477 -3.877782228354624e-7 1.8158696425957667e-9
U 0 0.00626 -2.013494631083468 -7106.658303032126 0 0 0
U 0 0.00623 9.623242970650706 8469.514574748313 0 0 0
U 0 0.00623 15.523549226251365 7111.917967953829 0 0 0
U 0 0.00619 -26.13495428431037 15647.1767089817 0 0 0
U 0 0.00618 -45.47354889109707 -15647.881340615302 0 0 0
U 0 -0.006169494473585369 11.038333786532966 16694.583472785504 0.00015416008469184802 3.207333388748246e-7 -1.513830719264526e-9
U 0 0.00616 8.547944465416142 17155.178554745045 0 0 0
U 0 0.00616 33.561867377787095 25093.150208871564 0 0 0
U 0 0.00615 -13.869290634064585 -7149.103036829281 0 0 0
U 0 0.00615 -1.9664690084555314 8359.869830437608 0 0 0
U 0 0.006139739803503799 23.920198707478026 38681.12332785911 0.0002623307435936455 6.329533495093658e-7 -3.011080810635106e-9
U 0 0.00603 12.514920886007125 16433.57096411641 0 0 0
U 0 0.00594 3.836830923555291 497.795700833938 0 0 0
U 0 0.005919743641191331 8.13952616685734 42167.3307906527 -0.0002969605000216185 -2.4749738420641812e-8 1.0108365251133815e-10
U 0 0.00591 2.8045565821199974 9008.804646583221 0 0 0
U 0 0.00589 -3.4018588258309705 -7771.347135269738 0 0 0
U 0 0.00588 17.47687715766463 25126.89742865942 0 0 0
U 0 0.00587 -3.5635728856693736 2005.4452307804838 0 0 0
U 0 0.00575 -5.105323954821903 -15254.508055139548 0 0 0
U 0 0.00566 14.44607515826247 9971.768610409728 0 0 0
U 0 0.005659993400376703 10.149874257957528 33209.990976647234 0.0008445308880823785 0.0000012570055198335605 -5.95191211887744e-9
U 0 0.00563 19.704438158204773 32271.15483410134 0 0 0
U 0 0.00562 -9.84238328664747 -24009.977496362328 0 0 0
U 0 0.00562 -7.486832275303576 -15681.286069406773 0 0 0
U 0 0.0056 5.292143423451167 288.246238483969 0 0 0
U 0 -0.005579763484460804 24.734202915538912 48475.96812750162 -0.000018842283716322104 3.740676919336847e-7 -1.7828538309122075e-9
U 0 0.005549559179689509 13.566390405631266 22510.067079067107 0.00032190998167887745 5.682937488597869e-7 -2.703078679026218e-9
U 0 0.00554 0.45064321321325007 680.1132196276678 0 0 0
U 0 -0.0055398639637834046 13.554595365729568 -2543.5813141001345 -0.00009264886408739454 -1.0766742230080575e-7 5.082301819071265e-10
U 0 -0.005529979084134777 13.893039669196309 41190.91758580896 0.0003832418212213205 7.782568578747048e-7 -3.6931651785881123e-9
U 0 -0.0055198609322139845 18.265707162261165 14113.801539810971 0.00022140665114382733 3.9315480655896706e-7 -1.8644479734429424e-9
U 0 -0.005479781711253736 11.00700364622654 42376.533821121244 0.0005660383956152654 9.974071861466483e-7 -4.7244123596762055e-9
U 0 -0.005369978216276267 -0.24029572039848723 -8781.230975924364 -0.0005589247244723452 -7.242098287046137e-7 3.424869287462095e-9
U 0 -0.0053595708026320105 -3.16945692357638 -6967.312785443593 -0.0003788086849212548 -5.043468243214392e-7 2.394349326895665e-9
U 0 0.005339659408508781 15.953276444203492 5156.80815768693 0.00006705942837107102 1.4203101601784965e-7 -6.788361162895723e-10
U 0 0.00533 0.2864120445212004 -15583.094676109233 0 0 0
U 0 0.0053 5.15654432926302 17337.49607353878 0 0 0
U 0 -0.005279576182880805 6.252766669486817 26347.452922378623 0.00024930234554118894 4.972976333981065e-7 -2.351006983804473e-9
U 0 -0.005189974310511986 22.909127141977084 30632.96903827822 -0.000515694373341489 -3.4590486519803176e-7 1.6210715055259552e-9
U 0 0.00518 15.374716869056968 8835.303600851028 0 0 0
U 0 0.00511 1.901141396900424 470.56375727769887 0 0 0
U 0 0.0051 9.19714869058863 8416.545478238842 0 0 0
U 0 -0.005049973448151081 19.653316675234148 13766.036722017145 -0.0003969101733328416 -3.3600496982977504e-7 1.5806380445214199e-9
U 0 0.00504 9.259276400076056 -433.3613521446698 0 0 0
U 0 -0.005039598812306407 7.2274765584785055 8575.441508179922 -0.00043570738816363217 -4.403998997830914e-7 2.0856199747651126e-9
U 0 0.00503 -42.21779008609999 1219.0509756457773 0 0 0
U 0 0.00503 -29.390820252523522 -1219.7556072793764 0 0 0
U 0 0.00497 4.343607669631776 -6357.027622531697 0 0 0
U 0 -0.004959793944305288 15.792570763272689 32723.664371528124 0.00047089613476592455 8.208428916233665e-7 -3.887236095136259e-9
U 1 0.0743 11.953746082481336 6480.986180324489 0 0 0
U 1 0.03043 8.725903068475292 7737.590090661466 0 0 0
U 1 0.02229 12.854000650958472 15019.227069630013 0 0 0
U 1 0.01999 15.209556549224272 23347.918496585567 0 0 0
U 1 0.01869 9.598190184215536 -1847.7052466310652 0 0 0
U 1 0.01696 -4.026586311845392 -16133.855629917605 0 0 0
U 1 0.01623 1.5847800531633431 9061.768113299027 0 0 0
U 1 0.01419 -0.770775845102456 733.0766863434728 0 0 0
U 1 0.01338 3.9403359514291427 17390.459540254582 0 0 0
U 1 0.01279 0.6845254846862066 523.5272239935039 0 0 0
U 1 0.01215 -1.671030413579593 -7805.164202962051 0 0 0
U 1 0.01172 7.210474626138198 8399.684731773914 0 0 0
U 1 0.01126 27.130210202928286 -8431.164961300621 0 0 0
U 1 0.01123 30.38802605298177 8435.767354960457 0 0 0
U 1 0.00546 11.99687126268946 5852.684225156001 0 0 0
U 1 0.00443 14.309301980747136 14809.677607280044 0 0 0
U 1 0.00342 3.810344430588308 8399.709113522267 0 0 0
U 1 0.0033 9.626157636952428 16275.83097996699 0 0 0
U 1 0.00318 11.981713535218228 24604.522406922544 0 0 0
U 1 0.00295 8.769028248683417 7109.288135492978 0 0 0
U 1 0.00285 17.565112447490073 31676.609923541124 0 0 0
U 1 0.00207 11.081458966741092 16066.28151761702 0 0 0
U 1 0.00202 6.669028981037641 -33.78705615029321 0 0 0
U 1 0.00202 9.924839447780577 16833.145260110785 0 0 0
U 1 0.002 -6.3821422101111915 -24462.54705687316 0 0 0
U 1 0.00198 6.3703471702094925 -591.1013362940885 0 0 0
U 1 0.00193 15.252681729432396 22719.61654141708 0 0 0
U 1 0.00164 7.2426342859497375 -10176.39667358662 0 0 0
U 1 0.00161 6.295891849694942 25719.15096721014 0 0 0
U 1 0.00158 12.897125831166598 14390.925114461525 0 0 0
U 1 0.00149 19.995123666270423 13695.04904699245 0 0 0
U 1 0.00135 9.641315364423662 -2476.0072017995535 0 0 0
U 1 0.00132 7.146312134044682 8399.684731773914 0 0 0
U 1 0.00125 24.775542328185903 -16759.856388256172 0 0 0
U 1 0.00121 32.74451989118758 16764.458781916008 0 0 0
U 1 0.00104 22.35067956453622 22023.740473948004 0 0 0
U 1 0.00085 23.25093413301336 30561.98136325353 0 0 0
U 1 0.00079 3.040081382952006 8852.218650949058 0 0 0
U 1 0.00076 -3.1263317433682554 -7595.614740612082 0 0 0
U 1 0.00068 8.682777888267168 8365.892045829953 0 0 0
U 1 0.00066 7.996511381462192 70.9933048183592 0 0 0
U 1 0.00064 23.56813030137774 -8433.79479376147 0 0 0
U 1 0.00064 26.82394076812068 8433.137522499608 0 0 0
U 1 0.00062 9.566030524403997 16728.37615872947 0 0 0
U 1 0.0006 14.337269433484028 32933.2138338781 0 0 0
U 1 0.00057 14.401272647751155 8446.085398825591 0 0 0
U 1 0.00057 -4.069711492053518 -15505.553674749117 0 0 0
U 1 0.00057 9.583032456744306 16904.132935135476 0 0 0
U 1 0.00054 20.895378234747557 22233.289936297973 0 0 0
U 1 0.00053 12.024838715426354 23976.220451754056 0 0 0
U 1 0.00053 6.327221990001369 37.20061887439806 0 0 0
U 2 0.00022 11.953746082481336 6480.986180324489 0 0 0
U 2 0.00009 8.725903068475292 7737.590090661466 0 0 0
U 2 0.00006 12.854000650958472 15019.227069630013 0 0 0
U 2 0.00006 15.209556549224272 23347.918496585567 0 0 0
U 2 0.00005 -4.026586311845392 -16133.855629917605 0 0 0
U 2 0.00005 1.5847800531633431 9061.768113299027 0 0 0
U 2 0.00005 9.598190184215536 -1847.7052466310652 0 0 0
R 0 385000.5289868033 1.5707963267948966 0 0 0 0
R 0 -20905.35504324328 3.926352225060696 8328.691426955555 0.00015702775761561094 2.504111144298864e-7 -1.1863390776750345e-9
R 0 -3699.1109192098975 9.612173910583982 7214.062866667962 -0.0002139264608579883 -1.8646418989153864e-7 8.776097255444819e-10
R 0 -2955.9675637102655 11.967729808849782 15542.754293623517 -0.00005689870324237736 6.394692453834779e-8 -3.0872935213055254e-10
R 0 -569.9251213522874 6.281908123326495 16657.38285391111 0.0003140555152312219 5.008222288597728e-7 -2.372678155350069e-9
R 0 246.15847755240628 7.256618012318183 -1114.6285602875923 -0.00037095421847359924 -4.3687530432142507e-7 2.0639488032195165e-9
R 0 -204.58598380513953 12.010854989057908 14914.452338455028 -0.000054218168399522735 6.323424842711677e-8 -3.0945657265221686e-10
R 0 -170.73307846037957 14.323285707115582 23871.44572057907 0.00010012905437323358 3.143580389682342e-7 -1.495068429805587e-9
R 0 -152.1377114862193 9.655299090792107 6585.760911499474 -0.00021124592601513367 -1.8717686600276966e-7 8.768825050228176e-10
R 0 -129.62013867850587 -0.8278847516790275 -7700.389471787066 -0.00015970829245846556 -2.496984383186554e-7 1.1870662981966987e-9
R 0 108.74270168839186 6.769263067822339 7771.377146811758 -0.00002844935162118868 3.1973462269173895e-8 -1.5436467606527627e-10
R 0 104.75522518593684 3.883227044852571 8956.993382124043 0.00015434722277275631 2.5112379054111744e-7 -1.1856118571533702e-9
R 0 79.66055615283707 0.6705417583177598 -8538.240889305524 0.00027581195762425837 2.6031100979814315e-7 -1.2267725386795698e-9
R 0 48.88829640301958 1.5276711465867716 628.301955168488 -0.000002680534842854624 7.126761112310179e-10 7.272205216643039e-13
R 0 -34.78252367148676 20.009107392638867 22756.81716029148 -0.00027082516410036566 -1.2251726535319084e-7 5.688803734139294e-10
R 0 30.82383967858488 11.924604628641656 16171.056248792005 -0.00005957923808523198 6.465960064957881e-8 -3.080021316088882e-10
R 0 24.208482539702214 9.569048730375858 7842.364821836451 -0.00021660699570084292 -1.8575151378030762e-7 8.783369460661463e-10
R 0 -23.2104301949711 8.637464021592294 24986.074280866662 0.0004710832728468328 7.512333432896593e-7 -3.5590172330251036e-9
R 0 -21.63634372538151 17.65355149437307 14428.125733335924 -0.0004278529217159766 -3.729283797830773e-7 1.7552194510889637e-9
R 0 -16.674712956766612 6.726137887614215 8399.679101980246 -0.000031129886464043304 3.2686138380404915e-8 -1.5363745554361197e-10
R 0 14.402688794598129 4.901062114052384 -9443.319987243145 -0.0005279819760892102 -6.872864187513115e-7 3.250287880894551e-9
R 0 -12.831395086065443 14.366410887323708 23243.143765410583 0.0001028095892160882 3.136453628570032e-7 -1.4957956503272513e-9
R 0 -11.64994782787713 22.364663290904666 31085.508587247034 -0.00011379740648475472 1.2789384907669558e-7 -6.174587042611051e-10
R 0 -10.444757711497783 16.67884160538138 32200.137147534624 0.0002571568119888445 5.647691533981206e-7 -2.6814075074806213e-9
R 0 10.321105570221611 8.711919342106846 -1324.1780226375613 0.00006188549676627004 7.384681990660451e-8 -3.491628131350878e-10
R 0 10.056196651111373 7.299743192526309 -1742.9305154560807 -0.0003682736836307446 -4.375879804326561e-7 2.063221582697852e-9
R 0 -9.884453786454122 12.053980169266032 14286.15038328654 -0.00005153763355666811 6.252157231588575e-8 -3.1018379317388114e-10
R 0 8.751561179755182 6.356363443841046 -9652.869449593116 -0.0000951422608493409 -1.7656429452328192e-7 8.371762645399466e-10
R 0 -8.379106718921369 4.41370716955654 -557.3142801437962 -0.00018547710923679962 -2.1843765216071253e-7 1.0319744016097583e-9
R 0 -7.002691409591132 -3.183440649944827 -16029.08089874262 -0.0003167360500740765 -5.001095527485419e-7 2.373405375871733e-9
R 0 6.322003215271084 9.124818966088139 16100.068573767312 0.00012857840599442226 2.823845766990603e-7 -1.3407037537403106e-9
R 0 5.750854030679853 6.238782943118371 17285.684809079597 0.0003113749803883673 5.015349049710038e-7 -2.3719509348284047e-9
R 0 -4.950128396307023 9.698424271000233 5957.4589563309855 -0.00020856539117227905 -1.8788954211400069e-7 8.761552845011533e-10
R 0 -4.421176345788108 3.026097656583559 -209.54946234996896 0.00043283971523986925 5.107221242280296e-7 -2.4131116163546042e-9
R 0 4.131113909525857 11.067475240372646 7004.513404317993 0.00021891325438188098 3.242579343364909e-7 -1.5355018908101224e-9
R 0 -3.9579801365651974 20.052232572846997 22128.51520512299 -0.000268144629257511 -1.2322994146442186e-7 5.681531528922651e-10
R 0 3.2582370843552964 14.810640651611427 14985.44001347972 -0.00024237581247917698 -1.5449072762236473e-7 7.232450494792057e-10
R 0 -3.1483015646540564 4.826606793537833 16866.932316261078 -0.0001187842000086474 -9.899895368256725e-9 4.043346100453526e-11
R 0 2.6164074429505932 14.280160526907457 24499.74767574756 0.00009744851953037896 3.150707150794652e-7 -1.4943412092839226e-9
R 0 2.3536278839452796 9.525923550167732 8470.666777004937 -0.00021928753054369755 -1.850388376690766e-7 8.790641665878105e-10
R 0 -2.117125477612384 -0.8710099318871527 -7072.087516618579 -0.0001623888273013202 -2.489857622074244e-7 1.1877935187183631e-9
R 0 -1.8970355348529564 17.696676674581198 13799.823778167436 -0.000425172386873122 -3.7364105589430826e-7 1.7544922305672995e-9
R 0 -1.7385258310865037 2.0581512712907406 -8886.00570709935 -0.0003425048668524106 -4.6884876659059895e-7 2.2183134792847925e-9
R 0 -1.5713933532013946 22.407788471112795 30457.206632078545 -0.0001111168716419001 1.2718117296546456e-7 -6.181859247827694e-10
R 0 -1.4225541249320666 24.720219189170464 39414.200014202586 0.00004323035113085622 3.78304963506582e-7 -1.8037977819361394e-9
R 0 -1.4189284012965027 17.166196549877228 23314.131440435274 -0.00008534805486356604 9.592038680752169e-8 -4.630940281958288e-10
R 0 1.1655348497411109 3.840101864644446 9585.295337292531 0.0001516666879299017 2.5183646665234846e-7 -1.1848846366317058e-9
R 0 -1.1169370852826597 10.993019919858094 33314.76570782222 0.0006281110304624438 0.0000010016444577195457 -4.745356310700138e-9
R 0 1.065670882984133 1.4845459663786467 1256.603910336976 -0.000005361069685709248 1.4253522224620359e-9 1.4544410433286078e-12
R 0 1.0587 11.922110586689664 8364.739843573328 0 0 0
R 0 -0.9333169516113453 9.081693785880013 16728.3705289358 0.00012589787115156764 2.8309725281029133e-7 -1.3399765332186464e-9
R 0 0.8624327804759546 12.455084753345627 6656.748586524165 -0.0003994035700947879 -4.049018420522512e-7 1.90958412715424e-9
R 0 0.8512397898115406 4.370581989348415 70.98767502469127 -0.00018815764407965424 -2.177249760494815e-7 1.0327016221314225e-9
R 0 -0.8488012847169336 16.721966785589508 31571.83519236614 0.00025983734683169917 5.640564772868897e-7 -2.682134728002286e-9
R 0 -0.7956262371647108 3.513452601079403 -9095.555169449319 0.00009033484838745872 4.187335763743062e-8 -1.9479813706981153e-10
R 0 0.7785449371458397 2.5455062157865846 -17772.0114141987 -0.0006850097337048212 -9.376975331811979e-7 4.436626958569585e-9
R 0 0.7740389175847989 10.51242847906112 15752.303755973486 -0.0004897384184822467 -4.467751996896818e-7 2.104382264224052e-9
R 0 0.72783 26.4380642474085 -8326.390230125637 0 0 0
R 0 0.68256 34.29081459968923 8330.992623785472 0 0 0
R 0 -0.6696835112883041 19.034397503647178 40528.82857449018 0.00041418456960445546 8.15180267828007e-7 -3.867746585155656e-9
R 0 -0.6575321001719026 14.40953606753183 22614.841810242095 0.00010549012405894283 3.1293268674577216e-7 -1.4965228708489155e-9
R 0 0.6570637741116113 8.755044522314972 -1952.4799778060496 0.00006456603160912467 7.31341437953735e-8 -3.498900336567521e-10
R 0 0.59827 13.879886543661407 8393.125775644823 0 0 0
R 0 0.5963208387272017 12.867984377326918 24080.99518292904 -0.00033271066086663567 -1.9636408525979537e-7 9.180431865490172e-10
R 0 0.5787894233154659 19.965982212430745 23385.119115459966 -0.0002735056989432203 -1.2180458924195982e-7 5.696075939355937e-10
R 0 -0.5142324263749917 15.297995596107269 6099.434306380372 -0.0005848806793315876 -6.233394942129637e-7 2.9415585287639984e-9
R 0 -0.5079212363929992 19.10885282416173 14218.576270985955 0.000004986793523892682 1.377937444449523e-7 -6.578921652656403e-10
R 0 0.4975518333191603 6.812388248030464 7143.07519164327 -0.000025768816778334056 3.1260786157942874e-8 -1.5509189658694057e-10
R 0 0.49504385021238806 4.94418729426051 -10071.621942411633 -0.0005253014412463556 -6.879990948625425e-7 3.2495606603728865e-9
R 0 0.4726232314562022 4.000807545575247 -17981.56087654867 -0.0002521700184649518 -4.2697540895316834e-7 2.0235153422149812e-9
R 0 0.45648 9.250406067015902 8294.934382347283 0 0 0
R 0 0.45276 1.397701965960363 -8362.448471563826 0 0 0
R 0 -0.42250165652074306 28.05048497642796 29970.88002695944 -0.00048475162495835396 -3.0898145524472946e-7 1.4464900989584113e-9
R 0 -0.422406278774844 -5.538996548210626 -24357.772325698174 -0.00047376380768968747 -7.505206671784283e-7 3.5597444535467678e-9
R 0 -0.41071405448299453 12.097105349474157 13657.848428118054 -0.00004885709871381349 6.180889620465474e-8 -3.1091101369554547e-10
R 0 0.41011 14.637809149482582 8311.770747063858 0 0 0
R 0 0.37852141917341753 11.480374864353939 24428.76000072287 0.00028560616361003317 5.327956911289467e-7 -2.5270428314153453e-9
R 0 0.35507845831061036 8.59433884138417 25614.37623603515 0.00046840273800397817 7.519460194008902e-7 -3.5582900125034393e-9
R 0 0.34301547037427194 7.342868372734433 -2371.232470624569 -0.00036559314878789 -4.383006565438871e-7 2.0624943621761877e-9
R 0 0.3346321631561456 2.4279257150639086 9166.542844474012 -0.00027849249246711296 -2.595983336869121e-7 1.227499759201234e-9
R 0 0.3322486704535117 2.015026091082616 -8257.703751930863 -0.0003451854016952652 -4.6813609047936793e-7 2.2190406998064567e-9
R 0 0.3233427819496249 6.399488624049171 -10281.171404761604 -0.00009246172600648627 -1.7727697063451294e-7 8.364490440182823e-10
R 0 -0.3217550210499067 16.75329692589593 5889.884844030403 -0.00015204096409171826 -1.1261736998493412e-7 5.284469124093942e-10
R 0 -0.28663087783523633 30.40604087469376 38299.57145391499 -0.000327723867342743 -5.857034081484304e-8 2.601510212833769e-10
R 0 0.28398591773319404 13.423031138638445 15333.204831273546 0.00037594101199749195 5.746690487663773e-7 -2.7218409684851566e-9
R 0 -0.27903969892556335 20.09535775305512 21500.213249954504 -0.0002654640944146564 -1.2394261757565288e-7 5.674259323706007e-10
R 0 0.2556009610708777 14.853765831819553 14357.138058311231 -0.00023969527763632235 -1.5520340373359575e-7 7.225178289575413e-10
R 0 -0.24809677253589668 0.627416578109635 -7909.938934137035 0.0002731314227814037 2.6102368590937417e-7 -1.2260453181579055e-9
R 0 0.24452120177613068 22.321538110696544 31713.810542415522 -0.00011647794132760934 1.286065251879266e-7 -6.167314837394407e-10
R 0 0.236951809597832 17.610426314164947 15056.427688504413 -0.0004305334565588312 -3.722157036718462e-7 1.7559466716106282e-9
R 0 -0.2125824858351687 14.767515471403302 15613.741968648208 -0.0002450563473220316 -1.537780515111337e-7 7.2397227000087e-10
R 0 0.21251282528850712 16.635716425173257 32828.439102703116 0.00025447627714598987 5.654818295093517e-7 -2.680680286958957e-9
R 0 0.20940882693131582 11.110600420580772 6376.211449149505 0.0002215937892247356 3.235452582252599e-7 -1.5362291113317866e-9
R 0 0.20497 -7.640821468505783 -14967.415805170835 0 0 0
R 0 0.20473 18.396671130189073 -15540.453096793599 0 0 0
R 0 0.20367 42.33214418692387 15545.055490453435 0 0 0
R 0 -0.20285296573006098 24.763344369378594 38785.8980590341 0.000045910885973710845 3.77592287395351e-7 -1.8045250024578039e-9
R 0 0.20098654003148564 13.91038608313429 6447.199124174196 0.00003343614514508136 1.0582028217577842e-7 -5.035274892003641e-10
R 0 -0.1856697678063508 -1.7281393201561643 -16238.63036109259 0.00011610366516579278 1.0612571479487742e-8 -3.970624048287096e-11
R 0 -0.1831609465326197 25.694929078162154 21642.188600003887 -0.0006417793825739649 -5.593925696746159e-7 2.632829176633446e-9
R 0 0.1685745372653624 4.857936933844258 -8815.018032074657 -0.0005306625109320648 -6.865737426400804e-7 3.2510151014162154e-9
R 0 0.16644 -5.9744338927298095 -14756.71235430561 0 0 0
R 0 -0.15802133913814997 4.783481613329708 17495.234271429566 -0.00012146473485150202 -9.187219257025708e-9 4.116068152619956e-11
R 0 0.1578 -42.909285236557864 -8329.043742772355 0 0 0
R 0 0.1578 -35.05658218269988 8328.339111138755 0 0 0
R 0 0.15751 -5.2861878022167375 -6638.724378215279 0 0 0
R 0 -0.1570740303060822 17.20932173008535 22685.829485266786 -0.00008266752002071141 9.520771069629067e-8 -4.638212487174931e-10
R 0 -0.14806365025832907 9.741549451208359 5329.157001162499 -0.00020588485632942443 -1.8860221822523168e-7 8.75428063979489e-10
R 0 0.14762939872944095 11.881479448433533 16799.35820396049 -0.00006225977292808661 6.537227676080983e-8 -3.0727491108722393e-10
R 0 0.1445 1.522715143191915 -7178.014450050187 0 0 0
R 0 0.143675373519686 7.213492832110058 -486.326605119104 -0.0003736347533164539 -4.3616262821019404e-7 2.0646760237411807e-9
R 0 -0.13922061800817892 27.07577508743627 47742.89144115814 0.00020025810874646716 6.287160779364684e-7 -2.990136859611174e-9
R 0 0.13811 3.7796827470705505 -7935.670457296601 0 0 0
R 0 -0.1361702812854765 -3.2265658301529516 -15400.778943574132 -0.0003194165849169311 -4.993968766373108e-7 2.3741325963933974e-9
R 0 -0.13571251458379674 8.66879416189872 -695.876067469073 0.00005920496192341542 7.455949601783553e-8 -3.4843559261342347e-10
R 0 0.13477 20.75218444242112 -7211.761669838044 0 0 0
R 0 -0.12805058293015048 22.450913651320917 29828.904676910057 -0.00010843633679904547 1.2646849685423354e-7 -6.189131453044337e-10
R 0 0.12671 39.976577642149635 7216.364063497882 0 0 0
R 0 0.12666 0.3905883653922373 -7753.352938502871 0 0 0
R 0 0.12362 -4.262125933043778 -15149.733323964563 0 0 0
R 0 0.12047 15.599065515546684 8000.1048059858695 0 0 0
R 0 0.11998 5.349308878695503 8721.712396614508 0 0 0
R 0 0.11617 -3.6198038916321917 -6428.020927350055 0 0 0
R 0 0.11410596222561975 4.456832349764665 -1185.6162353122845 -0.000182796574393945 -2.1915032827194355e-7 1.0312471810880938e-9
R 0 0.11256 -29.333656891674288 7213.710550851163 0 0 0
R 0 0.11251 -48.558032289044434 -7214.415182484761 0 0 0
R 0 0.11226 -26.985465759253128 15542.401977806716 0 0 0
R 0 0.11216 -50.92098244921924 -15543.106609440318 0 0 0
R 0 0.10997613693898027 9.167944146296264 15471.766618598824 0.00013125894083727688 2.816719005878293e-7 -1.341430974261975e-9
R 0 -0.1088721949643023 7.170367651901934 141.97535004938254 -0.0003763152881593085 -4.35449952098963e-7 2.065403244262845e-9
R 0 -0.10833226583295306 17.73980185478932 13171.521822998948 -0.00042249185203026735 -3.7435373200553933e-7 1.7537650100456353e-9
R 0 -0.10765613259321437 17.1230713696691 23942.433395603763 -0.00008802858970642066 9.663306291875271e-8 -4.6236680767416445e-10
R 0 0.10689 17.291777716685534 15508.997249015245 0 0 0
R 0 0.10504 8.240495925387307 8904.029915408237 0 0 0
R 0 0.10503 -3.3603032815480947 -14392.07731671815 0 0 0
R 0 -0.10325752715588883 7.182162691803632 25195.62374321663 0.00003824355760696354 2.405112190616297e-7 -1.1459056166704991e-9
R 0 0.1006 -1.9065824266156686 -6821.041897009009 0 0 0
R 0 -0.09938048266643106 -0.29740462697505876 -17214.697134054903 -0.0004995326244680215 -7.192598810204854e-7 3.404652556959827e-9
R 0 0.09932 3.4851090668315097 -7149.628517978694 0 0 0
R 0 0.09554 -6.64368120288233 -15576.511338231789 0 0 0
R 0 -0.08587025795747004 32.76159677295956 46628.26288087055 -0.00017069610972713208 1.9184077361504338e-7 -9.261880563916576e-10
R 0 0.08508 7.795093392587105 8504.483844697252 0 0 0
R 0 -0.07981886787915188 14.397741027630131 -2438.8065829251536 -0.0003090687217073292 -3.6302848441482056e-7 1.7147859900844284e-9
R 0 0.07945 15.30274388806177 8786.146745303777 0 0 0
R 0 0.07725 4.242549787246213 -7230.98354655966 0 0 0
R 0 0.07054 14.418253452783903 8315.573514697371 0 0 0
R 0 -0.06677775577404779 28.093610156636082 29342.578071790955 -0.0004820710901154993 -3.096941313559605e-7 1.4457628784367471e-9
R 0 -0.06544991996081569 19.521752448143026 31642.82286739083 0.0000716797027520449 3.463315012374081e-7 -1.6494331058708632e-9
R 0 0.06313 3.6624102882342013 8327.9800722555 0 0 0
R 0 0.06312 -4.190328195807604 -8329.40278165561 0 0 0
R 0 0.06209 7.9355592035858615 8346.715635264442 0 0 0
R 0 0.0609 12.708114006224944 36.04841661777431 0 0 0
R 0 0.06082 -1.006120259271913 -6063.385889762595 0 0 0
R 0 0.0605490546713428 5.8690084993452025 -766.863742493766 0.00024736260600306966 2.9228447206731703e-7 -1.381137214744846e-9
R 0 0.06007 10.85966001988055 8322.132470826462 0 0 0
R 0 -0.05903800403541461 11.437249684145813 25057.061955891353 0.0002829256287671786 5.335083672401778e-7 -2.526315610893681e-9
R 0 0.05896 -4.39769350997933 8288.87652561925 0 0 0
R 0 -0.058880464019011286 13.348575818123892 41643.457134777775 0.0007851387880780547 0.000001252055572149432 -5.931695388375172e-9
R 0 0.05857 -12.2538781466292 -8368.506328291858 0 0 0
R 0 -0.05849810955417974 19.077522683855307 39900.52661932169 0.00041686510444731005 8.144675917167761e-7 -3.86847380567732e-9
R 0 -0.05788683478255263 19.15197800436986 13590.274315817467 0.000007667328366747306 1.3708106833372128e-7 -6.586193857873047e-10
R 0 0.05765 7.769202203114856 8294.910000598928 0 0 0
R 0 0.05723 -17.75101178430696 -14954.261609997666 0 0 0
R 0 0.05703 6.199684107370602 -8362.47285331218 0 0 0
R 0 -0.05526704882234315 11.02435006016452 7632.815359486482 0.00021623271953902636 3.2497061044772194e-7 -1.534774670288458e-9
R 0 0.05507 4.997030885313765 -8170.957072599802 0 0 0
R 0 0.05343 14.9362132663064 7180.30582205969 0 0 0
R 0 0.05292818797749385 12.498209933553753 6028.446631355677 -0.0003967230352519333 -4.0561451816348214e-7 1.908856906632576e-9
R 0 0.05247 -9.280017162098614 -15385.019939267764 0 0 0
R 0 -0.051908205261208096 30.44916605490188 37671.26949874651 -0.0003250433324998884 -5.928301692607406e-8 2.5942380076171257e-10
R 0 0.05164 6.563865886398928 8486.425781311307 0 0 0
R 0 0.050716371213433385 6.195657762910246 17913.986764248086 0.00030869444554551263 5.022475810822349e-7 -2.3712237143067405e-9
R 0 -0.05019740326735 0.07236981679810928 837.8514175184573 -0.00043552025008272385 -5.100094481167986e-7 2.4138388368762684e-9
R 0 0.04924 9.915792010731312 9114.733366273462 0 0 0
R 0 0.04919 2.0674306379205833 -7542.649487637647 0 0 0
R 0 0.04883 -6.921746055115488 -7056.32851231221 0 0 0
R 0 -0.04843021103043979 10.099528855079827 -1671.9428404313876 -0.0005564313277103989 -6.553129564821376e-7 3.0959232048292748e-9
R 0 0.047400374620333655 0.18995031752078617 -26100.702841154256 -0.0008420374913204322 -0.0000011881086476110843 5.622966036244619e-9
R 0 -0.047357471886296826 6.313238263632921 -9024.567494424628 -0.00009782279569219552 -1.758516184120509e-7 8.37903485061611e-10
R 0 0.04609 -5.8738164653673435 -7161.09377015849 0 0 0
R 0 -0.04607671212951372 16.76509196579763 30943.533237197647 0.00026251788167455377 5.633438011756586e-7 -2.68286194852395e-9
R 0 0.04591018423462756 22.852018235400514 22199.502880147684 -0.0004563022733371653 -3.409549175139034e-7 1.6008547750236875e-9
R 0 0.04556 -7.872949287842263 -14991.998969608812 0 0 0
R 0 -0.044220291338237 21.389953401912983 48857.52000144574 0.0005712123272200663 0.0000010655913822578935 -5.054085662830691e-9
R 0 0.04396 -15.390304895819751 -6625.57018304211 0 0 0
R 0 0.04366 13.917297574803364 7789.401355120645 0 0 0
R 0 0.0435 14.277771379243509 16693.431270528883 0 0 0
R 0 0.04322 -9.2137873080166 -15020.384901680307 0 0 0
R 0 -0.04315859519419192 15.341120776315394 5471.132351211883 -0.0005822001444887329 -6.240521703241947e-7 2.940831308242334e-9
R 0 0.04301 1.5707963267948966 0 0 0 0
R 0 0.04282 13.285168600780509 7267.031963177435 0 0 0
R 0 0.04277 5.887714926099255 575.3384884526834 0 0 0
R 0 0.0427 17.954156109033903 16328.796232941424 0 0 0
R 0 -0.042319335450963426 1.1578967028136038 -17424.246596404875 -0.00006669290922815222 -2.085377567924558e-7 9.91540940605223e-10
R 0 0.04106 -8.308608915410286 -15489.785197114044 0 0 0
R 0 0.03974 -19.334691827904315 8351.23333258336 0 0 0
R 0 0.03968 24.08251061807073 -16655.081657081188 0 0 0
R 0 -0.03893570873723868 -0.9141351120952779 -6443.78556145009 -0.0001650693621441748 -2.4827308609619336e-7 1.1885207392400273e-9
R 0 0.03875 16.271351966313674 16118.092782076199 0 0 0
R 0 0.03855 -4.2881371728554445 -7247.819911276234 0 0 0
R 0 0.03809868881490931 12.411959573137501 7285.0505416926535 -0.00040208410493764254 -4.041891659410201e-7 1.9103113476759044e-9
R 0 0.0376 16.726747913780702 9179.16771496273 0 0 0
R 0 0.03741 6.508331825991754 8381.660523465027 0 0 0
R 0 0.0374 2.9942421962190373 393.0209696589535 0 0 0
R 0 0.037338024305556786 12.911109557535044 23452.693227760552 -0.0003300301260237811 -1.970767613710264e-7 9.17315966027353e-10
R 0 0.03728722670772817 6.683012707406089 9027.981057148734 -0.00003381042130689793 3.339881449163593e-8 -1.5291023502194767e-10
R 0 0.03726 -9.69289108247057 -7740.198743329703 0 0 0
R 0 0.03722 36.64636787996113 16659.684050741023 0 0 0
R 0 0.03716 -1.3201621148776728 -8275.722330446082 0 0 0
R 0 0.03681872682368452 24.677094008962342 40042.50196937108 0.000040549816288001597 3.7901763961781305e-7 -1.8030705614144752e-9
R 0 0.03577 5.903620234230537 -8326.061594494702 0 0 0
R 0 0.03574 7.473001845227287 8331.321259416407 0 0 0
R 0 0.03539 15.46722428516528 15595.72339013299 0 0 0
R 0 0.03489 -5.516146177292987 -6663.307542653258 0 0 0
R 0 0.03488 0.17979859242479002 -7777.93610294085 0 0 0
R 0 0.03452 14.666165201619727 64.43434868926806 0 0 0
R 0 0.03426 -6.858453241098729 -6691.693474724751 0 0 0
R 0 0.03378816948660811 3.4703274208712784 -8467.253214280832 0.0000876543135446041 4.258603374866164e-8 -1.9407091654814723e-10
R 0 0.03351 -1.2587351052945563 -7806.322035012343 0 0 0
R 0 0.0328 6.241081575292354 9479.36840386092 0 0 0
R 0 0.032648313219869725 2.9829724763754344 418.7524928185194 0.00043015918039701465 5.114348003392605e-7 -2.41238439583294e-9
R 0 0.0314297001650719 15.223540275592718 32409.686609884593 -0.00017568290325102476 5.4047029170091065e-8 -2.682958911260173e-10
R 0 0.03125 0.2988408181285074 -7211.433034207111 0 0 0
R 0 0.03123 3.762147424124244 15502.939392287211 0 0 0
R 0 0.03116 -1.8295659547849414 8917.184110581406 0 0 0
R 0 0.03103 13.23934429579133 7216.692699128814 0 0 0
R 0 0.03074 12.75559950895422 7214.062866667962 0 0 0
R 0 0.03048 -27.359552000836995 8311.418431247057 0 0 0
R 0 0.030238433400363952 10.555553659269245 15124.001800804997 -0.00048705788363939196 -4.474878758009128e-7 2.103655043702387e-9
R 0 0.03005 -2.0696322619313037 -15540.124461162664 0 0 0
R 0 0.02975 15.580302958325152 15545.38412608437 0 0 0
R 0 -0.029477804732416357 6.85551342823859 6514.773236474783 -0.00002308828193547943 3.054811004671186e-8 -1.5581911710860487e-10
R 0 -0.029390185549546838 12.94243969784147 -2229.2571205751847 -0.0007419084369471985 -8.737506086428501e-7 4.127897606439033e-9
R 0 0.029099627772039983 1.6452516473094478 -26310.252303504225 -0.0004091977760805628 -6.773865233830548e-7 3.209854419890016e-9
R 0 0.02873 30.74280187737682 8328.362791324624 0 0 0
R 0 0.02862 -20.208873800683477 -15582.569194959822 0 0 0
R 0 -0.028546851606479653 14.452661247739956 21986.539855073606 0.00010817065890179745 3.122200106345412e-7 -1.49725009137058e-9
R 0 0.02854 22.891355635113193 -8329.020062586485 0 0 0
R 0 0.02841 1.4366743699116693 7174.247965331659 0 0 0
R 0 0.028387370839987467 8.798169702523095 -2580.781932974538 0.00006724656645197929 7.242146768414247e-8 -3.506172541784164e-10
R 0 0.02834 12.292619180862772 7371.797221023715 0 0 0
R 0 0.02809 3.7532356985446613 -33.757044608271826 0 0 0
R 0 0.02778 8.031689020983052 8879.446750970259 0 0 0
R 0 0.02756 6.600429331987242 8851.060818898764 0 0 0
R 0 0.02747 13.390567954628377 15935.775263282472 0 0 0
R 0 0.02704 14.630388777787346 15700.48864797927 0 0 0
R 0 0.02702 4.71238898038469 0 0 0 0
R 0 -0.02697856878864713 16.79642210610406 5261.582888861911 -0.0001493604292488636 -1.1333004609616514e-7 5.277196918877297e-10
R 0 -0.026739169195952667 -7.8945524464764265 -32686.46375265373 -0.0006307915653052984 -0.0000010009317816083147 4.7460835312218024e-9
R 0 0.02671 12.00268318951213 8157.839160341622 0 0 0
R 0 0.026578098464485986 17.567301133956818 15684.729643672901 -0.00043321399140168584 -3.7150302756061525e-7 1.7566738921322926e-9
R 0 0.02611 7.561822616755574 786.041939317907 0 0 0
R 0 0.02591 -17.806796849337474 -7253.877768004266 0 0 0
R 0 0.02488 11.605961965281702 16623.625809302837 0 0 0
R 0 -0.024709617513199892 7.669517636299476 16309.618036117281 -0.000304261309245447 -2.2833754752896926e-7 1.0724078626142936e-9
R 0 0.02469 -0.9578539323054365 -16691.13989851938 0 0 0
R 0 0.0246 16.998829324570526 16640.462174019412 0 0 0
R 0 -0.02435920989481715 25.738054258370283 21013.886644835402 -0.0006390988477311103 -5.601052457858469e-7 2.6321019561117818e-9
R 0 -0.023989231448114805 15.254870415899143 6727.73626154886 -0.0005875612141744422 -6.226268181017326e-7 2.9422857492856626e-9
R 0 0.02368012052807116 13.835930762619737 32757.45142767842 0.00044263392122564416 7.832068055588332e-7 -3.71338190909038e-9
R 0 0.02341 9.141138992374966 -16.920679891697745 0 0 0
R 0 0.023339273276131552 2.5886313959947103 -18400.31336936719 -0.0006823291988619665 -9.384102092924289e-7 4.435899738047921e-9
R 0 0.023039284017757133 10.949894739649968 33943.0676629907 0.0006254304956195892 0.0000010023571338307767 -4.744629090178473e-9
R 0 0.02206 -3.7986115502485513 -14445.046413227621 0 0 0
R 0 0.02196 18.14896105715416 9572.188684621684 0 0 0
R 0 0.02139 12.967567804493804 8940.078332026013 0 0 0
R 0 0.021267621756587585 1.4414207861705217 1884.9058655054641 -0.000008041604528563872 2.138028333693054e-9 2.181661564992912e-12
R 0 0.0211 16.576130534329245 8550.860130000576 0 0 0
R 0 -0.02078930546575749 27.118900267644392 47114.58948598965 0.00020293864358932178 6.280034018252374e-7 -2.9908640801328383e-9
R 0 0.02045 1.5707963267948966 0 0 0 0
R 0 0.0201 -1.3030419103975635 -14339.108220208678 0 0 0
R 0 -0.020079746473453525 8.15687258079532 7423.612329017933 -0.0006467661760978575 -6.971863141195682e-7 3.2907213418990865e-9
R 0 0.01968892294161761 19.065727643953608 14846.878226154444 0.000002306258681038058 1.3850642055618332e-7 -6.571649447439761e-10
R 0 0.01961 12.753766564173777 7214.062866667962 0 0 0
R 0 0.0196 15.110659210113678 15542.754293623517 0 0 0
R 0 0.01937970135219828 21.464408722427528 22547.26769794151 0.00016201455113950362 3.882048588748387e-7 -1.8442312429406747e-9
R 0 0.019117888665712967 3.796976684436321 10213.597292461018 0.00014898615308704707 2.525491427635795e-7 -1.1841574161100416e-9
R 0 0.01882 -8.15435420905052 8391.048233919666 0 0 0
R 0 -0.01873968665784827 10.025073534565275 24638.309463072837 -0.00014723355162983608 2.207356690091717e-8 -1.1393121506074101e-10
R 0 0.018678640308858598 19.922857032222616 24013.421070628458 -0.0002761862337860749 -1.210919131307288e-7 5.70334814457258e-10
R 0 -0.018659375556539202 7.81166477362971 -9862.418911943085 0.0003376974543905284 3.3415782970474765e-7 -1.5759353518146577e-9
R 0 0.0183 13.287571357164484 7136.510605720512 0 0 0
R 0 0.01810976518876861 15.778587036904243 23661.896258229102 0.0005329687696131028 8.250801631962638e-7 -3.908180046160192e-9
R 0 0.018039066125319674 13.46615631884657 14704.902876105061 0.00037862154684034654 5.739563726551464e-7 -2.7225681890068212e-9
R 0 0.01777 15.63551727082574 15465.202032676067 0 0 0
R 0 0.01777 16.041124656701232 -23869.14452374915 0 0 0
R 0 0.01755 11.371669085273334 8428.018217504674 0 0 0
R 0 0.01729 -4.505965160855372 -14363.691384646656 0 0 0
R 0 0.017289433003371456 -0.3405298071831835 -16586.395178886414 -0.0005022131593108762 -7.185472049092543e-7 3.405379777481492e-9
R 0 -0.017278752710630535 24.806469549586716 38157.59610386561 0.00004859142081656547 3.7687961128411993e-7 -1.8052522229794683e-9
R 0 0.01727 44.687771643689004 23873.746917408986 0 0 0
R 0 -0.01708940569902432 32.80472195316768 45999.960925702064 -0.00016801557488427745 1.9112809750381236e-7 -9.269152769133219e-10
R 0 0.01703944894128188 18.991272323439055 41157.130529658665 0.00041150403476160086 8.158929439392381e-7 -3.867019364633992e-9
R 0 0.01639 0.26025657137888936 -14128.404769343453 0 0 0
R 0 0.01622 -15.319792038175116 8249.061624282947 0 0 0
R 0 0.01596 -23.177485162897483 -8408.321229628162 0 0 0
R 0 -0.015777639756287154 12.140230529682283 13029.546472949565 -0.00004617656387095886 6.109622009342372e-8 -3.1163823421720974e-10
R 0 -0.01570826604663463 20.13848293326324 20871.911294786012 -0.0002627835595718018 -1.246552936868839e-7 5.666987118489365e-10
R 0 0.01569 12.284078955256422 7736.432258611174 0 0 0
R 0 0.01558 -5.956073347812303 -7291.615127615412 0 0 0
R 0 0.015509180853547678 16.71017174568781 6518.1867991988875 -0.0001547214989345729 -1.119046938737031e-7 5.291741329310584e-10
R 0 0.01517921271149061 4.043932725783373 -18609.86283171716 -0.0002494894836220972 -4.2768808506439936e-7 2.0227881216933166e-9
R 0 0.01516894182254668 4.9873124744686335 -10699.923897580122 -0.000522620906403501 -6.887117709737735e-7 3.2488334398512223e-9
R 0 0.014829794773936499 20.909361961116005 31295.058049597003 -0.000546637121724624 -3.82828275151334e-7 1.795652912093499e-9
R 0 0.0148 3.45692527869154 1097.7078803958946 0 0 0
R 0 0.01476 20.80110736360968 17114.83817225933 0 0 0
R 0 -0.01447949507668943 19.478627267934897 32271.124822559315 0.00006899916790919028 3.4704417734863916e-7 -1.6487058853491988e-9
R 0 0.01447 6.313854971166867 8504.459462948898 0 0 0
R 0 0.014409212727052135 13.953511263342415 5818.897169005708 0.000036116679987935985 1.051076060645474e-7 -5.042547097220283e-10
R 0 0.01439 22.223710588070958 17507.859141918285 0 0 0
R 0 -0.014200047626902556 35.117152671225355 54956.954307826105 -0.000013668352111521139 4.422518880449298e-7 -2.112527134066692e-9
R 0 0.014169558533350623 2.502381035578459 -17143.709459030215 -0.0006876902685476758 -9.369848570699668e-7 4.43735417909125e-9
R 0 0.01416 18.35355888253133 -14912.145511831444 0 0 0
R 0 0.01411 36.092071127402036 14916.74790549128 0 0 0
R 0 0.0139 19.571352922243022 9965.209654280636 0 0 0
R 0 0.013888986016538055 14.896891012027675 13728.836103142743 -0.00023701474279346773 -1.5591607984482677e-7 7.21790608435877e-10
R 0 0.01377 -80.52013772065297 -7214.056143601505 0 0 0
R 0 0.01377 -67.5789752066646 7214.06958973442 0 0 0
R 0 0.01375 7.4575809375704125 8251.139166008104 0 0 0
R 0 -0.013659249434815706 3.556577781287528 -9723.857124617807 0.00009301538323031334 4.11606815261996e-8 -1.9552535759147583e-10
R 0 0.01354 -28.93736869468503 -14994.07651133397 0 0 0
R 0 0.01339 -8.34375238002691 -15620.306554570967 0 0 0
R 0 0.01329 -4.192110500441576 588.4926836258514 0 0 0
R 0 0.01314 -0.4104394748689302 -8406.243687903005 0 0 0
R 0 0.01279 -9.991696044651885 -23296.107232126385 0 0 0
R 0 -0.012430067605841203 29.43133098570207 56071.58286811369 0.0003572858663620781 8.791271923663548e-7 -4.176475937286208e-9
R 0 0.01241 -1.4401950573387325 -6116.354986272067 0 0 0
R 0 0.01237 23.6464956758403 17900.880111577237 0 0 0
R 0 0.01224 14.74343574006004 8417.7089400828 0 0 0
R 0 0.01191 14.207419788664275 8258.801650554386 0 0 0
R 0 0.01179 -7.933614717721802 -14935.776618205162 0 0 0
R 0 0.01165 4.019849705367138 -7227.180778926145 0 0 0
R 0 0.0116 -0.8325262467426748 -15506.705877005743 0 0 0
R 0 0.011490054603247013 20.49646233713471 13870.811453192131 -0.0006133300309527762 -5.913660319437898e-7 2.7871938526987224e-9
R 0 0.01145 5.673951461152259 550.7553240147049 0 0 0
R 0 0.01143 -4.305564382738714 -14521.425739002409 0 0 0
R 1 0.51395 12.010854989057908 14914.452338455028 0 0 0
R 1 0.38245 9.65529909079211 6585.760911499474 0 0 0
R 1 0.32654 -0.8278847516790278 -7700.389471787066 0 0 0
R 1 0.26396 7.024819698442364 8956.993382124043 0 0 0
R 1 0.12302 4.669263800176565 628.301955168488 0 0 0
R 1 0.07754 15.06619728223145 16171.056248792005 0 0 0
R 1 0.06068 12.710641383965651 7842.364821836451 0 0 0
R 1 0.0497 12.053980169266032 14286.15038328654 0 0 0
R 1 0.04194 6.726137887614215 8399.679101980246 0 0 0
R 1 0.03222 14.366410887323706 23243.143765410583 0 0 0
R 1 0.02529 10.441335846116102 -1742.9305154560807 0 0 0
R 1 0.0249 9.698424271000231 5957.4589563309855 0 0 0
R 1 0.01764 -3.183440649944827 -16029.08089874262 0 0 0
R 1 0.01449 9.380375596708163 17285.684809079597 0 0 0
R 1 0.01356 15.109322462439575 15542.754293623517 0 0 0
R 1 0.01302 27.9741451027166 -8326.390230125637 0 0 0
R 1 0.01225 29.547873630748374 8330.992623785472 0 0 0
R 1 0.01186 12.667516203757526 8470.666777004937 0 0 0
R 1 0.01066 -0.8710099318871527 -7072.087516618579 0 0 0
R 1 0.00993 20.052232572846993 22128.51520512299 0 0 0
R 1 0.00658 17.421753180497248 24499.74767574756 0 0 0
R 1 0.00633 12.753766564173777 7214.062866667962 0 0 0
R 1 0.00587 6.98169451823424 9585.295337292531 0 0 0
R 1 0.00536 4.62613861996844 1256.603910336976 0 0 0
R 1 0.00476 17.69667667458119 13799.823778167436 0 0 0
R 1 0.00394 22.40778847111279 30457.206632078545 0 0 0
R 1 0.00364 19.932967184593945 -15540.453096793599 0 0 0
R 1 0.00364 37.58524149511392 15545.055490453435 0 0 0
R 1 0.00356 1.5707963267948966 0 0 0 0
R 1 0.00331 14.409536067531832 22614.841810242095 0 0 0
R 1 0.0031 12.097105349474157 13657.848428118054 0 0 0
R 1 0.00241 22.288935678694916 -7211.761669838044 0 0 0
R 1 0.00235 9.081693785880013 16728.3705289358 0 0 0
R 1 0.00226 35.22988788050843 7216.364063497882 0 0 0
R 1 0.00225 15.497707215600183 8311.770747063858 0 0 0
R 1 0.00214 7.512174642938208 70.98767502469127 0 0 0
R 1 0.00213 16.721966785589508 31571.83519236614 0 0 0
R 1 0.00178 -41.57743774886331 -8329.043742772355 0 0 0
R 1 0.00178 -33.72472980808341 8328.339111138755 0 0 0
R 1 0.00174 7.067944878650489 8328.691426955555 0 0 0
R 1 0.00173 10.484461026324226 -2371.232470624569 0 0 0
R 1 0.00165 11.896637175904765 -1952.4799778060496 0 0 0
R 1 0.00149 4.71238898038469 0 0 0 0
R 1 0.00146 23.10757486602054 23385.119115459966 0 0 0
R 1 0.0014 20.09535775305512 21500.213249954504 0 0 0
R 1 0.00134 -49.60707659716933 -15543.106609440318 0 0 0
R 1 0.00134 -25.671599177111393 15542.401977806716 0 0 0
R 1 0.00132 -28.02432083520488 7213.710550851163 0 0 0
R 1 0.00131 -47.2486911711202 -7214.415182484761 0 0 0
R 1 0.00126 9.953980901620259 7143.07519164327 0 0 0
R 1 0.00125 8.085779947850302 -10071.621942411633 0 0 0
R 1 0.0012 -2.5755059386311503 -8329.40278165561 0 0 0
R 1 0.0012 5.2771985114902416 8327.9800722555 0 0 0
R 2 0.00149 12.010854989057908 14914.452338455028 0 0 0
R 2 0.00111 9.65529909079211 6585.760911499474 0 0 0
R 2 0.00095 -0.8278847516790278 -7700.389471787066 0 0 0
R 2 0.00077 7.024819698442364 8956.993382124043 0 0 0
R 2 0.00036 4.669263800176565 628.301955168488 0 0 0
R 2 0.00023 15.06619728223145 16171.056248792005 0 0 0
R 2 0.00018 12.710641383965651 7842.364821836451 0 0 0
R 2 0.00014 12.053980169266032 14286.15038328654 0 0 0
R 2 0.00012 6.726137887614215 8399.679101980246 0 0 0
